ID_ORDER,ID_PRODUCT,ID_BUYER,ID_SELLER,ID_SELLER_COUNTRY,ID_BUYER_COUNTRY,DATE_PAYMENT,BRAND,CATEGORY,REVENUE
34033734,13681706,9666775,6723223,203,170,2021-01-07 00:09:24.000,Dsquared2,clothing,57.274560000000
33933770,13575555,8259842,9983902,222,222,2021-01-05 00:23:10.000,Eytys,shoes,168.739862400000
33415990,10239167,8541994,144764,141,204,2021-01-06 00:06:50.000,Dior,shoes,126.414000000000
33415990,10239167,8941774,144764,141,204,2021-01-06 00:06:50.000,Dior,shoes,126.414000000000
33415990,10239167,8541774,944764,141,204,2021-01-06 00:06:50.000,Dior,shoes,126.414000000000
33415990,10239167,8541554,177767,141,204,2021-01-06 00:06:50.000,Dior,shoes,126.414000000000
33415990,10239167,8541224,155765,141,204,2021-01-06 00:06:50.000,Dior,shoes,126.414000000000
34265913,13840038,10442152,11371626,175,175,2021-01-14 00:28:02.000,Chanel,accessories,112.059000000000
34090789,11553467,11375808,10402373,74,105,2021-01-08 00:20:07.000,SEIKO,accessories,170.982000000000
34194457,7906031,66433269,5738919,105,223,2021-01-05 00:12:59.000,Roberto Cavalli,jewellery,189.648523584127
34194457,7906031,11433019,5738989,105,223,2021-01-05 00:12:59.000,Roberto Cavalli,jewellery,189.648523584127
34213223,12580401,11046667,7771155,222,222,2021-01-06 00:04:25.000,Maison Martin Margiela,shoes,89.564150700000
34244018,13178426,7335847,9135153,105,74,2021-01-06 00:00:46.000,Bvlgari,bags,194.049000000000
34244018,13178426,7335847,9135153,105,74,2021-01-06 00:00:46.000,Bvlgari,bags,194.049000000000
34244018,13178426,1335841,9135153,105,74,2021-01-06 00:00:46.000,Bvlgari,bags,194.049000000000
34134903,13353879,6277988,11272282,84,74,2021-01-06 00:09:29.000,Tissot,accessories,76.500000000000
34146411,13594683,55303560,10482555,105,171,2021-01-06 00:08:56.000,Fendi,jewellery,172.458000000000
33949642,10353961,2492284,8257,74,74,2021-01-06 00:02:13.000,Francesco Smalto,clothing,80.433000000000
34172589,13518195,4268987,11327123,105,105,2021-01-07 00:03:15.000,Gucci,bags,121.368693009119
34172589,13518195,2268980,11027120,105,105,2021-01-07 00:03:15.000,Gucci,bags,121.368693009119
34172589,13518195,4268980,11327123,105,105,2021-01-07 00:03:15.000,Gucci,bags,121.368693009119
34172589,13518195,4268980,11327123,105,105,2021-01-07 00:03:15.000,Gucci,bags,121.368693009119
34172589,13518195,4968980,11322123,105,105,2021-01-07 00:03:15.000,Gucci,bags,121.368693009119
34172589,13518195,4268980,11327123,105,105,2021-01-07 00:03:15.000,Gucci,bags,121.368693009119
34077956,12585220,5544430,3987832,81,13,2021-01-07 00:29:35.000,Louis Vuitton,clothing,216.776580300000
34284720,11026745,3508687,8626380,123,204,2021-01-07 00:05:11.000,Prada,clothing,43.893000000000
34172589,12578852,4268980,7532625,195,105,2021-01-07 00:03:15.000,Gucci,bags,83.550911854103
34172589,12578852,4668980,9532625,195,105,2021-01-07 00:03:15.000,Gucci,bags,83.550911854103
34172589,12578852,8268980,9532625,195,105,2021-01-07 00:03:15.000,Gucci,bags,83.550911854103
34172589,12578852,4268980,9532625,195,105,2021-01-07 00:03:15.000,Gucci,bags,83.550911854103
34172589,12578852,4218980,9732627,195,105,2021-01-07 00:03:15.000,Gucci,bags,83.550911854103
34172589,12578852,4238980,7532625,195,105,2021-01-07 00:03:15.000,Gucci,bags,83.550911854103
34217114,13697996,3021881,11013014,105,195,2021-01-08 00:00:02.000,Yves Saint Laurent,bags,43.029000000000
34325562,12097239,5581010,13140,105,105,2021-01-08 00:21:25.000,Prada,clothing,42.300000000000
34325562,12097239,5584444,13180,105,105,2021-01-08 00:21:25.000,Prada,clothing,42.300000000000
34325562,12097239,5584040,93990,105,105,2021-01-08 00:21:25.000,Prada,clothing,42.300000000000
34325562,12097239,5584040,13190,105,105,2021-01-08 00:21:25.000,Prada,clothing,42.300000000000
34325562,12097239,5589090,13190,105,105,2021-01-08 00:21:25.000,Prada,clothing,42.300000000000
34325562,12097239,5584040,13190,105,105,2021-01-08 00:21:25.000,Prada,clothing,42.300000000000
34325562,12097239,5584040,13190,105,105,2021-01-08 00:21:25.000,Prada,clothing,42.300000000000
34325562,12097239,5584040,13190,105,105,2021-01-08 00:21:25.000,Prada,clothing,42.300000000000
34325562,12097239,4484040,13170,105,105,2021-01-08 00:21:25.000,Prada,clothing,42.300000000000
34325562,12097239,5584040,13190,105,105,2021-01-08 00:21:25.000,Prada,clothing,42.300000000000
34434108,13443640,11186110,8457165,105,105,2021-01-13 00:10:33.000,Saint Laurent,bags,1417.482000000000
33564576,13765824,10797381,10465333,195,74,2021-01-13 00:11:02.000,Carolina Herrera,clothing,108.000000000000
34575683,12472808,11524506,7959935,13,13,2021-01-14 00:10:18.000,Hermès,clothing,62.737641900000
34544944,12542242,6345544,9937313,14,74,2021-01-13 00:07:13.000,See by Chloé,bags,64.800000000000
34524803,13728535,10300090,1760381,223,171,2021-01-13 00:20:39.000,Gucci,bags,2004.042246300000
33958558,13653396,6418178,11226667,105,195,2021-01-04 00:50:40.000,Louis Vuitton,bags,466.515000000000
34568343,13661106,33522734,3022988,74,74,2021-01-14 00:26:53.000,Hermès,accessories,968.373000000000
33693257,11752690,8017775,1205720,21,74,2021-01-03 00:21:21.000,Moschino Love,bags,22.401000000000
34175551,13590309,11428570,5514004,123,81,2021-01-04 00:26:11.000,Acne Studios,clothing,180.000000000000
34463955,13529349,5436265,11369949,105,74,2021-01-11 00:00:15.000,Gucci,bags,633.288977100000
33586843,13437371,8115507,7748276,222,222,2021-01-02 00:12:34.000,Bottega Veneta,bags,1011.827241900000
33812470,13605930,9219852,10403722,74,222,2021-01-05 00:33:38.000,Vivienne Westwood,jewellery,160.257811500000
33957702,13642453,8376857,10543600,105,74,2021-01-04 00:22:21.000,Gucci,shoes,193.948158253752
33957702,13642453,8376857,10543600,105,74,2021-01-04 00:22:21.000,Gucci,shoes,193.948158253752
33957702,13642453,8376857,10543600,105,74,2021-01-04 00:22:21.000,Gucci,shoes,193.948158253752
33957702,13642453,8376857,10543600,105,74,2021-01-04 00:22:21.000,Gucci,shoes,193.948158253752
33957702,13642453,8376857,10343600,105,74,2021-01-04 00:22:21.000,Gucci,shoes,193.948158253752
33957702,13642453,8376857,10543600,105,74,2021-01-04 00:22:21.000,Gucci,shoes,193.948158253752
33957702,13642453,2376257,10543600,105,74,2021-01-04 00:22:21.000,Gucci,shoes,193.948158253752
33957702,13642453,8346854,10543600,105,74,2021-01-04 00:22:21.000,Gucci,shoes,193.948158253752
34473883,13696174,9514293,3503533,81,105,2021-01-13 00:23:07.000,Acne Studios,bags,321.201000000000
34473883,13696174,6514263,3503533,81,105,2021-01-13 00:23:07.000,Acne Studios,bags,321.201000000000
34246802,13328370,9539496,7140010,105,81,2021-01-06 00:13:09.000,Woolrich,clothing,172.962000000000
33384310,13192694,8241757,9838788,105,74,2021-01-05 00:00:18.000,Louis Vuitton,bags,65.601000000000
33832397,12114400,6172571,9699575,105,203,2021-01-06 00:17:28.000,Converse,shoes,41.512500000000
34217228,13691249,80497963,5144323,105,81,2021-01-06 00:00:07.000,Elisabetta Franchi,clothing,117.000000000000
33811254,12906653,7444847,6300136,74,81,2021-01-06 00:05:36.000,Comme Des Garcons,clothing,55.728000000000
34189491,13049143,11108833,6194030,81,203,2021-01-06 00:12:55.000,Acne Studios,clothing,39.667500000000
33426267,13769962,8836874,0880002,74,74,2021-01-11 00:00:05.000,Sergio Rossi,shoes,67.410000000000
32836972,11802424,11131366,10524039,74,74,2021-01-07 00:02:03.000,Alexander McQueen,shoes,270.000000000000
33479747,13687020,7339755,11819856,105,222,2021-01-06 00:00:21.000,Elisabetta Franchi,clothing,120.798911700000
34500281,12971507,1130621,10737551,74,74,2021-01-15 00:16:21.000,Lanvin,clothing,203.058000000000
33801728,13377460,608219,10669974,195,74,2021-01-09 00:20:04.000,Hogan,shoes,117.000000000000
33984638,13620195,10000090,314395,74,103,2021-01-06 00:08:08.000,Sézane,clothing,36.000000000000
34255689,13445849,6155919,3865775,105,222,2021-01-06 00:07:59.000,Prada,clothing,750.867405300000
34476165,8749180,10912761,7922042,96,21,2021-01-12 00:08:46.000,Kris Van Assche,clothing,110.928977115005
34476165,8749180,10916761,7982648,96,21,2021-01-12 00:08:46.000,Kris Van Assche,clothing,110.928977115005
34476165,8749180,10915761,7982048,96,21,2021-01-12 00:08:46.000,Kris Van Assche,clothing,110.928977115005
34476165,8749180,10912761,7982048,96,21,2021-01-12 00:08:46.000,Kris Van Assche,clothing,110.928977115005
33804739,13288636,908880,8024548,74,195,2021-01-02 00:17:34.000,Dior,clothing,786.006000000000
34108802,13304304,7759742,6264727,195,74,2021-01-02 00:36:10.000,Ermenegildo Zegna,clothing,81.000000000000
34038997,13588883,1165251,11392086,74,81,2021-01-02 00:13:29.000,Dior,clothing,1275.624000000000
33833251,6929387,2631108,7983449,105,103,2021-01-01 00:33:47.000,Steve Madden,shoes,65.220275700000
33501632,11947930,2554843,9517315,33,105,2021-01-01 00:36:11.000,Dsquared2,clothing,71.100000000000
33501632,11947930,2557873,9517315,33,105,2021-01-01 00:36:11.000,Dsquared2,clothing,71.100000000000
33501632,11947930,2557873,9417314,33,105,2021-01-01 00:36:11.000,Dsquared2,clothing,71.100000000000
33501632,11947930,2557873,9517315,33,105,2021-01-01 00:36:11.000,Dsquared2,clothing,71.100000000000
33501632,11947930,2557873,9516315,33,105,2021-01-01 00:36:11.000,Dsquared2,clothing,71.100000000000
33501632,11947930,2557873,9517315,33,105,2021-01-01 00:36:11.000,Dsquared2,clothing,71.100000000000
33501632,11947930,3557873,9517315,33,105,2021-01-01 00:36:11.000,Dsquared2,clothing,71.100000000000
34104537,10803917,8555228,4298381,105,203,2021-01-02 00:28:38.000,Genny,clothing,16.073010000000
31957090,12970197,476759,8892897,222,222,2021-01-11 00:20:39.000,Bottega Veneta,shoes,639.289710000000
33867256,12048518,0153903,1571041,105,223,2021-01-06 00:00:06.000,Chanel,clothing,193.107123900000
31578273,13610450,3420760,11020988,33,222,2021-01-06 00:10:09.000,Non Signé / Unsigned,clothing,60.953391900000
31578273,13610450,3420760,11020988,33,222,2021-01-06 00:10:09.000,Non Signé / Unsigned,clothing,60.953391900000
33028884,13671531,659955,128207,74,105,2021-01-06 00:07:08.000,Sandro,clothing,50.391000000000
33927590,13665044,9649879,7576234,74,171,2021-01-05 00:37:49.000,Longchamp,bags,38.133000000000
34111566,12107263,11277779,1811178,33,105,2021-01-06 00:11:57.000,Moschino,accessories,36.000000000000
34248364,10946930,7533417,3949292,84,38,2021-01-06 00:16:58.000,Prada,shoes,97.527464100000
33485665,12841457,8253227,80983388,105,105,2021-01-05 00:39:29.000,Moon Boot,shoes,31.500000000000
34251473,12677401,5637716,5600973,105,105,2021-01-06 00:01:41.000,Non Signé / Unsigned,shoes,32.400000000000
33745565,13690198,8569445,6342902,105,105,2021-01-06 00:05:37.000,Brunello Cucinelli,clothing,490.482000000000
33176031,13388144,11208088,10830000,55,81,2021-01-01 00:11:34.000,Dior,jewellery,51.219000000000
33944769,13276108,11022772,10245063,105,223,2021-01-01 00:22:37.000,Eytys,shoes,159.480300413179
33944769,13276108,11022772,10245063,105,223,2021-01-01 00:22:37.000,Eytys,shoes,159.480300413179
33944769,13276108,11022772,18245863,105,223,2021-01-01 00:22:37.000,Eytys,shoes,159.480300413179
33944769,13276108,11000770,13245363,105,223,2021-01-01 00:22:37.000,Eytys,shoes,159.480300413179
33944769,13276108,11099779,00245063,105,223,2021-01-01 00:22:37.000,Eytys,shoes,159.480300413179
33944769,13276108,11022772,50245063,105,223,2021-01-01 00:22:37.000,Eytys,shoes,159.480300413179
33589975,10262889,11210862,8078031,105,195,2021-01-01 00:34:40.000,Jil Sander,clothing,68.229000000000
33103568,10680938,3264848,6856832,103,222,2021-01-01 00:18:52.000,Gucci,shoes,62.088018300000
33361473,13340415,11253355,11268547,105,105,2021-01-02 00:02:46.000,BORBONESE,bags,18.000000000000
33408593,12806418,8613131,8643800,81,105,2021-01-15 00:08:58.000,Max & Co,shoes,63.000000000000
34135415,12836580,11189515,0252275,74,206,2021-01-15 00:19:42.000,Celine,shoes,149.082217200000
34218547,13611251,77439737,8724211,222,222,2021-01-05 00:35:22.000,Burberry,accessories,110.342228249219
34218547,13611251,11439131,8724211,222,222,2021-01-05 00:35:22.000,Burberry,accessories,110.342228249219
34255166,12965960,607175,1723082,81,222,2021-01-07 00:09:39.000,Dolce & Gabbana,bags,164.505538800000
34296262,13697582,11657076,00450752,105,195,2021-01-11 00:30:22.000,Prada,bags,182.745000000000
33443943,11891110,9763210,2800430,81,153,2021-01-11 00:17:06.000,Ami,clothing,48.438675000000
33443943,11891110,9763910,2800160,81,153,2021-01-11 00:17:06.000,Ami,clothing,48.438675000000
33723881,13674288,11196271,3129954,74,223,2021-01-11 00:16:59.000,Camper,shoes,203.265957600000
33434018,11304573,1001095,7728767,222,222,2021-01-12 00:05:25.000,Prada,clothing,160.811321400000
33434018,11304573,1441495,5728565,222,222,2021-01-12 00:05:25.000,Prada,clothing,160.811321400000
33434018,11304573,1441495,5328565,222,222,2021-01-12 00:05:25.000,Prada,clothing,160.811321400000
34229952,13739509,9134330,9372906,222,222,2021-01-12 00:12:11.000,Dries Van Noten,bags,139.844617200000
34456549,9891862,1301709,9528241,74,105,2021-01-11 00:13:22.000,Vans,shoes,14.400000000000
34061295,10129319,1945990,7538055,81,105,2021-01-06 00:19:16.000,Gucci,clothing,178.200000000000
33893069,13598496,7329092,78600,74,74,2021-01-05 00:33:32.000,Lalique,design & decoration,107.001000000000
34133629,11881154,10380845,2221786,222,103,2021-01-05 00:10:00.000,Non Signé / Unsigned,jewellery,34.935324300000
34049672,8766676,9382860,0249527,81,203,2021-01-15 00:14:07.000,Marni,clothing,199.290416400000
34280382,13100747,9175815,10742949,223,223,2021-01-15 00:15:00.000,Louis Vuitton,accessories,40.076276412864
34280382,13100747,9175815,10742949,223,223,2021-01-15 00:15:00.000,Louis Vuitton,accessories,40.076276412864
33545594,13682244,2640639,2471872,222,222,2021-01-06 00:18:27.000,Vivienne Westwood,clothing,60.810840000000
31578273,13521784,3220760,9647616,105,222,2021-01-06 00:10:09.000,Prada,shoes,158.252481900000
31578273,13521784,3420760,9247212,105,222,2021-01-06 00:10:09.000,Prada,shoes,158.252481900000
33809686,13053864,40369946,10299506,74,222,2021-01-05 00:26:28.000,Gucci,bags,201.299514300000
34171455,13609895,454447,40002875,105,74,2021-01-07 00:16:22.000,Miu Miu,clothing,76.410000000000
34171455,13609895,451417,00002875,105,74,2021-01-07 00:16:22.000,Miu Miu,clothing,76.410000000000
34171455,13609895,481417,16662875,105,74,2021-01-07 00:16:22.000,Miu Miu,clothing,76.410000000000
33922225,13297658,2214502,11019461,74,81,2021-01-08 00:13:44.000,Loro Piana,clothing,1512.189000000000
34106322,12708141,2987596,9746752,188,223,2021-01-03 00:28:14.000,Chanel,bags,2959.389977400000
32859263,12480666,9803252,9846717,223,223,2021-01-03 00:28:16.000,Balenciaga,accessories,44.226000000000
34148742,13431946,11422050,11234288,105,170,2021-01-03 00:26:02.000,Gucci,shoes,276.289192800000
34186867,12175990,401404,8840292,81,13,2021-01-04 00:22:16.000,Polo Ralph Lauren,clothing,187.803150300000
33965707,13208161,7363468,10574579,74,74,2021-01-03 00:10:36.000,Nina Ricci,clothing,189.549000000000
34219486,10160186,281648,6331171,203,103,2021-01-05 00:38:35.000,Valentino Garavani,clothing,100.929441273957
34219486,10160186,281648,6331171,203,103,2021-01-05 00:38:35.000,Valentino Garavani,clothing,100.929441273957
34348206,11515085,1661300,10386329,74,222,2021-01-08 00:04:46.000,JONAK,shoes,66.753731700000
33415990,4825383,8541774,318303,74,204,2021-01-06 00:06:50.000,Jean Paul Gaultier,clothing,91.206000000000
33415990,4825383,2541774,338303,74,204,2021-01-06 00:06:50.000,Jean Paul Gaultier,clothing,91.206000000000
33415990,4825383,8541994,318303,74,204,2021-01-06 00:06:50.000,Jean Paul Gaultier,clothing,91.206000000000
33415990,4825383,8141774,318303,74,204,2021-01-06 00:06:50.000,Jean Paul Gaultier,clothing,91.206000000000
33415990,4825383,8541774,318303,74,204,2021-01-06 00:06:50.000,Jean Paul Gaultier,clothing,91.206000000000
34397132,12753480,4635232,9867524,74,14,2021-01-10 00:07:25.000,Fendi,clothing,72.387000000000
34081257,11584015,9058300,1727689,105,105,2021-01-01 00:26:38.000,Dolce & Gabbana,clothing,36.000000000000
29277765,12192999,10037396,4666179,203,223,2021-01-01 00:15:06.000,Dior,bags,330.263820000000
33795823,13465045,9398887,4983724,105,81,2021-01-02 00:35:46.000,Fauré Le Page,accessories,62.928000000000
33330809,12552905,5811097,10757533,105,14,2021-01-09 00:03:19.000,Stella McCartney,bags,236.421000000000
33894558,8967536,3903892,4031132,105,223,2021-01-10 00:01:03.000,Marni,clothing,174.591987300000
34391881,12991036,00480330,974821,21,223,2021-01-10 00:22:09.000,Anine Bing,shoes,165.388769100000
32975954,12955855,5205666,8935304,105,81,2021-01-09 00:18:25.000,Balenciaga,jewellery,162.000000000000
32975954,12955855,5205666,9935304,105,81,2021-01-09 00:18:25.000,Balenciaga,jewellery,162.000000000000
32975954,12955855,5205666,0935304,105,81,2021-01-09 00:18:25.000,Balenciaga,jewellery,162.000000000000
32975954,12955855,5205999,8935309,105,81,2021-01-09 00:18:25.000,Balenciaga,jewellery,162.000000000000
32975954,12955855,5205666,3935304,105,81,2021-01-09 00:18:25.000,Balenciaga,jewellery,162.000000000000
34423858,13744702,10081701,603022,74,56,2021-01-10 00:05:21.000,Balmain,clothing,171.000000000000
34344609,13507418,10010412,33039386,74,223,2021-01-09 00:16:37.000,Moncler,clothing,375.785008200000
34286360,13748746,137533,10419185,103,74,2021-01-09 00:09:53.000,The Kooples,clothing,99.000000000000
34503768,13745782,8090861,8938079,107,195,2021-01-12 00:01:29.000,Tiffany & Co,jewellery,405.248599800000
34188233,12043924,8656257,5691173,74,74,2021-01-12 00:33:24.000,Lacoste,clothing,31.500000000000
34470665,13795522,11500270,2507881,223,223,2021-01-12 00:21:29.000,Gucci,bags,205.314799500000
33591451,13652916,2156077,11426982,105,74,2021-01-11 00:10:23.000,Gucci,accessories,22.500000000000
33443943,12005097,9766210,8795557,105,153,2021-01-11 00:17:06.000,Burberry,clothing,74.185605000000
33443943,12005097,9063210,8195551,105,153,2021-01-11 00:17:06.000,Burberry,clothing,74.185605000000
33910107,13515958,11348911,9294896,195,223,2021-01-11 00:17:08.000,Louis Vuitton,shoes,115.628457600000
33531467,11941038,10044052,8245367,81,74,2021-01-11 00:19:02.000,Fendi,jewellery,99.000000000000
33356630,13354141,3821983,5946419,222,222,2021-01-11 00:20:04.000,Michael Kors,bags,49.944474900000
34408816,13196689,7305939,1506812,105,223,2021-01-15 00:04:58.000,Fendi,bags,185.831053200000
34275580,13326143,6660691,408101,74,206,2021-01-15 00:38:11.000,Christian Lacroix,jewellery,107.528047200000
34029585,13368238,7964,9741139,33,74,2021-01-05 00:26:45.000,Dsquared2,clothing,43.200000000000
34029585,13368238,8964,9741139,33,74,2021-01-05 00:26:45.000,Dsquared2,clothing,43.200000000000
34244018,13235005,7335887,10834677,74,74,2021-01-06 00:00:46.000,Gucci,accessories,189.549000000000
34244018,13235005,7335847,10834677,74,74,2021-01-06 00:00:46.000,Gucci,accessories,189.549000000000
34244018,13235005,7335847,30834677,74,74,2021-01-06 00:00:46.000,Gucci,accessories,189.549000000000
34172200,13672512,7137233,3816345,222,222,2021-01-10 00:19:06.000,Haider Ackermann,clothing,412.875000000000
33814299,13700639,10064014,10888087,222,222,2021-01-09 00:20:54.000,Reformation,clothing,19.867549500000
33814299,13700639,10074014,10888087,222,222,2021-01-09 00:20:54.000,Reformation,clothing,19.867549500000
33814299,13700639,10074014,10888087,222,222,2021-01-09 00:20:54.000,Reformation,clothing,19.867549500000
33814299,13700639,10074014,10888087,222,222,2021-01-09 00:20:54.000,Reformation,clothing,19.867549500000
33814299,13700639,10074014,10888087,222,222,2021-01-09 00:20:54.000,Reformation,clothing,19.867549500000
33814299,13700639,10074014,10888087,222,222,2021-01-09 00:20:54.000,Reformation,clothing,19.867549500000
33814299,13700639,10074014,10888087,222,222,2021-01-09 00:20:54.000,Reformation,clothing,19.867549500000
34379764,13566550,10646351,683636,222,222,2021-01-10 00:16:07.000,Issey Miyake,clothing,87.610590000000
34122648,13103715,9594357,3937278,195,57,2021-01-09 00:24:50.000,Prada,clothing,63.652500000000
34386221,10019052,11478673,6267742,57,74,2021-01-09 00:20:19.000,Ganni,bags,116.344763657307
34386221,10019052,11478673,6265542,57,74,2021-01-09 00:20:19.000,Ganni,bags,116.344763657307
34308803,13614136,11459850,4832383,222,222,2021-01-10 00:18:36.000,Moncler,clothing,129.424775400000
34031899,13611162,324283,9721623,222,222,2021-01-10 00:09:53.000,Vivienne Westwood,jewellery,301.360380300000
34258297,13668039,7997497,10799442,105,223,2021-01-10 00:18:18.000,Yves Saint Laurent,clothing,100.791987300000
34424313,13756361,5855365,9912089,105,223,2021-01-10 00:18:14.000,Golden Goose,shoes,143.383857300000
34405113,13749073,6866466,9912089,105,223,2021-01-10 00:17:40.000,Golden Goose,shoes,143.383857300000
34376295,13707935,10997331,5149437,223,104,2021-01-12 00:01:42.000,Stella McCartney,shoes,190.219015800000
34365342,13634865,11474759,10945422,105,105,2021-01-12 00:37:40.000,Gucci,bags,151.200000000000
34361533,8760608,512336,1661274,74,74,2021-01-12 00:01:22.000,Louis Vuitton,bags,1730.430000000000
33038364,13745187,3549664,1925759,105,223,2021-01-12 00:06:20.000,Gucci,jewellery,121.783285800000
34226327,13620753,8334888,2781573,105,74,2021-01-05 00:01:39.000,Loro Piana,clothing,200.700000000000
34186853,13568059,5243959,3186569,105,105,2021-01-06 00:04:27.000,Ai Riders On The Storm,boys,67.500000000000
34137334,12872835,11095710,9110521,107,223,2021-01-06 00:00:27.000,Dior,jewellery,230.997528900000
34137334,12872835,11095610,9160546,107,223,2021-01-06 00:00:27.000,Dior,jewellery,230.997528900000
34270877,10013718,11450520,9615215,175,84,2021-01-06 00:03:25.000,Sergio Tacchini,shoes,25.677000000000
33685605,9979362,11083026,6833610,105,171,2021-01-05 00:07:44.000,Adidas,shoes,49.500000000000
33610506,12387145,11308252,9922419,195,105,2021-01-05 00:07:06.000,Gianni Versace,clothing,63.000000000000
34219734,12537024,6292223,10006629,105,81,2021-01-05 00:10:08.000,Autre Marque,accessories,64.719000000000
34264005,13440739,1912530,7770963,81,150,2021-01-06 00:00:02.000,Self Portrait,clothing,85.500000000000
34264005,13440739,1913630,7110964,81,150,2021-01-06 00:00:02.000,Self Portrait,clothing,85.500000000000
34108778,13604784,15557264,10322291,223,223,2021-01-03 00:24:50.000,Givenchy,clothing,196.422574500000
33974859,13338162,2352532,83121,222,105,2021-01-01 00:37:19.000,Lizzie Fortunato,jewellery,56.322000000000
33952954,12496297,3494448,9912861,105,105,2021-01-01 00:06:09.000,Miu Miu,shoes,31.500000000000
33987352,10620832,10241042,9913790,74,72,2021-01-02 00:20:49.000,Courrèges,clothing,54.000000000000
33926377,12987164,6467412,2819472,105,74,2021-01-01 00:34:40.000,Alaïa,shoes,171.000000000000
33940461,6406331,8489817,7313231,150,223,2021-01-02 00:00:43.000,Yves Saint Laurent,bags,529.089328800000
33940461,6406331,8489817,7313231,150,223,2021-01-02 00:00:43.000,Yves Saint Laurent,bags,529.089328800000
34621173,13826944,11536060,8266292,222,222,2021-01-15 00:36:41.000,Vivienne Westwood,jewellery,180.200222100000
34610972,8030711,1342073,6606653,170,81,2021-01-15 00:00:10.000,Chanel,bags,1332.189000000000
33681800,13864138,5070854,10965622,105,74,2021-01-15 00:18:43.000,Tom Ford,accessories,112.401000000000
33681800,13864138,5070851,10961622,105,74,2021-01-15 00:18:43.000,Tom Ford,accessories,112.401000000000
33859994,10401827,8743458,393126,74,223,2021-01-15 00:29:05.000,Faith Connexion,clothing,92.871673200000
33931270,13436065,2765349,11048631,105,81,2021-01-05 00:04:19.000,Moncler,accessories,130.500000000000
34345691,13647000,10983859,10128562,105,56,2021-01-09 00:13:04.000,Pinko,bags,108.000000000000
34345691,13647000,10983859,10121562,105,56,2021-01-09 00:13:04.000,Pinko,bags,108.000000000000
34345691,13647000,10933359,10128562,105,56,2021-01-09 00:13:04.000,Pinko,bags,108.000000000000
34345691,13647000,10983859,10128562,105,56,2021-01-09 00:13:04.000,Pinko,bags,108.000000000000
34345691,13647000,20983859,10128552,105,56,2021-01-09 00:13:04.000,Pinko,bags,108.000000000000
33453853,11817242,6040645,90027939,171,175,2021-01-10 00:29:47.000,Daily paper,clothing,64.575000000000
34229797,10556537,8959807,9600659,105,105,2021-01-09 00:00:29.000,American Vintage,clothing,58.500000000000
34310479,11408355,5489998,8562267,74,105,2021-01-09 00:14:45.000,Jean-Louis Scherrer,accessories,22.500000000000
33460890,9150694,10380624,9200903,223,223,2021-01-10 00:13:59.000,Jimmy Choo,shoes,110.024460000000
34280017,13742823,7543550,10273334,195,150,2021-01-10 00:05:29.000,Nike,shoes,85.500000000000
34378805,13733282,9577673,40729429,105,57,2021-01-11 00:16:49.000,Versus,accessories,42.960900600000
34238862,13241750,11444334,9743535,81,105,2021-01-11 00:25:19.000,Kurt Geiger,accessories,23.489938173771
34238862,13241750,11444337,9043535,81,105,2021-01-11 00:25:19.000,Kurt Geiger,accessories,23.489938173771
34238862,13241750,33444337,9743030,81,105,2021-01-11 00:25:19.000,Kurt Geiger,accessories,23.489938173771
34238862,13241750,11444337,9743535,81,105,2021-01-11 00:25:19.000,Kurt Geiger,accessories,23.489938173771
34247064,13802035,7422482,1032911,105,21,2021-01-12 00:04:40.000,Nanushka,clothing,171.000000000000
34200963,13360207,6004199,1453380,222,222,2021-01-12 00:00:43.000,Gucci,clothing,564.572739600000
34200963,13360207,6204699,1453380,222,222,2021-01-12 00:00:43.000,Gucci,clothing,564.572739600000
34504781,13041626,6204399,2053884,222,222,2021-01-12 00:06:54.000,Gucci,clothing,294.672600000000
33799466,13798066,619955,6557404,105,81,2021-01-12 00:02:05.000,Moncler,clothing,181.962000000000
33777305,12322306,9429625,9544952,105,84,2021-01-06 00:09:32.000,Gucci,bags,153.000000000000
34255944,4083734,7797238,445440,74,105,2021-01-06 00:13:36.000,Prada,clothing,40.685294117647
34255944,4083734,6697238,005000,74,105,2021-01-06 00:13:36.000,Prada,clothing,40.685294117647
33877283,12698836,9305452,6178311,170,103,2021-01-06 00:02:20.000,Non Signé / Unsigned,clothing,103.500000000000
33877283,12698836,9305452,6178311,170,103,2021-01-06 00:02:20.000,Non Signé / Unsigned,clothing,103.500000000000
34053478,13436170,4283343,8145519,222,74,2021-01-10 00:22:39.000,Non Signé / Unsigned,shoes,42.843544200000
34053478,13436170,4283343,8345539,222,74,2021-01-10 00:22:39.000,Non Signé / Unsigned,shoes,42.843544200000
34053478,13436170,4283343,8145519,222,74,2021-01-10 00:22:39.000,Non Signé / Unsigned,shoes,42.843544200000
34067908,6964153,11213853,8060379,53,105,2021-01-02 00:03:19.000,Polo Ralph Lauren,clothing,44.250019200000
34067908,6964153,11213853,8062378,53,105,2021-01-02 00:03:19.000,Polo Ralph Lauren,clothing,44.250019200000
34067908,6964153,99293853,8662379,53,105,2021-01-02 00:03:19.000,Polo Ralph Lauren,clothing,44.250019200000
34067908,6964153,11213853,8062379,53,105,2021-01-02 00:03:19.000,Polo Ralph Lauren,clothing,44.250019200000
33308492,10082103,4528886,2021102,222,222,2021-01-02 00:16:57.000,Roland Mouret,clothing,38.242497600000
33793813,13569911,11054691,7740328,222,222,2021-01-01 00:06:28.000,Moncler,clothing,70.245599400000
33476031,13385105,3088000,1531217,222,74,2021-01-02 00:07:25.000,Officine Generale,clothing,37.305000000000
34174138,9269599,9331675,8335039,105,21,2021-01-15 00:25:59.000,Prada,shoes,57.272727272728
34174138,9269599,9331685,9335039,105,21,2021-01-15 00:25:59.000,Prada,shoes,57.272727272728
34174138,9269599,9331675,8335039,105,21,2021-01-15 00:25:59.000,Prada,shoes,57.272727272728
34620315,13827655,11595861,11290025,74,74,2021-01-15 00:05:02.000,Maje,clothing,170.793000000000
34288891,13595547,11260365,10921057,96,223,2021-01-10 00:18:10.000,Alexander McQueen,jewellery,93.887878500000
34047344,13593514,10857851,9331015,105,21,2021-01-09 00:19:46.000,Gucci,shoes,121.500000000000
34248201,13196507,11442642,8674655,105,74,2021-01-10 00:09:12.000,Zara,clothing,22.500000000000
31618258,8446072,6013241,6284446,105,222,2021-01-09 00:07:39.000,Etro,clothing,84.017512800000
34387047,11430212,9898622,5488631,74,81,2021-01-09 00:27:24.000,Supreme,bags,88.293323700000
29418941,13426568,8017064,9108174,105,203,2021-01-05 00:40:48.000,Bottega Veneta,bags,893.875448700000
34223340,13010141,1581405,11130065,223,223,2021-01-07 00:16:51.000,AMINA MUADDI,shoes,1128.475106100000
33413253,13781564,3675488,4264986,105,123,2021-01-11 00:05:58.000,Marni,accessories,28.800000000000
34019778,11876038,11094444,4345444,57,81,2021-01-09 00:24:25.000,Gucci,accessories,117.808139700000
34071810,10827102,7067766,1234502,74,105,2021-01-01 00:33:23.000,Gucci,bags,1228.482000000000
34264928,5388543,11316581,6388846,105,138,2021-01-07 00:23:50.000,Shourouk,jewellery,441.570219300000
34310510,13459021,11460237,46027,81,57,2021-01-07 00:17:11.000,Marni,bags,874.088710200000
33516232,13538582,11261103,11331241,223,223,2021-01-07 00:12:50.000,Zadig & Voltaire,clothing,33.795900000000
33395574,13056154,2410912,162993,74,223,2021-01-08 00:23:34.000,Prada,shoes,221.637805200000
34107711,12840759,11411306,2845,74,103,2021-01-08 00:10:23.000,Givenchy,jewellery,74.160000000000
34118639,13298236,9220904,9764098,105,38,2021-01-08 00:16:33.000,Brunello Cucinelli,clothing,329.870869200000
33977990,13483130,4492828,9792184,84,105,2021-01-07 00:05:45.000,Calvin Klein,clothing,26.100000000000
34256947,13309010,8883483,7801920,195,195,2021-01-07 00:10:54.000,Gucci,shoes,234.000000000000
33966780,12476603,11352657,7070898,105,81,2021-01-03 00:31:17.000,Non Signé / Unsigned,clothing,40.500000000000
33569730,13820786,10600563,11341582,171,74,2021-01-13 00:01:04.000,Elena Miro,clothing,45.000000000000
34156677,10713230,6512443,9951422,105,13,2021-01-13 00:30:43.000,Tod's,shoes,76.546108800000
34536835,12464697,1733923,9019228,57,57,2021-01-13 00:41:19.000,Norse Projects,clothing,24.200054100000
34536835,12464697,1763926,5029228,57,57,2021-01-13 00:41:19.000,Norse Projects,clothing,24.200054100000
34536203,13824924,8623868,3653659,81,171,2021-01-13 00:04:48.000,Gucci,bags,795.600000000000
34191926,11353763,10570164,1569032,222,222,2021-01-04 00:44:51.000,Tod's,shoes,66.760135200000
34117715,12347005,4882200,4204219,223,223,2021-01-03 00:05:03.000,Gucci,shoes,228.501270000000
34102747,12433868,11357835,7287502,223,223,2021-01-04 00:49:36.000,Alexander McQueen,clothing,164.194398900000
34149381,13601574,10962083,3608190,222,222,2021-01-03 00:05:02.000,Asos,clothing,41.694289200000
33572548,13192762,1379027,10799063,105,105,2021-01-04 00:06:12.000,Moncler,girls,36.000000000000
33826715,13256733,1617103,9668317,105,105,2021-01-04 00:35:47.000,La Perla,clothing,58.500000000000
33826715,13256733,1617103,9668317,105,105,2021-01-04 00:35:47.000,La Perla,clothing,58.500000000000
33826715,13256733,1617103,9668317,105,105,2021-01-04 00:35:47.000,La Perla,clothing,58.500000000000
33330901,12502885,5695,304583,222,74,2021-01-04 00:29:54.000,Non Signé / Unsigned,clothing,108.724311000000
33369511,13173648,3205161,9200805,96,21,2021-01-04 00:21:49.000,Issey Miyake,clothing,207.450000000000
34584879,12324454,8098486,10637851,223,223,2021-01-14 00:30:43.000,The North Face,clothing,37.006578900000
33997798,13405280,4964282,376277,222,222,2021-01-14 00:25:56.000,Chanel,shoes,229.244715900000
34576752,10639377,3054932,1839441,105,72,2021-01-14 00:19:04.000,Non Signé / Unsigned,jewellery,24.300000000000
34576752,10639377,3080932,1855441,105,72,2021-01-14 00:19:04.000,Non Signé / Unsigned,jewellery,24.300000000000
34576752,10639377,3084932,1899441,105,72,2021-01-14 00:19:04.000,Non Signé / Unsigned,jewellery,24.300000000000
34542622,13810037,921220,9852580,105,171,2021-01-14 00:38:43.000,Loewe,accessories,126.000000000000
34310910,13755136,9024754,10401331,105,74,2021-01-13 00:11:07.000,J.W. Anderson,clothing,43.200000000000
34266787,13032013,5644751,6645074,105,105,2021-01-08 00:13:10.000,Miu Miu,shoes,153.000000000000
34246671,10927832,6157112,4942412,105,105,2021-01-07 00:04:45.000,Zara,shoes,19.800000000000
34214845,13666949,9936401,5444087,222,222,2021-01-07 00:24:46.000,Zimmermann,clothing,255.637848600000
34214845,13666949,9976401,5000027,222,222,2021-01-07 00:24:46.000,Zimmermann,clothing,255.637848600000
34214845,13671155,9936461,2444027,222,222,2021-01-07 00:24:46.000,Miu Miu,clothing,262.833917400000
34214845,13671155,9936401,5444027,222,222,2021-01-07 00:24:46.000,Miu Miu,clothing,262.833917400000
34299897,13647383,3039025,5828680,74,84,2021-01-08 00:28:43.000,Emporio Armani,clothing,25.200000000000
33651831,13384712,2171741,9941362,81,222,2021-01-08 00:15:11.000,Chanel,jewellery,1438.834924800000
34325562,13113499,5584040,8887624,74,105,2021-01-08 00:21:25.000,Louis Vuitton,sport & leisure,362.511000000000
34325562,13113499,5584040,9987664,74,105,2021-01-08 00:21:25.000,Louis Vuitton,sport & leisure,362.511000000000
34325562,13113499,5584040,9987624,74,105,2021-01-08 00:21:25.000,Louis Vuitton,sport & leisure,362.511000000000
34325562,13113499,5585050,9957624,74,105,2021-01-08 00:21:25.000,Louis Vuitton,sport & leisure,362.511000000000
34325562,13113499,5584040,6687624,74,105,2021-01-08 00:21:25.000,Louis Vuitton,sport & leisure,362.511000000000
34325562,13113499,5584040,9986624,74,105,2021-01-08 00:21:25.000,Louis Vuitton,sport & leisure,362.511000000000
34325562,13113499,5504040,9987624,74,105,2021-01-08 00:21:25.000,Louis Vuitton,sport & leisure,362.511000000000
34325562,13113499,5584040,9947624,74,105,2021-01-08 00:21:25.000,Louis Vuitton,sport & leisure,362.511000000000
34325562,13113499,9984040,9947624,74,105,2021-01-08 00:21:25.000,Louis Vuitton,sport & leisure,362.511000000000
34325562,13113499,5584040,9907624,74,105,2021-01-08 00:21:25.000,Louis Vuitton,sport & leisure,362.511000000000
32628719,11739552,9760118,3697089,57,105,2021-01-07 00:08:14.000,Isabel Marant Etoile,clothing,19.838709000000
33878374,13603784,7642103,0500857,222,222,2021-01-08 00:08:08.000,Celine,bags,1324.117525500000
34348043,13668529,9314031,5317518,150,223,2021-01-08 00:03:42.000,Gucci,accessories,92.443903200000
34348043,13668529,9312031,5317598,150,223,2021-01-08 00:03:42.000,Gucci,accessories,92.443903200000
33321856,13541420,8478829,9629889,105,223,2021-01-08 00:24:04.000,Prada,accessories,174.831403500000
34247413,13743330,860211,2343821,105,81,2021-01-13 00:00:11.000,Saint Laurent,bags,1005.624000000000
34503616,13806436,5983504,6210472,203,81,2021-01-13 00:20:51.000,Alyx,accessories,64.800000000000
34385606,12945555,1797842,4483144,105,81,2021-01-13 00:12:36.000,Miu Miu,clothing,109.834615384616
34385606,12945555,7793842,8883188,105,81,2021-01-13 00:12:36.000,Miu Miu,clothing,109.834615384616
33647233,13757028,3627835,7017754,105,222,2021-01-13 00:03:49.000,Moncler,clothing,195.830333100000
34274056,12884486,2629929,8987671,105,195,2021-01-14 00:22:42.000,Versace Jeans,bags,35.205882352942
34274056,12884486,2629929,8987671,105,195,2021-01-14 00:22:42.000,Versace Jeans,bags,35.205882352942
34274056,12884486,2629929,8987071,105,195,2021-01-14 00:22:42.000,Versace Jeans,bags,35.205882352942
34481676,12507872,11507555,80395924,97,188,2021-01-14 00:33:36.000,Gucci,shoes,377.629559100000
34093194,12428569,7385434,5619383,105,170,2021-01-03 00:18:36.000,Gianni Versace,clothing,36.900000000000
34064628,12443311,55403068,2122988,222,222,2021-01-03 00:24:24.000,& Other Stories,clothing,30.235162500000
34069504,1261523,4372734,305438,74,222,2021-01-03 00:03:37.000,Manoush,clothing,102.941147700000
34000094,13414999,11152640,3227363,195,56,2021-01-03 00:28:55.000,Elisabetta Franchi,clothing,130.500000000000
34190950,13419815,9361962,10880837,105,33,2021-01-04 00:42:30.000,Louis Vuitton,accessories,281.889000000000
34076649,11547273,11047004,1407672,105,74,2021-01-01 00:11:22.000,Fendi,bags,143.901000000000
33596680,13613224,8929396,6195469,74,56,2021-01-04 00:19:19.000,Molli,clothing,147.783284100000
33226562,12985995,3819884,10346573,105,105,2021-01-03 00:01:06.000,Off-White,accessories,76.500000000000
33846393,8881794,8083327,8718817,105,124,2021-01-04 00:03:19.000,Supreme,clothing,58.500000000000
34190878,9874425,11732172,2714408,81,223,2021-01-04 00:08:05.000,Dolce & Gabbana,jewellery,166.404679200000
33371471,13647024,2000942,11401598,150,105,2021-01-08 00:03:59.000,Michael Kors,shoes,28.800000000000
33371471,13647024,2000942,22402598,150,105,2021-01-08 00:03:59.000,Michael Kors,shoes,28.800000000000
33371471,13647024,2000942,11471598,150,105,2021-01-08 00:03:59.000,Michael Kors,shoes,28.800000000000
33561620,12667744,2864893,6061341,74,81,2021-01-03 00:34:11.000,Chloé,bags,915.624000000000
34137334,13160941,11095610,8684442,74,223,2021-01-06 00:00:27.000,Mugler,clothing,127.744621200000
34137334,13160941,11095610,8884442,74,223,2021-01-06 00:00:27.000,Mugler,clothing,127.744621200000
34564041,13843530,6288415,11523195,171,74,2021-01-14 00:29:39.000,Roberto Cavalli,clothing,53.100000000000
34194457,7007206,11433219,8085252,74,223,2021-01-05 00:12:59.000,Roberto Cavalli,jewellery,194.822165915873
34194457,7007206,11433219,8085454,74,223,2021-01-05 00:12:59.000,Roberto Cavalli,jewellery,194.822165915873
33207367,13595037,10126842,99974394,150,74,2021-01-04 00:25:09.000,Louis Vuitton,bags,189.549000000000
34504145,13554032,7482289,4530250,81,74,2021-01-13 00:03:03.000,Balmain,clothing,337.500000000000
34576752,12278495,3084932,2252006,97,72,2021-01-14 00:19:04.000,Non Signé / Unsigned,jewellery,27.000000000000
34576752,12278495,3084632,2252002,97,72,2021-01-14 00:19:04.000,Non Signé / Unsigned,jewellery,27.000000000000
34576752,12278495,9084992,2252006,97,72,2021-01-14 00:19:04.000,Non Signé / Unsigned,jewellery,27.000000000000
33786764,13725161,9849737,6866739,84,223,2021-01-13 00:36:57.000,Hermès,accessories,174.352797000000
34006245,13808502,1362743,2542522,74,74,2021-01-14 00:01:06.000,Gucci,bags,806.373000000000
33995411,13563964,10888408,0736787,175,195,2021-01-08 00:08:20.000,Dsquared2,shoes,121.500000000000
33957702,12904950,8376857,10360351,105,74,2021-01-04 00:22:21.000,Burberry,clothing,44.079126875852
33957702,12904950,8379857,50369355,105,74,2021-01-04 00:22:21.000,Burberry,clothing,44.079126875852
33957702,12904950,8376897,10369321,105,74,2021-01-04 00:22:21.000,Burberry,clothing,44.079126875852
33957702,12904950,8376857,10069051,105,74,2021-01-04 00:22:21.000,Burberry,clothing,44.079126875852
33957702,12904950,8376857,10362351,105,74,2021-01-04 00:22:21.000,Burberry,clothing,44.079126875852
33957702,12904950,3376357,10369341,105,74,2021-01-04 00:22:21.000,Burberry,clothing,44.079126875852
33957702,12904950,4376457,10869851,105,74,2021-01-04 00:22:21.000,Burberry,clothing,44.079126875852
33957702,12904950,8376857,10369351,105,74,2021-01-04 00:22:21.000,Burberry,clothing,44.079126875852
34027487,13608347,9023471,9149559,74,81,2021-01-04 00:02:15.000,Fauré Le Page,bags,397.773000000000
34112728,12517381,2732972,9550263,105,74,2021-01-02 00:14:08.000,Burberry,clothing,58.401000000000
33323903,12827583,3343695,10138006,222,222,2021-01-03 00:23:43.000,Sam Edelman,shoes,46.229563800000
34138723,11335414,9719119,9586259,223,223,2021-01-03 00:06:53.000,Hermès,shoes,781.326781200000
34148436,13280099,6670666,7408909,81,13,2021-01-03 00:01:52.000,Hermès,accessories,417.892148100000
34116302,9520402,11385148,3693749,209,100,2021-01-04 00:06:09.000,Hermès,design & decoration,268.990536600000
33164604,11228987,9077751,6821675,103,150,2021-01-01 00:39:52.000,Chanel,bags,5087.970000000000
34079321,9974501,5408788,4413877,222,103,2021-01-02 00:18:02.000,Olivia Von Halle,clothing,288.477000000000
34108405,8967806,8012197,1417353,105,21,2021-01-02 00:23:07.000,D&G,clothing,42.861420000000
34081035,13201110,6911778,9071862,81,21,2021-01-01 00:20:12.000,Ulla Johnson,bags,136.836000000000
33681299,13329181,9342214,88877383,223,223,2021-01-02 00:14:37.000,Prada,shoes,197.561008800000
34055374,11722904,386693,8103482,74,105,2021-01-02 00:05:29.000,Celine,shoes,197.982000000000
34027067,13502599,6375678,11205575,223,203,2021-01-02 00:10:03.000,Balenciaga,clothing,151.341669900000
33677513,13095062,1972219,11412279,74,150,2021-01-09 00:13:08.000,Chanel,clothing,327.825000000000
33677513,13095062,5972259,11012277,74,150,2021-01-09 00:13:08.000,Chanel,clothing,327.825000000000
33677513,13095062,5972259,11012279,74,150,2021-01-09 00:13:08.000,Chanel,clothing,327.825000000000
33677513,13095062,5372253,11012279,74,150,2021-01-09 00:13:08.000,Chanel,clothing,327.825000000000
33677513,13095062,5972259,11012279,74,150,2021-01-09 00:13:08.000,Chanel,clothing,327.825000000000
33685506,12608806,4169619,81115,74,74,2021-01-10 00:01:34.000,Royal Mer Bretagne,clothing,27.000000000000
32975954,13517002,5205666,7424644,105,81,2021-01-09 00:18:25.000,Versace,accessories,189.000000000000
32975954,13517002,5205666,7424644,105,81,2021-01-09 00:18:25.000,Versace,accessories,189.000000000000
32975954,13517002,5205666,7424644,105,81,2021-01-09 00:18:25.000,Versace,accessories,189.000000000000
32975954,13517002,5205666,7424644,105,81,2021-01-09 00:18:25.000,Versace,accessories,189.000000000000
32975954,13517002,3203666,7424644,105,81,2021-01-09 00:18:25.000,Versace,accessories,189.000000000000
32975954,12725850,5205666,3515150,105,81,2021-01-09 00:18:25.000,Dolce & Gabbana,accessories,67.500000000000
32975954,12725850,5205666,3515154,105,81,2021-01-09 00:18:25.000,Dolce & Gabbana,accessories,67.500000000000
32975954,12725850,5205666,5515150,105,81,2021-01-09 00:18:25.000,Dolce & Gabbana,accessories,67.500000000000
32975954,12725850,5205666,3515150,105,81,2021-01-09 00:18:25.000,Dolce & Gabbana,accessories,67.500000000000
32975954,12725850,5205666,3515150,105,81,2021-01-09 00:18:25.000,Dolce & Gabbana,accessories,67.500000000000
34412499,13511708,11479774,7701307,105,81,2021-01-10 00:05:30.000,Louis Vuitton,bags,419.733000000000
34382325,13751902,7290417,643407,203,57,2021-01-09 00:02:49.000,Moncler,clothing,236.954018700000
33838383,13614448,11358463,9602441,103,223,2021-01-15 00:31:32.000,Prada,high-tech,119.357763300000
33584680,9905999,10457982,4451898,105,105,2021-01-15 00:22:06.000,Prada,high-tech,67.482000000000
34620046,13180965,00224529,1120434,81,74,2021-01-15 00:21:19.000,Balenciaga,bags,1175.373000000000
33649203,13153401,9040073,10258355,223,223,2021-01-15 00:31:20.000,Stella McCartney,bags,114.720380100000
34476165,9074808,20922762,938107,74,21,2021-01-12 00:08:46.000,Kenzo,clothing,78.359338213356
34476165,9074808,10912761,938108,74,21,2021-01-12 00:08:46.000,Kenzo,clothing,78.359338213356
34476165,9074808,10912761,908107,74,21,2021-01-12 00:08:46.000,Kenzo,clothing,78.359338213356
34476165,9074808,10916761,938107,74,21,2021-01-12 00:08:46.000,Kenzo,clothing,78.359338213356
34504948,13770728,9134660,4935711,222,222,2021-01-12 00:20:39.000,Helmut Lang,clothing,139.844617200000
34460211,13770514,9806870,8535635,105,81,2021-01-12 00:29:24.000,Louis Vuitton,bags,638.991000000000
33451988,13587148,7897528,747380,81,57,2021-01-11 00:10:07.000,Acne Studios,clothing,119.925000000000
33706004,11776023,10119639,3841610,223,223,2021-01-11 00:06:50.000,Van Cleef & Arpels,design & decoration,53.379088200000
33344907,13093764,10703508,5261558,105,138,2021-01-12 00:36:58.000,River Island,shoes,77.164816733068
33344907,13093764,10704508,5271558,105,138,2021-01-12 00:36:58.000,River Island,shoes,77.164816733068
33344907,13093764,17773578,5271558,105,138,2021-01-12 00:36:58.000,River Island,shoes,77.164816733068
33344907,13093764,10903508,5271558,105,138,2021-01-12 00:36:58.000,River Island,shoes,77.164816733068
32707053,10497799,4138323,8389152,222,74,2021-01-11 00:03:35.000,Red Valentino Garavani,clothing,65.516815384616
32707053,10497799,4138323,1319152,222,74,2021-01-11 00:03:35.000,Red Valentino Garavani,clothing,65.516815384616
34297101,13181333,610438,581603,175,195,2021-01-11 00:23:03.000,Alexander McQueen,accessories,166.500000000000
33543767,13174763,7618520,2115265,105,105,2021-01-12 00:05:30.000,Valentino Garavani,bags,940.482000000000
34472576,13491580,11500753,7214152,222,222,2021-01-12 00:15:44.000,Stella McCartney,accessories,64.927857600000
34139783,12418930,8415500,1233777,74,57,2021-01-07 00:26:25.000,Ash,shoes,58.775490000000
33844165,12468712,1646698,8905883,222,175,2021-01-07 00:26:03.000,Non Signé / Unsigned,jewellery,608.895000000000
33505750,13571728,171156,9937388,105,74,2021-01-07 00:06:16.000,Gucci,clothing,4.500000000000
34348043,13364336,9314931,6886887,105,223,2021-01-08 00:03:42.000,Fendi,accessories,109.971403200000
34348043,13364336,9614061,6526527,105,223,2021-01-08 00:03:42.000,Fendi,accessories,109.971403200000
33506222,13396675,569718,8983410,33,105,2021-01-08 00:04:01.000,Valentino Garavani,shoes,126.000000000000
31986983,12659335,2240447,2133331,74,74,2021-01-08 00:14:05.000,Prada,bags,111.501000000000
34544010,13233535,1009808,20029908,74,74,2021-01-13 00:20:05.000,Michael Kors,bags,85.410000000000
33104752,3353400,7696067,3182589,222,223,2021-01-03 00:13:36.000,Givenchy,clothing,119.660070600000
33104752,3353400,7696067,3182589,222,223,2021-01-03 00:13:36.000,Givenchy,clothing,119.660070600000
33390349,13029812,2666831,8312573,105,150,2021-01-03 00:16:15.000,Non Signé / Unsigned,jewellery,21.600000000000
34191083,13252912,10392298,3703137,14,203,2021-01-04 00:24:42.000,Gucci,bags,1299.718087200000
34192217,12364898,10996302,542285,222,222,2021-01-14 00:33:30.000,Max Mara 'S,clothing,69.076752300000
34192217,12364898,12996322,542285,222,222,2021-01-14 00:33:30.000,Max Mara 'S,clothing,69.076752300000
34192217,12364898,10996307,542285,222,222,2021-01-14 00:33:30.000,Max Mara 'S,clothing,69.076752300000
34192217,12364898,10556302,542285,222,222,2021-01-14 00:33:30.000,Max Mara 'S,clothing,69.076752300000
34566138,12931284,9332553,225353,124,105,2021-01-14 00:32:31.000,Chanel,clothing,353.331000000000
34293431,13700687,1309121,1548486,150,105,2021-01-14 00:22:01.000,Sandro,clothing,27.000000000000
33430438,13590744,6055591,20247870,105,150,2021-01-05 00:31:38.000,Calvin Klein,clothing,31.500000000000
33430438,13590744,9057591,10247070,105,150,2021-01-05 00:31:38.000,Calvin Klein,clothing,31.500000000000
33430438,13590744,6057591,10242820,105,150,2021-01-05 00:31:38.000,Calvin Klein,clothing,31.500000000000
34003443,13619606,10041999,3607780,74,206,2021-01-15 00:24:44.000,Chanel,jewellery,405.787618800000
34003443,13619606,10041559,3607980,74,206,2021-01-15 00:24:44.000,Chanel,jewellery,405.787618800000
34556503,7872747,4806504,4247887,105,222,2021-01-15 00:06:08.000,Fendi,shoes,311.053169700000
34029585,12713397,7964,733105,74,74,2021-01-05 00:26:45.000,Boss,clothing,25.200000000000
34029585,12713397,7964,799105,74,74,2021-01-05 00:26:45.000,Boss,clothing,25.200000000000
33980882,13528639,8984887,9798357,105,105,2021-01-09 00:11:30.000,Gucci,bags,81.000000000000
34100386,13500653,9644889,8742904,105,171,2021-01-05 00:17:34.000,Gucci,shoes,327.487500000000
34100386,13500653,9600889,8732903,105,171,2021-01-05 00:17:34.000,Gucci,shoes,327.487500000000
34364649,13751880,3735288,11377183,105,81,2021-01-09 00:19:51.000,Pandora,accessories,20.700000000000
33814299,11644208,80074084,4402288,222,222,2021-01-09 00:20:54.000,Levi's,clothing,24.834437100000
33814299,11644208,10074014,6602288,222,222,2021-01-09 00:20:54.000,Levi's,clothing,24.834437100000
33814299,11644208,13374314,4402288,222,222,2021-01-09 00:20:54.000,Levi's,clothing,24.834437100000
33814299,11644208,10074014,4402288,222,222,2021-01-09 00:20:54.000,Levi's,clothing,24.834437100000
33814299,11644208,10072012,4402288,222,222,2021-01-09 00:20:54.000,Levi's,clothing,24.834437100000
33814299,11644208,10074014,4402288,222,222,2021-01-09 00:20:54.000,Levi's,clothing,24.834437100000
33814299,11644208,10074014,4402288,222,222,2021-01-09 00:20:54.000,Levi's,clothing,24.834437100000
34376001,13107838,9698375,169217,74,105,2021-01-09 00:14:02.000,Stella McCartney,clothing,125.982000000000
34349320,13755235,2754621,275926,74,105,2021-01-10 00:19:06.000,Hermès,shoes,108.000000000000
34130567,13729244,10919290,1260863,105,105,2021-01-09 00:14:15.000,Prada,bags,117.000000000000
34379306,13686684,700266,9422986,222,203,2021-01-10 00:19:38.000,Veja X Rick Owens,shoes,86.382964800000
34185337,11453682,5925846,1253877,74,223,2021-01-10 00:17:40.000,Hermès,bags,1238.478527700000
33814299,13163313,10074014,2323199,222,222,2021-01-09 00:20:54.000,Joie,clothing,24.834437100000
33814299,13163313,10074014,2424199,222,222,2021-01-09 00:20:54.000,Joie,clothing,24.834437100000
33814299,13163313,10074014,2222199,222,222,2021-01-09 00:20:54.000,Joie,clothing,24.834437100000
33814299,13163313,10074014,2323199,222,222,2021-01-09 00:20:54.000,Joie,clothing,24.834437100000
33814299,13163313,10074014,2323199,222,222,2021-01-09 00:20:54.000,Joie,clothing,24.834437100000
33814299,13163313,10074014,2323399,222,222,2021-01-09 00:20:54.000,Joie,clothing,24.834437100000
33814299,13163313,10074014,2323899,222,222,2021-01-09 00:20:54.000,Joie,clothing,24.834437100000
34100049,12961618,9632718,9504472,55,195,2021-01-12 00:10:59.000,Citizens Of Humanity,accessories,76.500000000000
34197487,11623615,11106979,8278521,223,105,2021-01-11 00:19:47.000,Prada,bags,534.216740400000
33637923,13196365,11148032,565449,105,195,2021-01-11 00:29:51.000,Semicouture,clothing,108.000000000000
34503424,13782154,11587578,10357445,222,105,2021-01-12 00:01:38.000,Marni,clothing,102.025678500000
34503424,13782154,11607678,10357445,222,105,2021-01-12 00:01:38.000,Marni,clothing,102.025678500000
34503424,13782154,11507578,10337443,222,105,2021-01-12 00:01:38.000,Marni,clothing,102.025678500000
33946185,11168525,11150323,3839339,150,222,2021-01-12 00:21:25.000,Bottega Veneta,bags,469.197000000000
34449187,13790442,6191933,1897458,221,81,2021-01-11 00:16:20.000,Louis Vuitton,bags,179.100000000000
29210961,13793246,7712623,1097450,221,81,2021-01-11 00:27:36.000,Louis Vuitton,bags,138.591000000000
34421929,13791317,5489433,1098450,221,203,2021-01-11 00:06:26.000,Louis Vuitton,bags,275.827500000000
34119179,13508771,7501562,6790866,14,74,2021-01-04 00:06:22.000,Givenchy,accessories,102.501000000000
33205179,13450420,4266640,7114830,105,105,2021-01-04 00:32:55.000,Calvin Klein,clothing,22.500000000000
33957702,13553528,8676857,3518446,105,74,2021-01-04 00:22:21.000,Versace,clothing,79.342428376535
33957702,13553528,8376857,3518444,105,74,2021-01-04 00:22:21.000,Versace,clothing,79.342428376535
33957702,13553528,8376857,3518447,105,74,2021-01-04 00:22:21.000,Versace,clothing,79.342428376535
33957702,13553528,8376857,3318446,105,74,2021-01-04 00:22:21.000,Versace,clothing,79.342428376535
33957702,13553528,8376857,3515446,105,74,2021-01-04 00:22:21.000,Versace,clothing,79.342428376535
33957702,13553528,8376857,3518446,105,74,2021-01-04 00:22:21.000,Versace,clothing,79.342428376535
33957702,13553528,8376897,3518440,105,74,2021-01-04 00:22:21.000,Versace,clothing,79.342428376535
33957702,13553528,8376857,3518446,105,74,2021-01-04 00:22:21.000,Versace,clothing,79.342428376535
34286814,12111958,706169,1157931,222,74,2021-01-14 00:10:09.000,3.1 Phillip Lim,shoes,56.579326200000
34286814,12111958,786169,1187631,222,74,2021-01-14 00:10:09.000,3.1 Phillip Lim,shoes,56.579326200000
34584375,12648706,752101,9056501,223,223,2021-01-14 00:08:27.000,Maison Boinet,accessories,37.746710100000
34584546,8939637,6838382,512561,74,223,2021-01-14 00:20:57.000,Acne Studios,clothing,111.108553200000
34584546,8939637,6838382,572567,74,223,2021-01-14 00:20:57.000,Acne Studios,clothing,111.108553200000
34570025,13828151,8526571,6562108,74,223,2021-01-14 00:14:05.000,Fendi,jewellery,77.863322700000
34344133,7761121,8966343,592184,74,103,2021-01-14 00:37:01.000,Rochas,shoes,36.000000000000
33452860,13479465,1770231,8161303,14,105,2021-01-01 00:28:37.000,Celine,bags,288.000000000000
32988438,12268995,2740745,2258884,81,223,2021-01-01 00:31:47.000,Balmain,clothing,895.384286100000
33723858,7767948,543652,3483332,74,223,2021-01-01 00:12:04.000,Lanvin,clothing,101.745000000000
33723858,7767948,543622,3483332,74,223,2021-01-01 00:12:04.000,Lanvin,clothing,101.745000000000
33327419,12719842,8188811,9574953,105,105,2021-01-02 00:17:26.000,Furla,bags,36.000000000000
34056870,12981609,9863817,1423745,74,81,2021-01-02 00:31:02.000,Chanel,jewellery,51.219000000000
34056870,12981609,6803817,8423745,74,81,2021-01-02 00:31:02.000,Chanel,jewellery,51.219000000000
34174138,12873130,8331675,9819177,74,21,2021-01-15 00:25:59.000,Anine Bing,clothing,20.454545454546
34174138,12873130,9331675,9819175,74,21,2021-01-15 00:25:59.000,Anine Bing,clothing,20.454545454546
34174138,12873130,9331675,9819177,74,21,2021-01-15 00:25:59.000,Anine Bing,clothing,20.454545454546
33662457,13491929,539296,11392381,222,222,2021-01-15 00:23:24.000,Chanel,bags,3633.096773700000
34280382,12624842,9175815,9252243,105,223,2021-01-15 00:15:00.000,Dolce & Gabbana,shoes,91.026943187136
34280382,12624842,9170810,9252293,105,223,2021-01-15 00:15:00.000,Dolce & Gabbana,shoes,91.026943187136
33373891,9862724,9144244,5355043,195,57,2021-01-09 00:14:44.000,Galliano,clothing,60.491970000000
34301587,8386557,3909642,5684184,203,105,2021-01-10 00:28:11.000,Alaïa,clothing,257.014925100000
34373526,13644095,1054363,3108653,105,56,2021-01-10 00:05:39.000,Yves Salomon,clothing,387.000000000000
34401623,11202025,7667482,8777372,150,81,2021-01-10 00:23:30.000,Nike,clothing,84.600000000000
33554328,12984639,0332432,10366490,150,21,2021-01-10 00:23:38.000,Burberry,clothing,201.141509433962
33554328,12984639,9332432,10366497,150,21,2021-01-10 00:23:38.000,Burberry,clothing,201.141509433962
33554328,13494016,9338438,10366497,150,21,2021-01-10 00:23:38.000,Burberry,clothing,262.358490566038
33554328,13494016,9332432,10366497,150,21,2021-01-10 00:23:38.000,Burberry,clothing,262.358490566038
34291201,12167342,11325214,8198137,222,105,2021-01-10 00:11:38.000,Acne Studios,shoes,99.270904500000
33651763,12126123,874833,3970911,74,74,2021-01-11 00:25:12.000,Gucci,clothing,391.500000000000
34368302,12757321,9831467,10912885,33,81,2021-01-12 00:34:19.000,Karl Lagerfeld,clothing,461.250000000000
33969289,13169583,1195565,1681048,14,223,2021-01-06 00:13:53.000,Jimmy Choo,shoes,233.461482300000
33968725,12769548,11166829,4147894,74,74,2021-01-06 00:06:33.000,Sandro,clothing,32.400000000000
33968725,12769548,11166539,4147894,74,74,2021-01-06 00:06:33.000,Sandro,clothing,32.400000000000
34221423,13667768,11439819,8936136,33,74,2021-01-05 00:31:27.000,Marella,clothing,80.901000000000
33766119,7675170,7335817,9014619,223,74,2021-01-05 00:10:30.000,Dior,jewellery,141.746737500000
34229765,11276812,9415399,9940468,96,96,2021-01-05 00:32:18.000,Danielle Nicole,accessories,26.130613500000
33293936,11702718,192171,1586994,21,74,2021-01-07 00:31:37.000,Non Signé / Unsigned,clothing,23.823529411765
33559179,13491729,10480616,334602,21,105,2021-01-02 00:33:02.000,Celine,bags,485.982000000000
33564550,11752609,8633488,2370394,105,123,2021-01-01 00:03:57.000,Balenciaga,accessories,188.586000000000
34040059,13266494,9027996,8519058,74,84,2021-01-02 00:06:40.000,Paterson,accessories,31.500000000000
33938161,11089779,716326,1181465,105,223,2021-01-01 00:31:46.000,Courrèges,bags,91.454670000000
33866184,13424413,11363884,3378331,223,223,2021-01-02 00:14:10.000,Louis Vuitton,bags,467.546340600000
33199751,13599528,2571978,50395752,74,223,2021-01-01 00:01:19.000,Burberry,clothing,385.158673800000
33671580,10897674,9058300,9369049,105,105,2021-01-01 00:24:49.000,La Perla,clothing,27.000000000000
33636209,11204346,00307838,6514848,105,223,2021-01-02 00:18:05.000,Versace,clothing,214.634635200000
33357524,13057467,8101677,9336598,222,105,2021-01-02 00:25:25.000,Barbour,clothing,48.762000000000
33798556,13207776,3097887,11068576,105,171,2021-01-01 00:09:15.000,Prada,bags,475.119000000000
34348007,13636476,4882633,6423954,84,195,2021-01-09 00:23:20.000,Missoni,accessories,27.000000000000
33087728,13470541,1797636,958748,74,195,2021-01-09 00:10:53.000,Dior,accessories,99.000000000000
34144260,12217251,906917,1464184,222,222,2021-01-10 00:05:43.000,Alexander McQueen,clothing,69.690240000000
34200373,12853115,9736314,10303821,74,21,2021-01-05 00:09:17.000,Kenzo,shoes,85.500000000000
33930704,13555652,1671092,11338606,105,74,2021-01-05 00:16:57.000,Jacquemus,shoes,149.058000000000
33423403,13131892,10043212,4814424,105,74,2021-01-09 00:07:32.000,Burberry,clothing,54.801000000000
34136964,7388986,3584004,3669967,74,74,2021-01-09 00:26:51.000,Leonard,clothing,66.362217300000
33839452,9834781,698187,9612224,105,74,2021-01-09 00:00:07.000,Gucci,clothing,134.901000000000
34424009,13497957,99491,3239948,105,74,2021-01-10 00:09:10.000,Saint Laurent,clothing,320.382000000000
32361461,12265493,8767851,3866800,105,81,2021-01-10 00:06:26.000,Helmut Lang,clothing,141.228000000000
33511074,13854570,2230930,1974258,150,81,2021-01-15 00:07:57.000,Tod's,shoes,112.500000000000
33525844,10639954,9076084,8814506,105,105,2021-01-15 00:05:25.000,Carhartt,clothing,22.500000000000
33525844,10639954,9076094,8814500,105,105,2021-01-15 00:05:25.000,Carhartt,clothing,22.500000000000
34431656,13742976,7395791,11034362,105,81,2021-01-11 00:17:32.000,Gucci,accessories,85.500000000000
34138160,12476654,6705719,1330231,105,105,2021-01-12 00:35:59.000,Emporio Armani,clothing,40.500000000000
34280415,13670827,2658999,48600,74,105,2021-01-12 00:31:22.000,Yves Saint Laurent,bags,90.882000000000
34174138,11026137,9331675,8557946,81,21,2021-01-15 00:25:59.000,Anine Bing,clothing,57.272727272728
34174138,11026137,9331675,8557946,81,21,2021-01-15 00:25:59.000,Anine Bing,clothing,57.272727272728
34174138,11026137,9331675,3557946,81,21,2021-01-15 00:25:59.000,Anine Bing,clothing,57.272727272728
34517249,13703368,10909780,7685679,105,57,2021-01-15 00:05:04.000,Fendi,accessories,88.068271500000
34505152,9804435,4045140,903992,74,105,2021-01-12 00:29:42.000,Pierre Balmain,jewellery,49.500000000000
34322206,13251962,6411471,10534311,103,57,2021-01-11 00:19:08.000,Lacoste,clothing,36.900000000000
34375762,13579018,11471145,10769911,223,223,2021-01-10 00:29:43.000,Saint Laurent,clothing,106.356961800000
34102266,13501456,497486,8818725,105,74,2021-01-06 00:05:19.000,Gucci,shoes,99.000000000000
34102266,13501456,417486,8813724,105,74,2021-01-06 00:05:19.000,Gucci,shoes,99.000000000000
34102266,13501456,497486,8813728,105,74,2021-01-06 00:05:19.000,Gucci,shoes,99.000000000000
33479548,13042476,5555462,9271494,175,81,2021-01-05 00:13:16.000,Non Signé / Unsigned,clothing,40.500000000000
33519231,13387096,4525552,0537935,105,103,2021-01-05 00:12:24.000,Dsquared2,clothing,49.500000000000
34147738,13831229,6341455,11520163,222,222,2021-01-15 00:03:00.000,Moncler Genius,clothing,141.146814600000
33796067,13378685,1344071,9620280,81,74,2021-01-11 00:06:02.000,Celine,accessories,54.900000000000
33796067,13378685,1344571,9620280,81,74,2021-01-11 00:06:02.000,Celine,accessories,54.900000000000
34347858,13637091,10922903,11324008,13,13,2021-01-08 00:27:31.000,Gucci,bags,73.863630000000
34081834,13602699,11406494,6663963,203,222,2021-01-08 00:22:33.000,Gucci,jewellery,136.512911700000
34051931,13603953,11400260,9767903,97,175,2021-01-07 00:05:12.000,Balenciaga,shoes,387.000000000000
33151462,13493310,720561,8715211,74,74,2021-01-07 00:05:17.000,Filippa K,clothing,61.147082700000
33972686,13472688,414090,2886232,81,222,2021-01-07 00:06:06.000,Balenciaga,shoes,369.817468882045
33972686,13472688,414090,2886232,81,222,2021-01-07 00:06:06.000,Balenciaga,shoes,369.817468882045
33909046,10102295,12276248,9690919,223,223,2021-01-08 00:04:17.000,Jimmy Choo,shoes,46.829268000000
33875769,13499121,11118323,10060237,105,124,2021-01-08 00:22:08.000,Louis Vuitton,jewellery,69.039000000000
32849057,13710563,4870858,6342902,105,223,2021-01-08 00:15:25.000,Loro Piana,clothing,970.673864905681
32849057,13710563,4870888,6343903,105,223,2021-01-08 00:15:25.000,Loro Piana,clothing,970.673864905681
34310153,13148960,6425113,4671132,105,195,2021-01-07 00:18:59.000,Moncler,girls,31.500000000000
32601382,13474432,738730,10997074,150,74,2021-01-08 00:08:32.000,Louis Vuitton,jewellery,49.500000000000
33801871,13306245,6592977,907615,105,105,2021-01-13 00:25:47.000,Louis Vuitton,accessories,270.000000000000
34582815,13827835,11526300,1375732,222,222,2021-01-14 00:05:10.000,Mulberry,accessories,100.982171700000
34520964,13735892,9140286,1957051,74,188,2021-01-13 00:27:50.000,Celine,bags,492.673575600000
33684623,13653284,10945980,9905271,222,223,2021-01-14 00:25:57.000,Alexander McQueen,shoes,213.825238200000
33763819,12581674,11544075,3271593,105,21,2021-01-03 00:04:15.000,Merci,clothing,36.000000000000
33763819,12581674,11144071,3271593,105,21,2021-01-03 00:04:15.000,Merci,clothing,36.000000000000
33763819,12581674,11344073,3271593,105,21,2021-01-03 00:04:15.000,Merci,clothing,36.000000000000
33866613,13185033,4808110,4438867,222,14,2021-01-03 00:34:28.000,Stuart Weitzman,shoes,158.328000000000
33929072,13585696,9684808,10562375,105,81,2021-01-04 00:40:31.000,Gucci,accessories,158.322888000000
33878836,13007859,748305,9707005,74,222,2021-01-03 00:19:54.000,Cerruti,clothing,56.522207700000
33779861,13459877,8556225,9878592,195,74,2021-01-03 00:10:03.000,Non Signé / Unsigned,clothing,31.500000000000
34576752,10170147,3084939,1470461,105,72,2021-01-14 00:19:04.000,Non Signé / Unsigned,jewellery,26.100000000000
34576752,10170147,3084732,1474461,105,72,2021-01-14 00:19:04.000,Non Signé / Unsigned,jewellery,26.100000000000
34576752,10170147,3087932,1470421,105,72,2021-01-14 00:19:04.000,Non Signé / Unsigned,jewellery,26.100000000000
34465781,13059996,7952878,2707914,81,74,2021-01-14 00:09:36.000,Tom Ford,clothing,153.000000000000
34565236,11717973,10846706,4833921,222,222,2021-01-14 00:34:33.000,Kenzo,clothing,140.155728300000
33721505,12897209,955368,5318068,222,222,2021-01-14 00:06:20.000,Prada,clothing,38.042269200000
34583779,12525301,10495963,50054893,105,81,2021-01-14 00:12:02.000,STEFANEL,clothing,58.500000000000
34503424,13563056,11507575,10361381,103,105,2021-01-12 00:01:38.000,Rick Owens Drkshdw,bags,18.000000000000
34503424,13563056,11567578,10361381,103,105,2021-01-12 00:01:38.000,Rick Owens Drkshdw,bags,18.000000000000
34503424,13563056,11507578,17361381,103,105,2021-01-12 00:01:38.000,Rick Owens Drkshdw,bags,18.000000000000
34466993,12443995,10069004,10853239,96,223,2021-01-13 00:36:15.000,Louis Vuitton,shoes,111.009820500000
33560754,10991351,1155791,566573,74,74,2021-01-01 00:01:03.000,Dior,bags,648.000000000000
33781028,13287959,7606965,4719179,105,150,2021-01-01 00:17:00.000,Gucci,clothing,591.516000000000
33781028,13287959,7404945,4709075,105,150,2021-01-01 00:17:00.000,Gucci,clothing,591.516000000000
33781028,13287959,7404945,4719175,105,150,2021-01-01 00:17:00.000,Gucci,clothing,591.516000000000
33312951,13536114,3834334,11177060,105,74,2021-01-01 00:20:34.000,Balenciaga,clothing,381.438000000000
33933163,13486518,10724539,9759988,175,105,2021-01-02 00:32:39.000,Gucci,accessories,50.400000000000
33963543,11322726,8156686,48600,74,105,2021-01-01 00:12:28.000,Bvlgari,jewellery,868.482000000000
34108802,12950341,7719742,10754450,105,74,2021-01-02 00:36:10.000,Aspesi,clothing,81.000000000000
34093792,13617303,5111316,11363740,105,222,2021-01-02 00:27:39.000,Belstaff,clothing,288.666488700000
34053270,13585753,11400546,10020582,188,21,2021-01-01 00:01:09.000,Gucci,bags,143.374740609448
34053270,13585753,11400547,10020582,188,21,2021-01-01 00:01:09.000,Gucci,bags,143.374740609448
33112741,9455601,8781688,6573652,33,222,2021-01-02 00:08:08.000,Sandro,clothing,53.961617700000
33112741,9455601,2181682,6573650,33,222,2021-01-02 00:08:08.000,Sandro,clothing,53.961617700000
34033606,13424924,11062566,2241096,105,57,2021-01-02 00:18:12.000,Gucci,accessories,279.996307200000
34057681,9140463,10564550,7500570,105,74,2021-01-02 00:26:52.000,Dior Homme,clothing,275.058000000000
34425727,13755327,88488689,11444401,105,105,2021-01-15 00:09:49.000,Giorgio Armani,accessories,25.200000000000
34567311,13010502,8685578,4366024,195,221,2021-01-15 00:12:29.000,Gucci,clothing,1009.741504500000
33961912,12878625,9108463,192161,74,57,2021-01-15 00:09:41.000,Celine,accessories,150.337086300000
34387651,13688379,2977541,8734118,105,105,2021-01-15 00:08:37.000,Saint Laurent,clothing,118.782000000000
34575753,13825216,11471073,10983509,105,223,2021-01-15 00:09:50.000,Versace,clothing,118.776283200000
33940397,13719679,5968026,3045212,105,175,2021-01-09 00:25:25.000,Le Silla,shoes,67.500000000000
33443792,13603022,8457285,11358855,74,105,2021-01-10 00:25:02.000,Max Mara,clothing,53.991000000000
33677513,12230494,5472254,6043119,14,150,2021-01-09 00:13:08.000,Chanel,clothing,410.445000000000
33677513,12230494,1972219,6043119,14,150,2021-01-09 00:13:08.000,Chanel,clothing,410.445000000000
33677513,12230494,5972259,6043119,14,150,2021-01-09 00:13:08.000,Chanel,clothing,410.445000000000
33677513,12230494,5972259,6043119,14,150,2021-01-09 00:13:08.000,Chanel,clothing,410.445000000000
33677513,12230494,5972259,6073119,14,150,2021-01-09 00:13:08.000,Chanel,clothing,410.445000000000
33755224,13736867,00536453,8325612,105,170,2021-01-09 00:04:30.000,M Missoni,clothing,41.512500000000
34424181,20410,6402912,9691,74,74,2021-01-10 00:14:00.000,Dolce & Gabbana,clothing,167.949000000000
33904275,13441043,8749844,8538679,74,204,2021-01-09 00:13:05.000,Givenchy,shoes,132.813727200000
33881520,13683477,5949664,6566136,105,222,2021-01-11 00:14:02.000,Agent Provocateur,clothing,54.081065700000
34412850,10814187,11103002,7373370,222,222,2021-01-12 00:27:22.000,Alice Mccall,clothing,49.944510000000
33980326,13775644,9969114,532657,74,81,2021-01-11 00:08:53.000,Max Mara,clothing,225.000000000000
33434018,12856460,1441495,10057747,141,222,2021-01-12 00:05:25.000,Dolce & Gabbana,clothing,256.961827800000
33434018,12856460,1441495,10051148,141,222,2021-01-12 00:05:25.000,Dolce & Gabbana,clothing,256.961827800000
33434018,12856460,1441495,10057748,141,222,2021-01-12 00:05:25.000,Dolce & Gabbana,clothing,256.961827800000
34426740,564843,10953685,296,74,74,2021-01-11 00:19:12.000,VESTIAIRECOLLECTIVE,,8.118557100000
33887125,13189980,9041881,6941267,105,84,2021-01-03 00:10:05.000,Gucci,shoes,87.138000000000
34149099,6349233,6054096,7507226,105,222,2021-01-03 00:11:53.000,Yves Saint Laurent,clothing,135.373545900000
34130067,12546137,8506877,2702037,105,105,2021-01-04 00:25:46.000,Non Signé / Unsigned,clothing,24.300000000000
33957702,13645484,8376857,4020446,105,74,2021-01-04 00:22:21.000,Gucci,shoes,158.684856753070
33957702,13645484,8376857,4828446,105,74,2021-01-04 00:22:21.000,Gucci,shoes,158.684856753070
33957702,13645484,8379857,4828448,105,74,2021-01-04 00:22:21.000,Gucci,shoes,158.684856753070
33957702,13645484,8366856,4828445,105,74,2021-01-04 00:22:21.000,Gucci,shoes,158.684856753070
33957702,13645484,8376857,4828446,105,74,2021-01-04 00:22:21.000,Gucci,shoes,158.684856753070
33957702,13645484,8376857,4828446,105,74,2021-01-04 00:22:21.000,Gucci,shoes,158.684856753070
33957702,13645484,8376857,4828443,105,74,2021-01-04 00:22:21.000,Gucci,shoes,158.684856753070
33957702,13645484,2376257,4222446,105,74,2021-01-04 00:22:21.000,Gucci,shoes,158.684856753070
33462742,12441718,3790406,50558668,105,57,2021-01-03 00:13:49.000,Moncler,clothing,166.050000000000
34190506,12028595,9292789,16060,74,105,2021-01-14 00:16:30.000,Isabel Marant,clothing,78.282000000000
34190506,12028595,9191789,18060,74,105,2021-01-14 00:16:30.000,Isabel Marant,clothing,78.282000000000
33560034,13502616,11300060,77356778,223,223,2021-01-01 00:24:02.000,Louis Vuitton,bags,259.449779700000
34067488,13762623,9202605,11483776,81,195,2021-01-13 00:23:57.000,Boss,clothing,56.520000000000
34191129,13433319,33432235,2201087,81,81,2021-01-04 00:37:45.000,Philosophy Di Lorenzo Serafini,clothing,124.375699800000
33577795,13573554,1077618,2894793,223,223,2021-01-02 00:07:47.000,Hood by Air,clothing,30.731670000000
33661386,13591588,10785389,11396996,74,81,2021-01-03 00:28:57.000,Michael Kors,bags,99.000000000000
34303786,13791045,1189577,11492643,105,150,2021-01-11 00:11:51.000,Loro Piana,accessories,114.039000000000
34203709,13721412,453928,642143,74,150,2021-01-08 00:00:11.000,Chanel,clothing,1018.116000000000
34334405,13673534,11465596,108011,74,38,2021-01-08 00:09:08.000,Louis Vuitton,design & decoration,607.492269900000
34260291,12860469,10459854,10120273,81,81,2021-01-07 00:16:38.000,Prada,bags,324.000000000000
34309116,12128758,1262916,10433956,175,67,2021-01-08 00:22:44.000,Escada,clothing,20.700000000000
34348338,11257802,1404941,951590,222,74,2021-01-08 00:01:23.000,Balenciaga,jewellery,177.389181900000
33253422,6694720,3020796,6595606,195,105,2021-01-07 00:06:02.000,Bvlgari,art & culture,62.982000000000
34150301,9367414,4882200,9362323,223,223,2021-01-03 00:07:08.000,Gucci,accessories,106.879607100000
32707053,564843,4168626,296,74,74,2021-01-11 00:03:35.000,VESTIAIRECOLLECTIVE,,7.554184615384
32707053,564843,6138323,096,74,74,2021-01-11 00:03:35.000,VESTIAIRECOLLECTIVE,,7.554184615384
33249547,460100,2327352,872062,21,105,2021-01-05 00:14:47.000,Celine,clothing,215.982000000000
33777520,12876243,9463619,664693,74,195,2021-01-02 00:14:07.000,Pierre Balmain,bags,146.520000000000
33501632,12703065,2007873,1089286,222,105,2021-01-01 00:36:11.000,Max & Co,clothing,42.794167500000
33501632,12703065,2557873,1089286,222,105,2021-01-01 00:36:11.000,Max & Co,clothing,42.794167500000
33501632,12703065,2557873,1089286,222,105,2021-01-01 00:36:11.000,Max & Co,clothing,42.794167500000
33501632,12703065,2557873,1689286,222,105,2021-01-01 00:36:11.000,Max & Co,clothing,42.794167500000
33501632,12703065,2557473,1089686,222,105,2021-01-01 00:36:11.000,Max & Co,clothing,42.794167500000
33501632,12703065,2557873,1089286,222,105,2021-01-01 00:36:11.000,Max & Co,clothing,42.794167500000
33501632,12703065,3557873,1086286,222,105,2021-01-01 00:36:11.000,Max & Co,clothing,42.794167500000
33578370,10520119,5557256,9650586,170,74,2021-01-08 00:24:35.000,Non Signé / Unsigned,clothing,49.401000000000
34306503,13331506,4063525,294102,74,175,2021-01-07 00:12:25.000,Louis Vuitton,clothing,276.750000000000
34306503,13331506,1063585,254102,74,175,2021-01-07 00:12:25.000,Louis Vuitton,clothing,276.750000000000
34306503,13331506,1963525,294702,74,175,2021-01-07 00:12:25.000,Louis Vuitton,clothing,276.750000000000
34306503,13331506,1363525,294702,74,175,2021-01-07 00:12:25.000,Louis Vuitton,clothing,276.750000000000
34172589,13531017,4268980,9635244,105,105,2021-01-07 00:03:15.000,Gucci,shoes,123.127659574468
34172589,13531017,0268980,9635244,105,105,2021-01-07 00:03:15.000,Gucci,shoes,123.127659574468
34172589,13531017,4268980,9635200,105,105,2021-01-07 00:03:15.000,Gucci,shoes,123.127659574468
34172589,13531017,4268980,9631244,105,105,2021-01-07 00:03:15.000,Gucci,shoes,123.127659574468
34172589,13531017,4268980,6635244,105,105,2021-01-07 00:03:15.000,Gucci,shoes,123.127659574468
34172589,13531017,4268280,9635233,105,105,2021-01-07 00:03:15.000,Gucci,shoes,123.127659574468
34253955,12081516,8154571,156102,74,223,2021-01-07 00:16:03.000,Gucci,shoes,821.917286100000
33673504,13046873,2172771,893282,74,222,2021-01-07 00:07:27.000,Simonetta Ravizza,clothing,170.021288700000
34325562,12576012,5584040,4373813,33,105,2021-01-08 00:21:25.000,Thom Browne,clothing,144.900000000000
34325562,12576012,7784040,4373813,33,105,2021-01-08 00:21:25.000,Thom Browne,clothing,144.900000000000
34325562,12576012,8884040,4878818,33,105,2021-01-08 00:21:25.000,Thom Browne,clothing,144.900000000000
34325562,12576012,5584040,4373813,33,105,2021-01-08 00:21:25.000,Thom Browne,clothing,144.900000000000
34325562,12576012,5584040,4373813,33,105,2021-01-08 00:21:25.000,Thom Browne,clothing,144.900000000000
34325562,12576012,5584242,4373413,33,105,2021-01-08 00:21:25.000,Thom Browne,clothing,144.900000000000
34325562,12576012,5584040,4373813,33,105,2021-01-08 00:21:25.000,Thom Browne,clothing,144.900000000000
34325562,12576012,5584545,4373813,33,105,2021-01-08 00:21:25.000,Thom Browne,clothing,144.900000000000
34325562,12576012,5584040,4373813,33,105,2021-01-08 00:21:25.000,Thom Browne,clothing,144.900000000000
34325562,12576012,5564040,4373873,33,105,2021-01-08 00:21:25.000,Thom Browne,clothing,144.900000000000
34076111,13417535,1340234,10985403,74,222,2021-01-03 00:11:07.000,Vivienne Westwood,bags,133.177097700000
34049429,11487192,10053627,1679395,74,57,2021-01-03 00:18:28.000,Mulberry,bags,477.412479000000
33763819,12115791,11344973,1616826,74,21,2021-01-03 00:04:15.000,Kenzo,clothing,47.700000000000
33763819,12115791,11344773,5656846,74,21,2021-01-03 00:04:15.000,Kenzo,clothing,47.700000000000
33763819,12115791,11344073,1717847,74,21,2021-01-03 00:04:15.000,Kenzo,clothing,47.700000000000
34505936,10319172,10527457,4797737,81,195,2021-01-13 00:06:28.000,Polo Ralph Lauren,shoes,27.000000000000
34505936,10319172,10529458,4797737,81,195,2021-01-13 00:06:28.000,Polo Ralph Lauren,shoes,27.000000000000
34505936,10319172,10527455,4727737,81,195,2021-01-13 00:06:28.000,Polo Ralph Lauren,shoes,27.000000000000
34505936,10319172,10557458,4797767,81,195,2021-01-13 00:06:28.000,Polo Ralph Lauren,shoes,27.000000000000
34619558,12309592,7797811,8862717,13,13,2021-01-15 00:18:06.000,Bassike,shoes,122.623573500000
33968725,12440781,11166839,5519998,74,74,2021-01-06 00:06:33.000,Maje,bags,52.650000000000
33968725,12440781,11166839,5579998,74,74,2021-01-06 00:06:33.000,Maje,bags,52.650000000000
34229997,12501363,4701777,7125906,222,222,2021-01-06 00:03:11.000,Hermès,design & decoration,132.638481900000
34264396,13689206,4922431,3688503,81,171,2021-01-06 00:16:03.000,Louis Vuitton,bags,844.119000000000
32978659,13527339,7916651,3811714,195,195,2021-01-06 00:08:59.000,Levi's,clothing,34.061625000000
32978659,13527339,7916651,3811714,195,195,2021-01-06 00:08:59.000,Levi's,clothing,34.061625000000
32978659,13527339,7916651,3811714,195,195,2021-01-06 00:08:59.000,Levi's,clothing,34.061625000000
32978659,13527339,7916651,3811114,195,195,2021-01-06 00:08:59.000,Levi's,clothing,34.061625000000
32978659,13527339,7916681,3811714,195,195,2021-01-06 00:08:59.000,Levi's,clothing,34.061625000000
34455239,11865164,2131262,8730203,203,223,2021-01-14 00:09:05.000,Louis Vuitton,bags,1013.644784700000
34081868,13749976,9444246,10125326,81,105,2021-01-09 00:12:50.000,Pinko,bags,143.982000000000
34189424,6383137,8844681,7559166,74,74,2021-01-09 00:00:12.000,Chanel,jewellery,728.372970000000
33681800,13822439,5070851,2276168,222,74,2021-01-15 00:18:43.000,Moschino,accessories,119.943000000000
33681800,13822439,5272851,2270108,222,74,2021-01-15 00:18:43.000,Moschino,accessories,119.943000000000
34322916,13807279,6430270,11505141,105,195,2021-01-12 00:29:12.000,Schott,clothing,22.500000000000
34190190,13622926,8696664,8400760,105,14,2021-01-04 00:25:34.000,Bottega Veneta,accessories,108.000000000000
34264005,13332534,1912634,60209432,222,150,2021-01-06 00:00:02.000,Sandro,clothing,99.008595000000
34264005,13332534,1912630,10209432,222,150,2021-01-06 00:00:02.000,Sandro,clothing,99.008595000000
31939593,13378151,8020583,10872995,105,103,2021-01-07 00:31:22.000,Jimmy Choo,shoes,162.900000000000
33906327,12983687,6391110,881679,74,74,2021-01-07 00:15:00.000,Chloé,clothing,139.410000000000
34290706,13712090,5581406,10560164,74,74,2021-01-07 00:17:14.000,The North Face,clothing,216.000000000000
34173446,12375663,5929324,8733976,105,81,2021-01-08 00:19:02.000,Non Signé / Unsigned,jewellery,51.219000000000
34191640,13336316,6204283,7388577,105,223,2021-01-08 00:05:13.000,Gucci,accessories,194.076220500000
34344689,9276766,10926349,0171027,105,223,2021-01-08 00:29:10.000,D&G,clothing,56.839214566651
34344689,9276766,80926349,3171027,105,223,2021-01-08 00:29:10.000,D&G,clothing,56.839214566651
33376083,13611143,6089063,9523989,195,105,2021-01-08 00:24:34.000,Jil Sander,bags,134.982000000000
34477862,13535773,11498834,1272342,74,105,2021-01-13 00:32:34.000,Gucci,design & decoration,35.982000000000
33597514,13698732,8358432,10893919,171,21,2021-01-14 00:25:06.000,Tag Heuer,accessories,100.539000000000
34507418,12350981,5223724,10581095,195,13,2021-01-13 00:15:36.000,Versace,design & decoration,351.022857300000
33498362,13694815,9377234,6061352,105,223,2021-01-13 00:31:16.000,Swarovski,jewellery,51.084221400000
34286814,11871592,776169,2284985,84,74,2021-01-14 00:10:09.000,Non Signé / Unsigned,shoes,31.500000000000
34286814,11871592,786969,2284985,84,74,2021-01-14 00:10:09.000,Non Signé / Unsigned,shoes,31.500000000000
34145491,8243870,10116133,4266379,203,81,2021-01-03 00:30:26.000,Stand studio,clothing,127.719000000000
33663559,4086471,10408187,2729461,222,13,2021-01-03 00:04:31.000,Jimmy Choo,shoes,173.745779400000
34119823,12655612,567831,8720744,222,21,2021-01-03 00:15:12.000,Non Signé / Unsigned,clothing,44.145000000000
33054579,11824042,6037243,2503519,105,81,2021-01-03 00:24:35.000,Dior,bags,414.000000000000
34094939,12120900,8762047,9465756,195,195,2021-01-03 00:23:51.000,Sandro,clothing,81.000000000000
33962816,10387018,909774,4623808,222,222,2021-01-04 00:21:36.000,Christopher Kane,clothing,87.340412700000
33735225,13625362,8927003,1708836,195,223,2021-01-04 00:14:27.000,Dior,bags,240.597044100000
33735225,13625362,8327063,1708837,195,223,2021-01-04 00:14:27.000,Dior,bags,240.597044100000
33735225,13625362,8922063,1708836,195,223,2021-01-04 00:14:27.000,Dior,bags,240.597044100000
34580379,13001042,4338363,671746,74,105,2021-01-14 00:29:26.000,Autre Marque,shoes,26.100000000000
34565146,13812559,067868,80673878,74,74,2021-01-14 00:38:47.000,Dior,accessories,31.500000000000
34218836,13485049,40484774,11214902,105,105,2021-01-14 00:21:20.000,Yves Saint Laurent,clothing,139.586651162790
34218836,13485049,10484774,88234902,105,105,2021-01-14 00:21:20.000,Yves Saint Laurent,clothing,139.586651162790
33413386,11061129,11217996,9894170,21,81,2021-01-07 00:27:26.000,Balmain,bags,432.000000000000
33603270,13111500,6113187,9060208,105,223,2021-01-03 00:11:18.000,Dolce & Gabbana,accessories,151.459416000000
33721347,10490817,11010640,6694111,81,175,2021-01-07 00:23:45.000,Vagabond,shoes,55.222550100000
34204584,13263476,2252212,9611030,105,150,2021-01-08 00:21:13.000,Gucci,clothing,158.400000000000
33902061,13681940,9683197,9709243,222,222,2021-01-08 00:20:02.000,Dior,jewellery,124.722837900000
34348556,7722445,6679429,8484272,222,223,2021-01-08 00:27:09.000,Purified,shoes,118.528358400000
32783518,12645359,8623326,9205981,105,103,2021-01-08 00:02:56.000,Miu Miu,clothing,42.660000000000
34049066,11660746,1400445,2772083,105,195,2021-01-03 00:30:20.000,Louis Vuitton,accessories,70.020000000000
33889597,13464069,4191323,6214797,81,57,2021-01-03 00:29:09.000,Herve Leger,clothing,32.287500000000
34082041,12915668,4697206,266994,74,21,2021-01-03 00:14:38.000,Tom Ford,design & decoration,73.539000000000
34179871,12549671,4882200,9908899,105,223,2021-01-04 00:05:03.000,Christian Louboutin,shoes,111.077586000000
33900727,13190653,7544777,6560630,53,21,2021-01-03 00:16:52.000,Isabel Marant,shoes,120.339000000000
33685773,10334805,7082577,8987941,105,14,2021-01-13 00:38:34.000,Mr & Mrs Italy,clothing,711.562500000000
33685773,10334805,7282377,8987942,105,14,2021-01-13 00:38:34.000,Mr & Mrs Italy,clothing,711.562500000000
33685773,10334805,8082388,0907941,105,14,2021-01-13 00:38:34.000,Mr & Mrs Italy,clothing,711.562500000000
34001404,12994831,7596237,8702506,21,81,2021-01-14 00:17:55.000,Dior,clothing,198.000000000000
34504126,13783876,11507750,2347829,222,222,2021-01-14 00:39:41.000,Stuart Weitzman,shoes,72.638821634992
34504126,13783876,11507750,2347829,222,222,2021-01-14 00:39:41.000,Stuart Weitzman,shoes,72.638821634992
34504126,13783876,11707770,6347869,222,222,2021-01-14 00:39:41.000,Stuart Weitzman,shoes,72.638821634992
34106446,10581275,11412007,8663884,81,74,2021-01-04 00:35:17.000,Off-White,clothing,215.649000000000
33957702,10594442,8376857,8727473,105,74,2021-01-04 00:22:21.000,Versace,clothing,44.079126875852
33957702,10594442,8376857,8727477,105,74,2021-01-04 00:22:21.000,Versace,clothing,44.079126875852
33957702,10594442,8376857,8727471,105,74,2021-01-04 00:22:21.000,Versace,clothing,44.079126875852
33957702,10594442,8376837,8727471,105,74,2021-01-04 00:22:21.000,Versace,clothing,44.079126875852
33957702,10594442,8375857,8727571,105,74,2021-01-04 00:22:21.000,Versace,clothing,44.079126875852
33957702,10594442,8376857,8737471,105,74,2021-01-04 00:22:21.000,Versace,clothing,44.079126875852
33957702,10594442,8376857,8727471,105,74,2021-01-04 00:22:21.000,Versace,clothing,44.079126875852
33957702,10594442,8376867,8737471,105,74,2021-01-04 00:22:21.000,Versace,clothing,44.079126875852
34132097,13291910,11164874,572818,74,223,2021-01-04 00:01:31.000,Alaïa,clothing,83.402586000000
34369410,13771100,3443391,10597652,222,74,2021-01-14 00:11:34.000,Rick Owens,clothing,77.506708500000
34149197,13554528,10048212,10908105,74,222,2021-01-03 00:05:20.000,Yeezy x Adidas,shoes,294.450147900000
34437627,9132144,0490560,8655864,222,223,2021-01-15 00:06:07.000,Versace,design & decoration,152.256758400000
34621161,13661588,4898957,7485843,222,222,2021-01-15 00:42:54.000,Loewe,bags,692.121190500000
33612627,13782397,11312650,869393,222,204,2021-01-14 00:39:11.000,Off-White,clothing,173.936707200000
33612627,13782397,55352657,869393,222,204,2021-01-14 00:39:11.000,Off-White,clothing,173.936707200000
34419110,13578383,3136119,9310103,74,105,2021-01-15 00:30:00.000,Non Signé / Unsigned,jewellery,788.382000000000
34602943,13576822,11031097,8807233,74,74,2021-01-15 00:05:27.000,Versace,clothing,42.300000000000
33988950,5496294,9134662,3774976,222,222,2021-01-05 00:19:50.000,Prada,clothing,190.546204084288
33988950,5496294,9134663,3774776,222,222,2021-01-05 00:19:50.000,Prada,clothing,190.546204084288
33732715,13081273,4913833,684950,74,21,2021-01-05 00:26:45.000,Louis Vuitton,shoes,314.424000000000
33654248,11108697,7311412,2944950,195,105,2021-01-10 00:09:37.000,Aquazzura,shoes,171.000000000000
34382190,10057303,11161477,1779042,105,74,2021-01-09 00:22:32.000,Armani Jeans,boys,31.500000000000
34382190,10057303,11211477,6779042,105,74,2021-01-09 00:22:32.000,Armani Jeans,boys,31.500000000000
33986366,13615108,44387404,7682540,105,105,2021-01-09 00:30:06.000,Prada,accessories,143.982000000000
34418198,9540295,10127113,7933519,74,84,2021-01-10 00:01:59.000,Fendi,clothing,164.844000000000
33640086,13672235,2154795,80892066,105,195,2021-01-10 00:04:04.000,Moon Boot,shoes,31.500000000000
34220319,11038007,1776028,4656826,105,55,2021-01-11 00:23:19.000,Non Signé / Unsigned,bags,18.000000000000
32905558,13794978,1758401,4204219,223,170,2021-01-12 00:27:02.000,Christian Louboutin,shoes,470.940241500000
34386415,11963448,10039513,3599255,195,175,2021-01-09 00:02:02.000,Dolce & Gabbana,clothing,157.500000000000
34438267,13143820,9554940,4449040,105,81,2021-01-11 00:21:05.000,Prada,clothing,99.000000000000
34236289,11335708,2876870,7632251,195,105,2021-01-06 00:03:25.000,Yves Saint Laurent,jewellery,106.182000000000
33487402,12915820,9633132,10940523,74,81,2021-01-05 00:29:47.000,Andy Warhol,clothing,31.500000000000
34228609,12118003,15964587,8785850,105,222,2021-01-05 00:13:06.000,Dior,accessories,156.213891900000
33703245,10253108,4465477,9748010,105,74,2021-01-06 00:08:32.000,Moncler,clothing,67.500000000000
33644414,13672502,2398970,4666068,203,74,2021-01-06 00:00:25.000,Nanushka,clothing,239.760000000000
34071495,13235987,10399311,1864305,74,223,2021-01-05 00:42:04.000,Louis Vuitton,clothing,193.242121200000
34349993,13484066,10387691,11262862,105,74,2021-01-12 00:22:24.000,Gucci,shoes,270.000000000000
34049636,13681254,10141857,8197820,150,53,2021-01-12 00:27:27.000,Sandro,clothing,20.700000000000
34150576,12789276,2104446,9966298,105,195,2021-01-05 00:18:08.000,Tod's,accessories,74.529000000000
33554049,12320728,2950003,9736282,74,113,2021-01-15 00:20:55.000,Maison Kitsune,clothing,82.517312700000
32949776,9714007,6963945,7930100,74,105,2021-01-09 00:21:26.000,Dior,bags,306.000000000000
33869566,5972599,895089,1612122,170,81,2021-01-10 00:10:35.000,Celine,clothing,168.462000000000
33155748,13684047,7770010,521337,14,74,2021-01-09 00:07:11.000,Palace,clothing,81.000000000000
33906500,13679689,8324705,10252307,105,21,2021-01-10 00:24:12.000,Dior Homme,shoes,63.000000000000
34027878,12178535,9257791,9104820,105,188,2021-01-09 00:13:40.000,Chanel,clothing,698.259547800000
34227622,11697389,11881888,9222756,105,74,2021-01-09 00:06:10.000,Giorgio Armani,shoes,21.510000000000
34213127,13649285,8432167,7587,74,74,2021-01-11 00:02:02.000,Hermès,bags,5397.930000000000
33900617,13746221,8813148,8266292,222,74,2021-01-11 00:00:16.000,Vivienne Westwood,jewellery,191.451712889872
33900617,13746221,8813748,8566595,222,74,2021-01-11 00:00:16.000,Vivienne Westwood,jewellery,191.451712889872
34499961,13538723,11244465,33325783,105,74,2021-01-12 00:08:19.000,Fendi,shoes,45.000000000000
34362625,10162260,10528458,7773520,105,195,2021-01-12 00:40:03.000,Kenzo,shoes,40.500000000000
34056417,13692505,3039292,10959523,105,223,2021-01-12 00:23:51.000,Gucci,accessories,194.025613500000
34076267,13353047,6735209,8613974,105,223,2021-01-04 00:49:02.000,Gucci,accessories,124.977121200000
34378944,13749788,1681041,10405071,74,105,2021-01-10 00:18:47.000,Louis Vuitton,bags,330.741000000000
32849057,564843,4830858,296,74,223,2021-01-08 00:15:25.000,VESTIAIRECOLLECTIVE,,8.608086394319
32849057,564843,4877858,296,74,223,2021-01-08 00:15:25.000,VESTIAIRECOLLECTIVE,,8.608086394319
33504696,13787505,11286510,11170458,74,195,2021-01-11 00:03:35.000,The North Face,clothing,130.500000000000
33266637,9501213,9876417,7334060,103,74,2021-01-05 00:12:25.000,Christian Louboutin,shoes,353.718000000000
34254730,13705812,7994202,11450217,105,74,2021-01-08 00:21:28.000,Dior Homme,bags,153.549000000000
33090581,9487207,0141015,1812357,105,105,2021-01-06 00:10:27.000,Prada,bags,279.891000000000
34271273,13168400,11097667,9489154,222,222,2021-01-06 00:13:02.000,Paraboot,shoes,298.327702500000
32078449,13601343,8771240,10211431,222,113,2021-01-06 00:07:22.000,Miu Miu,shoes,126.261589500000
34219344,13666580,8173851,8213432,105,203,2021-01-05 00:28:10.000,Manolo Blahnik,shoes,147.982065300000
32840871,13681324,10080084,10268022,74,72,2021-01-07 00:06:22.000,Rick Owens,shoes,153.000000000000
34216620,13244331,7034671,558379,74,81,2021-01-07 00:30:10.000,Lemaire,clothing,270.000000000000
34216620,13244331,5034651,117379,74,81,2021-01-07 00:30:10.000,Lemaire,clothing,270.000000000000
34085978,13485660,3885333,3396072,74,195,2021-01-07 00:02:42.000,Balenciaga,bags,360.000000000000
33716740,13691319,11065626,3400871,74,223,2021-01-08 00:12:10.000,Gucci,accessories,186.936610500000
34114041,13699247,8085034,8012855,150,223,2021-01-07 00:26:24.000,Gucci,shoes,278.469183600000
34344883,11335252,80952024,903760,74,21,2021-01-08 00:06:05.000,Delvaux,bags,72.000000000000
33666525,13038193,11324345,8673058,105,171,2021-01-08 00:04:20.000,Travis Scott,clothing,44.900190000000
33334087,13698283,9115500,10983509,105,223,2021-01-07 00:23:16.000,Versace,clothing,157.095000000000
34058989,9194022,11353960,8214723,13,13,2021-01-03 00:28:42.000,Ted Baker,clothing,14.186610000000
34473883,13749545,9514293,4480143,203,105,2021-01-13 00:23:07.000,Jil Sander,bags,453.189681900000
34473883,13749545,9574293,4480143,203,105,2021-01-13 00:23:07.000,Jil Sander,bags,453.189681900000
34309355,13622806,33459970,8025759,105,74,2021-01-13 00:08:55.000,Prada,shoes,176.049000000000
33357552,12005464,1987472,5317962,222,222,2021-01-13 00:34:02.000,Zara,clothing,28.967813100000
34582621,7515779,5094800,6894691,105,105,2021-01-14 00:29:51.000,Chanel,accessories,367.101000000000
34130026,13236795,3997388,7689656,223,222,2021-01-04 00:03:14.000,Saint Laurent,clothing,299.461610700000
33957702,9765428,8376857,8806026,105,74,2021-01-04 00:22:21.000,Burberry,clothing,30.855388813097
33957702,9765428,8376857,8806076,105,74,2021-01-04 00:22:21.000,Burberry,clothing,30.855388813097
33957702,9765428,8576857,8806026,105,74,2021-01-04 00:22:21.000,Burberry,clothing,30.855388813097
33957702,9765428,8374857,8806026,105,74,2021-01-04 00:22:21.000,Burberry,clothing,30.855388813097
33957702,9765428,8376847,8866626,105,74,2021-01-04 00:22:21.000,Burberry,clothing,30.855388813097
33957702,9765428,8366856,8806026,105,74,2021-01-04 00:22:21.000,Burberry,clothing,30.855388813097
33957702,9765428,8376827,8816126,105,74,2021-01-04 00:22:21.000,Burberry,clothing,30.855388813097
33957702,9765428,5376557,8806026,105,74,2021-01-04 00:22:21.000,Burberry,clothing,30.855388813097
34012923,13819386,1160295,42167,74,74,2021-01-15 00:04:17.000,Dior,jewellery,139.410000000000
34311672,13389663,16239241,4777507,105,153,2021-01-15 00:33:08.000,Zara,clothing,49.104770400000
34621776,13784656,10730370,3109664,81,222,2021-01-15 00:44:05.000,Gucci,clothing,1710.783036000000
34345691,13639318,30983859,4906559,105,56,2021-01-09 00:13:04.000,Miu Miu,bags,112.500000000000
34345691,13639318,10983859,4906759,105,56,2021-01-09 00:13:04.000,Miu Miu,bags,112.500000000000
34345691,13639318,10983859,4906759,105,56,2021-01-09 00:13:04.000,Miu Miu,bags,112.500000000000
34345691,13639318,10883858,4906659,105,56,2021-01-09 00:13:04.000,Miu Miu,bags,112.500000000000
34345691,13639318,10983859,3906759,105,56,2021-01-09 00:13:04.000,Miu Miu,bags,112.500000000000
33650316,13733035,5522592,12698225,105,204,2021-01-10 00:04:44.000,Louis Vuitton,accessories,255.658110300000
33900617,13063652,8813748,9224599,222,74,2021-01-11 00:00:16.000,Vivienne Westwood,jewellery,108.687620310128
33900617,13063652,8813748,8224586,222,74,2021-01-11 00:00:16.000,Vivienne Westwood,jewellery,108.687620310128
34492465,10793550,9659812,936033,74,195,2021-01-12 00:01:22.000,Louis Vuitton,shoes,90.000000000000
34200963,12285377,6204199,6389350,222,222,2021-01-12 00:00:43.000,Gucci,clothing,1213.851280500000
34200963,12285377,6204188,6889850,222,222,2021-01-12 00:00:43.000,Gucci,clothing,1213.851280500000
34502546,13661456,11507356,9594334,150,223,2021-01-12 00:14:16.000,Louis Vuitton,bags,427.706143200000
33641305,9002601,7843419,48600,74,81,2021-01-05 00:07:40.000,Hermès,accessories,51.219000000000
34027426,10860944,4236795,1762379,175,38,2021-01-11 00:04:47.000,Boss,clothing,91.573986600000
33243341,13314240,8364515,1240512,105,222,2021-01-06 00:16:39.000,Raparo,shoes,197.428524300000
34229218,13656544,719201,6633364,221,222,2021-01-05 00:20:25.000,Alaïa,shoes,615.885439500000
29893510,12826474,7630655,9189677,96,105,2021-01-06 00:00:55.000,Furla,bags,43.964660700000
33473193,12668700,9343872,10903599,105,195,2021-01-06 00:09:53.000,Marc Jacobs,bags,58.500000000000
34290714,13225889,897090,11115616,105,74,2021-01-07 00:03:02.000,Dior,accessories,40.500000000000
33293936,13338684,692676,11062481,74,74,2021-01-07 00:31:37.000,Rouje,clothing,111.176470588235
33255082,13077792,3081787,557279,74,105,2021-01-07 00:01:39.000,Non Signé / Unsigned,clothing,243.171000000000
34252170,9760484,10014669,6118059,81,21,2021-01-08 00:09:09.000,Non Signé / Unsigned,clothing,54.000000000000
34301678,13708602,3391628,78600,74,103,2021-01-07 00:22:38.000,Just Cavalli,clothing,67.860000000000
33330241,13502728,1229963,3580944,81,57,2021-01-03 00:33:58.000,Chanel,jewellery,237.977803800000
34582754,13290828,2152799,10898838,105,81,2021-01-14 00:19:30.000,Stine Goya,clothing,60.219000000000
34284568,13818168,7732364,5050004,105,203,2021-01-13 00:13:50.000,Louis Vuitton,jewellery,147.600000000000
33997519,12106904,2163621,7352764,81,21,2021-01-13 00:01:30.000,Levi's,clothing,57.336292800000
34274056,12466835,2622222,5439651,105,195,2021-01-14 00:22:42.000,Liu.Jo,bags,33.641176470588
34274056,12466835,2629929,5439951,105,195,2021-01-14 00:22:42.000,Liu.Jo,bags,33.641176470588
34274056,12466835,2629929,5409651,105,195,2021-01-14 00:22:42.000,Liu.Jo,bags,33.641176470588
32744107,13182926,5248447,8744248,21,84,2021-01-04 00:47:56.000,Hermès,design & decoration,877.239000000000
34153682,10210875,14335133,7915399,190,188,2021-01-04 00:19:22.000,Adidas,shoes,67.245516000000
33721861,13304838,11278314,11063214,222,222,2021-01-04 00:37:14.000,Stone Island,clothing,30.337078500000
33839683,13390289,95450,2429676,81,105,2021-01-14 00:20:48.000,Mou,shoes,144.000000000000
34190506,12681231,9191789,1940497,81,105,2021-01-14 00:16:30.000,Miu Miu,clothing,58.482000000000
34190506,12681231,9191789,1340437,81,105,2021-01-14 00:16:30.000,Miu Miu,clothing,58.482000000000
34053270,564843,11400548,296,74,21,2021-01-01 00:01:09.000,VESTIAIRECOLLECTIVE,,6.516894290552
34053270,564843,11400548,296,74,21,2021-01-01 00:01:09.000,VESTIAIRECOLLECTIVE,,6.516894290552
33944769,564843,11022772,996,74,223,2021-01-01 00:22:37.000,VESTIAIRECOLLECTIVE,,8.120787136220
33944769,564843,11022772,296,74,223,2021-01-01 00:22:37.000,VESTIAIRECOLLECTIVE,,8.120787136220
33944769,564843,11022772,296,74,223,2021-01-01 00:22:37.000,VESTIAIRECOLLECTIVE,,8.120787136220
33944769,564843,11722772,296,74,223,2021-01-01 00:22:37.000,VESTIAIRECOLLECTIVE,,8.120787136220
33944769,564843,11022772,216,74,223,2021-01-01 00:22:37.000,VESTIAIRECOLLECTIVE,,8.120787136220
33944769,564843,11022882,296,74,223,2021-01-01 00:22:37.000,VESTIAIRECOLLECTIVE,,8.120787136220
33824572,7842016,11355722,8051376,105,223,2021-01-01 00:04:42.000,Gucci,accessories,148.035305700000
33921761,10842199,11374939,7768414,204,105,2021-01-01 00:07:05.000,Gucci,accessories,325.024221600000
34080778,13739230,5514349,6742102,105,171,2021-01-15 00:42:50.000,Max Mara,shoes,40.500000000000
33525844,9447023,9076089,4515888,105,105,2021-01-15 00:05:25.000,Bark,clothing,30.600000000000
33525844,9447023,9076044,4515888,105,105,2021-01-15 00:05:25.000,Bark,clothing,30.600000000000
33891997,12014221,11365893,6776882,21,57,2021-01-15 00:23:05.000,Dsquared2,clothing,276.750000000000
34321727,13398371,677982,6811119,81,105,2021-01-15 00:00:44.000,Rouje,clothing,44.100000000000
34088580,13764497,8256664,5844781,222,222,2021-01-15 00:10:03.000,Sézane,clothing,50.055617700000
31684356,12830217,9589960,2147865,105,105,2021-01-05 00:22:43.000,Christian Dior,clothing,75.600000000000
33841426,13463594,6982880,10713641,105,222,2021-01-05 00:05:20.000,GCDS,clothing,173.930391900000
33819648,12203611,11244442,1882984,105,105,2021-01-05 00:27:35.000,Golden Goose,clothing,36.000000000000
33819648,12203611,11344442,1442934,105,105,2021-01-05 00:27:35.000,Golden Goose,clothing,36.000000000000
34053478,11009854,4283343,10008944,171,74,2021-01-10 00:22:39.000,Marc Jacobs,clothing,62.100000000000
34053478,11009854,4983343,10008922,171,74,2021-01-10 00:22:39.000,Marc Jacobs,clothing,62.100000000000
34053478,11009854,4283343,10008922,171,74,2021-01-10 00:22:39.000,Marc Jacobs,clothing,62.100000000000
33932124,8634439,6581999,8977971,105,74,2021-01-09 00:27:49.000,Dr. Martens,shoes,54.000000000000
33932124,8634439,6581377,8577571,105,74,2021-01-09 00:27:49.000,Dr. Martens,shoes,54.000000000000
30324989,13674895,3097141,10960439,117,81,2021-01-10 00:01:49.000,Dolce & Gabbana,bags,315.000000000000
33720277,13661660,6484187,9717370,81,74,2021-01-10 00:28:14.000,Dior,jewellery,137.805256800000
34423995,13740543,5482388,1870085,105,74,2021-01-10 00:08:58.000,Tom Ford,bags,234.461349900000
34326404,13585077,7451363,9605935,33,14,2021-01-10 00:23:57.000,Acne Studios,clothing,39.798119700000
33434018,12576552,1441455,1272868,222,222,2021-01-12 00:05:25.000,Prada,clothing,105.752497500000
33434018,12576552,1441495,1272858,222,222,2021-01-12 00:05:25.000,Prada,clothing,105.752497500000
33434018,12576552,1441495,1272898,222,222,2021-01-12 00:05:25.000,Prada,clothing,105.752497500000
34238862,11482921,11444337,9623923,203,105,2021-01-11 00:25:19.000,Missoni,clothing,38.244315991802
34238862,11482921,11444447,9823924,203,105,2021-01-11 00:25:19.000,Missoni,clothing,38.244315991802
34238862,11482921,11444337,7623724,203,105,2021-01-11 00:25:19.000,Missoni,clothing,38.244315991802
34238862,11482921,11444337,9623924,203,105,2021-01-11 00:25:19.000,Missoni,clothing,38.244315991802
33095201,11958519,7965565,5523412,81,74,2021-01-12 00:00:00.000,Dolce & Gabbana,clothing,307.458000000000
34326488,13713644,1888328,5560397,223,223,2021-01-11 00:22:09.000,Chanel,clothing,1168.070391000000
34280210,11612591,6754102,6513028,105,13,2021-01-12 00:32:32.000,Gucci,bags,592.069857300000
34377522,13133229,1521422,9363826,74,203,2021-01-11 00:23:27.000,Alberta Ferretti,clothing,30.378240000000
34465314,13693547,2156077,777853,74,74,2021-01-11 00:16:18.000,Gucci,accessories,40.500000000000
34457934,10151057,2368312,9550263,105,81,2021-01-11 00:03:51.000,Woolrich,clothing,114.219000000000
34346947,13733226,10481002,1097420,221,150,2021-01-08 00:26:11.000,Louis Vuitton,bags,194.454000000000
33875692,13404554,10854118,11181425,74,170,2021-01-07 00:16:43.000,Hermès,accessories,66.122460000000
34325562,13677527,5584040,185516,141,105,2021-01-08 00:21:25.000,Dolce & Gabbana,girls,63.000000000000
34325562,13677527,5584040,387736,141,105,2021-01-08 00:21:25.000,Dolce & Gabbana,girls,63.000000000000
34325562,13677527,5584040,187716,141,105,2021-01-08 00:21:25.000,Dolce & Gabbana,girls,63.000000000000
34325562,13677527,5584040,187716,141,105,2021-01-08 00:21:25.000,Dolce & Gabbana,girls,63.000000000000
34325562,13677527,5580000,187716,141,105,2021-01-08 00:21:25.000,Dolce & Gabbana,girls,63.000000000000
34325562,13677527,5574040,187716,141,105,2021-01-08 00:21:25.000,Dolce & Gabbana,girls,63.000000000000
34325562,13677527,5584343,187716,141,105,2021-01-08 00:21:25.000,Dolce & Gabbana,girls,63.000000000000
34325562,13677527,5584040,187716,141,105,2021-01-08 00:21:25.000,Dolce & Gabbana,girls,63.000000000000
34325562,13677527,5584040,187715,141,105,2021-01-08 00:21:25.000,Dolce & Gabbana,girls,63.000000000000
34325562,13677527,5584040,187716,141,105,2021-01-08 00:21:25.000,Dolce & Gabbana,girls,63.000000000000
34325562,13309306,5584040,1971949,81,105,2021-01-08 00:21:25.000,Louis Vuitton,clothing,400.500000000000
34325562,13309306,5584040,1971949,81,105,2021-01-08 00:21:25.000,Louis Vuitton,clothing,400.500000000000
34325562,13309306,5584949,1901949,81,105,2021-01-08 00:21:25.000,Louis Vuitton,clothing,400.500000000000
34325562,13309306,5584040,1961949,81,105,2021-01-08 00:21:25.000,Louis Vuitton,clothing,400.500000000000
34325562,13309306,5584040,1971949,81,105,2021-01-08 00:21:25.000,Louis Vuitton,clothing,400.500000000000
34325562,13309306,5584040,1971949,81,105,2021-01-08 00:21:25.000,Louis Vuitton,clothing,400.500000000000
34325562,13309306,5584040,1971949,81,105,2021-01-08 00:21:25.000,Louis Vuitton,clothing,400.500000000000
34325562,13309306,5584040,1071040,81,105,2021-01-08 00:21:25.000,Louis Vuitton,clothing,400.500000000000
34325562,13309306,5584040,1471444,81,105,2021-01-08 00:21:25.000,Louis Vuitton,clothing,400.500000000000
34325562,13309306,5584040,1971949,81,105,2021-01-08 00:21:25.000,Louis Vuitton,clothing,400.500000000000
34306503,9529329,1063525,2877511,74,175,2021-01-07 00:12:25.000,Louis Vuitton,clothing,202.950000000000
34306503,9529329,1066525,2877511,74,175,2021-01-07 00:12:25.000,Louis Vuitton,clothing,202.950000000000
34306503,9529329,1063525,2877511,74,175,2021-01-07 00:12:25.000,Louis Vuitton,clothing,202.950000000000
34306503,9529329,1063525,2877511,74,175,2021-01-07 00:12:25.000,Louis Vuitton,clothing,202.950000000000
33371471,13733162,2000942,1097450,221,105,2021-01-08 00:03:59.000,Louis Vuitton,bags,134.100000000000
33371471,13733162,2000942,1097450,221,105,2021-01-08 00:03:59.000,Louis Vuitton,bags,134.100000000000
33371471,13733162,2000942,1097450,221,105,2021-01-08 00:03:59.000,Louis Vuitton,bags,134.100000000000
34319728,11492184,2176167,10241631,222,132,2021-01-08 00:04:58.000,Hobbs,clothing,40.016191500000
34310907,10495867,11461333,9089704,105,203,2021-01-07 00:28:12.000,Zara,clothing,23.062500000000
34149715,11139018,5539981,8971009,74,74,2021-01-03 00:04:35.000,Saint Laurent,clothing,130.401000000000
34190991,13637524,6355244,4238668,74,97,2021-01-04 00:23:53.000,Non Signé / Unsigned,clothing,30.600000000000
33683238,13717968,9727919,10757202,105,103,2021-01-13 00:11:31.000,Louis Vuitton,jewellery,28.800000000000
33347836,7706036,7992905,2713655,53,223,2021-01-13 00:33:16.000,Prada,shoes,129.452441400000
34527431,11257910,11203137,8901883,222,222,2021-01-14 00:07:49.000,Non Signé / Unsigned,jewellery,100.982171700000
34486426,13784246,3544668,4288380,222,81,2021-01-14 00:37:43.000,Louis Vuitton,bags,365.040000000000
33551192,10716026,8219287,8510066,74,223,2021-01-13 00:12:05.000,Louis Vuitton,clothing,328.798771200000
34055199,13727823,9661500,8530077,222,38,2021-01-13 00:27:40.000,Chanel,accessories,494.077079700000
34540854,13531626,2237763,8814688,105,74,2021-01-13 00:08:30.000,Napapijri,clothing,76.500000000000
34191413,12749087,11492916,695347,21,124,2021-01-04 00:31:37.000,Adidas,shoes,26.752500000000
34098199,9151716,8373728,8767105,67,222,2021-01-04 00:43:33.000,Michael Kors,shoes,72.715428214502
34098199,9151716,8173728,8967105,67,222,2021-01-04 00:43:33.000,Michael Kors,shoes,72.715428214502
34098199,9151716,8176728,8967105,67,222,2021-01-04 00:43:33.000,Michael Kors,shoes,72.715428214502
33735225,13651465,8967063,1432674,105,223,2021-01-04 00:14:27.000,Coccinelle,bags,129.527586000000
33735225,13651465,6927063,1492674,105,223,2021-01-04 00:14:27.000,Coccinelle,bags,129.527586000000
33735225,13651465,8927063,1497674,105,223,2021-01-04 00:14:27.000,Coccinelle,bags,129.527586000000
34581306,13540711,11151405,2235635,222,222,2021-01-14 00:23:52.000,Chanel,clothing,1216.551724200000
34070284,13650187,6194353,9511831,222,72,2021-01-12 00:04:07.000,Ann Demeulemeester,shoes,189.798725700000
33946471,13430695,11380030,11325696,204,81,2021-01-13 00:12:46.000,Cartier,bags,245.015400600000
31734876,564843,3676311,296,74,223,2021-01-10 00:05:47.000,VESTIAIRECOLLECTIVE,,8.801955900000
34227140,564843,1204000,296,74,222,2021-01-10 00:18:50.000,VESTIAIRECOLLECTIVE,,7.097149685721
34227140,564843,1294090,296,74,222,2021-01-10 00:18:50.000,VESTIAIRECOLLECTIVE,,7.097149685721
34271433,12695085,11450856,9162320,222,222,2021-01-07 00:22:23.000,Prada,bags,50.701007700000
33758883,10846497,910985,5365612,74,223,2021-01-08 00:06:03.000,Christian Lacroix,jewellery,92.443903200000
34348720,12860258,11469595,7564512,105,223,2021-01-08 00:14:21.000,Arfango,shoes,106.281403200000
34153255,13715579,3065575,7570117,150,74,2021-01-08 00:25:23.000,Gucci,accessories,220.500000000000
33693786,13629797,10848998,971263,74,203,2021-01-03 00:11:34.000,Alexander McQueen,accessories,99.146460600000
33224769,11670255,1470813,8417353,170,170,2021-01-03 00:15:33.000,Melissa Odabash,clothing,53.505000000000
34125095,13571199,3735288,4496931,195,81,2021-01-03 00:04:55.000,Pandora,jewellery,23.400000000000
33673649,13390327,10520233,9494766,150,223,2021-01-04 00:20:22.000,Gucci,bags,722.817207000000
34320352,13294793,7445095,8972323,105,188,2021-01-13 00:13:03.000,Hermès,jewellery,402.341517000000
33249938,12917644,3354122,5382925,222,13,2021-01-13 00:35:16.000,The Row,shoes,183.408958800000
34491076,13822940,8039777,10337313,105,33,2021-01-13 00:21:20.000,Prada,bags,283.500000000000
33811168,12291439,8432169,543481,222,21,2021-01-13 00:05:46.000,Non Signé / Unsigned,clothing,92.745000000000
34112970,11171206,8372305,9964578,105,74,2021-01-03 00:13:25.000,Christian Louboutin,shoes,135.000000000000
33288177,13216784,2886560,10945865,105,74,2021-01-03 00:33:58.000,Christian Louboutin,shoes,248.328000000000
34295908,13675337,11491167,9378814,223,223,2021-01-07 00:08:01.000,Gucci,clothing,95.510160000000
34295908,13675337,11451167,9370214,223,223,2021-01-07 00:08:01.000,Gucci,clothing,95.510160000000
34295908,13675337,11451167,9370114,223,223,2021-01-07 00:08:01.000,Gucci,clothing,95.510160000000
34573853,8299508,7647085,3041410,74,171,2021-01-14 00:34:24.000,Maison Michel,accessories,153.000000000000
34274056,12438833,2629929,10802883,105,195,2021-01-14 00:22:42.000,Liu.Jo,bags,50.852941176470
34274056,12438833,8689989,10802883,105,195,2021-01-14 00:22:42.000,Liu.Jo,bags,50.852941176470
34274056,12438833,2629929,10809883,105,195,2021-01-14 00:22:42.000,Liu.Jo,bags,50.852941176470
31208900,13090034,10736329,9847818,105,84,2021-01-08 00:14:26.000,Versus,accessories,31.500000000000
33607917,12718788,7711266,0081633,223,223,2021-01-08 00:29:10.000,Burberry,clothing,49.756097700000
32879975,10314418,1111432,2079049,74,103,2021-01-07 00:29:06.000,Louis Vuitton,shoes,202.500000000000
34325562,4938951,9984040,4158667,33,105,2021-01-08 00:21:25.000,Giuseppe Zanotti,shoes,81.900000000000
34325562,4938951,5584040,4150667,33,105,2021-01-08 00:21:25.000,Giuseppe Zanotti,shoes,81.900000000000
34325562,4938951,5584040,4153667,33,105,2021-01-08 00:21:25.000,Giuseppe Zanotti,shoes,81.900000000000
34325562,4938951,5584040,4150667,33,105,2021-01-08 00:21:25.000,Giuseppe Zanotti,shoes,81.900000000000
34325562,4938951,5584040,4550667,33,105,2021-01-08 00:21:25.000,Giuseppe Zanotti,shoes,81.900000000000
34325562,4938951,8884040,4150667,33,105,2021-01-08 00:21:25.000,Giuseppe Zanotti,shoes,81.900000000000
34325562,4938951,5544040,4150667,33,105,2021-01-08 00:21:25.000,Giuseppe Zanotti,shoes,81.900000000000
34325562,4938951,5584040,4150667,33,105,2021-01-08 00:21:25.000,Giuseppe Zanotti,shoes,81.900000000000
34325562,4938951,5584040,4150667,33,105,2021-01-08 00:21:25.000,Giuseppe Zanotti,shoes,81.900000000000
34325562,4938951,5574040,4150667,33,105,2021-01-08 00:21:25.000,Giuseppe Zanotti,shoes,81.900000000000
34213993,13303675,1473736,10001100,105,195,2021-01-08 00:28:47.000,Gucci,shoes,225.000000000000
33643129,12951203,6051370,3568637,222,222,2021-01-04 00:21:04.000,Paper London,clothing,81.000000000000
33532965,13605898,11293534,9450764,223,223,2021-01-03 00:10:29.000,Telfar,bags,155.882081700000
33303199,12566059,14123282,2197717,81,105,2021-01-03 00:12:22.000,Peak Performance,clothing,50.400000000000
34149997,12400970,4265015,6861163,74,204,2021-01-03 00:18:53.000,Officine Generale,shoes,49.556309400000
34150193,13540351,9501708,10956405,74,203,2021-01-03 00:03:20.000,Celine,clothing,342.000000000000
34114105,8825196,6605141,5138880,170,223,2021-01-14 00:42:26.000,Louis Vuitton,pet accessories,1123.210536300000
34337579,13823444,541101,1483468,222,223,2021-01-13 00:06:39.000,Saint Laurent,shoes,188.468877600000
33771790,13620219,66345594,9975959,105,195,2021-01-04 00:13:40.000,Fendi,clothing,162.000000000000
34098199,12088110,8171728,734914,21,222,2021-01-04 00:43:33.000,Jimmy Choo,shoes,113.889785757503
34098199,12088110,8153528,434914,21,222,2021-01-04 00:43:33.000,Jimmy Choo,shoes,113.889785757503
34098199,12088110,8173718,734914,21,222,2021-01-04 00:43:33.000,Jimmy Choo,shoes,113.889785757503
33428100,12373035,10757696,7382540,105,57,2021-01-04 00:47:00.000,Sergio Rossi,shoes,63.294555600000
25308441,13569501,6111522,4779367,222,38,2021-01-14 00:20:17.000,Chanel,jewellery,283.905000000000
33907015,13799368,1116858,7786327,81,222,2021-01-14 00:11:14.000,Church's,shoes,175.058724600000
34568384,13330326,9575217,3425232,105,56,2021-01-14 00:09:37.000,Prada,accessories,100.111230000000
34332712,13287513,11468217,11117734,74,195,2021-01-13 00:17:58.000,Burberry,clothing,108.000000000000
33921769,13598236,3123051,11402825,74,74,2021-01-02 00:28:46.000,Nike x Sacaï,shoes,324.000000000000
33921769,13598236,3123051,66402825,74,74,2021-01-02 00:28:46.000,Nike x Sacaï,shoes,324.000000000000
33869849,13602437,18578164,11404308,222,222,2021-01-04 00:42:05.000,Bottega Veneta,accessories,97.165540800000
33718674,13483507,5061739,1906557,170,105,2021-01-05 00:40:40.000,Tommy Hilfiger,clothing,54.681669000000
34178760,13406802,11429107,9274530,223,223,2021-01-07 00:18:54.000,Coach,bags,46.285713900000
34176457,13094250,9418086,11137889,105,171,2021-01-07 00:25:20.000,Miu Miu,shoes,495.000000000000
34110774,9180519,5252325,8553539,81,84,2021-01-07 00:11:06.000,Self Portrait,clothing,57.600000000000
34546491,12088993,3272295,4363246,105,222,2021-01-13 00:39:35.000,Ralph Lauren Denim & Supply,clothing,50.900591700000
34528731,13822075,410949,6792818,105,74,2021-01-13 00:06:07.000,Brunello Cucinelli,clothing,162.000000000000
34528731,13822075,410949,6792818,105,74,2021-01-13 00:06:07.000,Brunello Cucinelli,clothing,162.000000000000
34304316,12938400,9826557,10000301,222,21,2021-01-13 00:16:05.000,Chanel,shoes,288.596450700000
33996680,12559930,4556818,10382380,223,222,2021-01-03 00:11:54.000,Co,clothing,158.116732200000
34096798,5998469,1268500,1319866,222,74,2021-01-03 00:05:08.000,Stella McCartney,clothing,74.025000000000
34148975,12456499,367448,163244,74,74,2021-01-03 00:31:05.000,Dior,accessories,62.910000000000
33897676,12840060,7551595,540481,74,171,2021-01-03 00:21:42.000,Chloé,shoes,236.358000000000
33769144,13474322,3654671,8829319,81,105,2021-01-04 00:08:27.000,Little Liffner,bags,60.300000000000
33744170,13278221,10734082,11239606,84,223,2021-01-14 00:36:31.000,Yves Saint Laurent,accessories,110.186053200000
33972680,11047354,16926856,447119,74,74,2021-01-14 00:20:53.000,Chanel,bags,53.901000000000
34079039,13262831,510105,454127,74,222,2021-01-01 00:12:43.000,Aquazzura,shoes,129.790949400000
34180479,11021184,10698866,10069913,223,223,2021-01-07 00:10:12.000,Hermès,bags,8086.026105900000
34258250,13622889,8696958,10252588,105,105,2021-01-07 00:05:14.000,Michael Kors,accessories,26.100000000000
34213869,13690404,9976263,11410306,105,195,2021-01-07 00:18:39.000,Tiffany & Co,jewellery,83.520000000000
34216620,12293710,5039651,6907405,96,81,2021-01-07 00:30:10.000,H&M Studio,clothing,59.962433400000
34216620,12293710,5034251,6707405,96,81,2021-01-07 00:30:10.000,H&M Studio,clothing,59.962433400000
34172589,12767980,4268980,10395120,105,105,2021-01-07 00:03:15.000,Gucci,bags,101.140577507599
34172589,12767980,4268987,10395128,105,105,2021-01-07 00:03:15.000,Gucci,bags,101.140577507599
34172589,12767980,7268980,10394128,105,105,2021-01-07 00:03:15.000,Gucci,bags,101.140577507599
34172589,12767980,4266960,19395128,105,105,2021-01-07 00:03:15.000,Gucci,bags,101.140577507599
34172589,12767980,4268980,70395728,105,105,2021-01-07 00:03:15.000,Gucci,bags,101.140577507599
34172589,12767980,4268980,10395128,105,105,2021-01-07 00:03:15.000,Gucci,bags,101.140577507599
33968675,13482695,7531612,2277261,105,81,2021-01-07 00:26:25.000,Hermès,accessories,45.000000000000
34325562,12385574,5524040,6324357,105,105,2021-01-08 00:21:25.000,Dolce & Gabbana,girls,56.700000000000
34325562,12385574,5584646,6324057,105,105,2021-01-08 00:21:25.000,Dolce & Gabbana,girls,56.700000000000
34325562,12385574,5584949,6324057,105,105,2021-01-08 00:21:25.000,Dolce & Gabbana,girls,56.700000000000
34325562,12385574,5584040,6324053,105,105,2021-01-08 00:21:25.000,Dolce & Gabbana,girls,56.700000000000
34325562,12385574,5584040,6424057,105,105,2021-01-08 00:21:25.000,Dolce & Gabbana,girls,56.700000000000
34325562,12385574,5584040,6324057,105,105,2021-01-08 00:21:25.000,Dolce & Gabbana,girls,56.700000000000
34325562,12385574,5584949,6324057,105,105,2021-01-08 00:21:25.000,Dolce & Gabbana,girls,56.700000000000
34325562,12385574,5584040,1324057,105,105,2021-01-08 00:21:25.000,Dolce & Gabbana,girls,56.700000000000
34325562,12385574,5584040,6424057,105,105,2021-01-08 00:21:25.000,Dolce & Gabbana,girls,56.700000000000
34325562,12385574,6684040,6324057,105,105,2021-01-08 00:21:25.000,Dolce & Gabbana,girls,56.700000000000
34141714,13701696,6327057,7606267,105,105,2021-01-07 00:21:45.000,Valentino Garavani,clothing,69.300000000000
34172589,11755773,4868980,3304448,150,105,2021-01-07 00:03:15.000,Gucci,clothing,96.930328267477
34172589,11755773,4268980,6644448,150,105,2021-01-07 00:03:15.000,Gucci,clothing,96.930328267477
34172589,11755773,4268989,6604448,150,105,2021-01-07 00:03:15.000,Gucci,clothing,96.930328267477
34172589,11755773,4268980,6606668,150,105,2021-01-07 00:03:15.000,Gucci,clothing,96.930328267477
34172589,11755773,4268980,6604448,150,105,2021-01-07 00:03:15.000,Gucci,clothing,96.930328267477
34172589,11755773,4261910,6604448,150,105,2021-01-07 00:03:15.000,Gucci,clothing,96.930328267477
34080292,4668084,11178459,2167477,21,21,2021-01-04 00:35:22.000,Delvaux,bags,465.624000000000
34149508,9107601,10247320,8952693,74,74,2021-01-03 00:02:49.000,Lancel,bags,143.901000000000
33957524,13803079,1661797,11074183,81,81,2021-01-13 00:18:44.000,Hermès,design & decoration,55.719000000000
33921378,12337615,9606306,7943472,105,204,2021-01-04 00:09:57.000,Emporio Armani,clothing,120.581112600000
33986640,12416144,547707,5602461,105,223,2021-01-03 00:30:25.000,Gucci,shoes,192.007362600000
34189881,12324881,11831906,7977056,14,14,2021-01-04 00:16:34.000,Karl Lagerfeld,bags,121.500000000000
33904376,13471681,11371394,3910938,124,222,2021-01-03 00:05:19.000,Celine,bags,1071.856149300000
34009764,9480937,11349392,8182155,222,81,2021-01-03 00:19:21.000,Prada,clothing,170.648873100000
33959892,13240860,8806336,11223214,105,13,2021-01-04 00:43:53.000,Vivienne Westwood,clothing,99.671062500000
34113499,13538129,11313618,060775,74,74,2021-01-03 00:08:46.000,Moncler,accessories,44.910000000000
33814299,5912362,10074014,1249542,222,222,2021-01-09 00:20:54.000,Zara,clothing,22.847679900000
33814299,5912362,10074014,1249542,222,222,2021-01-09 00:20:54.000,Zara,clothing,22.847679900000
33814299,5912362,10064014,1249542,222,222,2021-01-09 00:20:54.000,Zara,clothing,22.847679900000
33814299,5912362,10074014,1248542,222,222,2021-01-09 00:20:54.000,Zara,clothing,22.847679900000
33814299,5912362,10074014,1249542,222,222,2021-01-09 00:20:54.000,Zara,clothing,22.847679900000
33814299,5912362,10074014,1249542,222,222,2021-01-09 00:20:54.000,Zara,clothing,22.847679900000
33814299,5912362,10074014,1249542,222,222,2021-01-09 00:20:54.000,Zara,clothing,22.847679900000
33646304,12135356,11049442,5670742,74,105,2021-01-05 00:14:20.000,Louis Vuitton,bags,257.301000000000
33942522,13572833,4697286,10412115,105,21,2021-01-01 00:20:44.000,Acqua Di Parma,design & decoration,37.539000000000
32525401,12824549,7699494,11018585,74,74,2021-01-02 00:23:59.000,A. Testoni,shoes,73.701000000000
33152373,13200085,118838,10535133,195,74,2021-01-02 00:13:20.000,Montblanc,design & decoration,54.801000000000
34028409,13597531,1469615,00507752,105,74,2021-01-01 00:00:09.000,Gucci,accessories,183.627947368421
34028409,13597531,1469611,10517758,105,74,2021-01-01 00:00:09.000,Gucci,accessories,183.627947368421
33778749,10014339,10952610,8807650,84,105,2021-01-02 00:12:36.000,Fendi,bags,473.199607800000
34105278,13098023,2117012,5031932,74,21,2021-01-02 00:12:48.000,Autre Marque,jewellery,135.000000000000
34358786,13736824,5398044,18869798,105,57,2021-01-11 00:28:34.000,Marc Jacobs,bags,59.962500000000
34466157,13714891,1513887,7112070,105,74,2021-01-12 00:33:05.000,Tommy Jeans,clothing,31.500000000000
33417480,13751906,10171826,6055886,38,74,2021-01-11 00:02:35.000,Prada,bags,1061.539450200000
33597685,13772016,8379111,11252758,223,104,2021-01-11 00:16:48.000,Saint Laurent,shoes,449.176601250000
33597685,13772016,8376111,11242748,223,104,2021-01-11 00:16:48.000,Saint Laurent,shoes,449.176601250000
33597685,13772006,8372111,11242748,223,104,2021-01-11 00:16:48.000,Saint Laurent,shoes,449.176601250000
33597685,13772006,8322111,11242743,223,104,2021-01-11 00:16:48.000,Saint Laurent,shoes,449.176601250000
34396907,13307699,8860703,10835438,195,195,2021-01-11 00:07:04.000,Burberry,clothing,27.000000000000
34464595,11265396,33498534,8899011,96,223,2021-01-11 00:11:53.000,Christian Louboutin,shoes,409.629505500000
34319884,13452540,9648740,464847,222,124,2021-01-11 00:17:57.000,Smythson,accessories,203.211000000000
34319884,13452540,9648540,464847,222,124,2021-01-11 00:17:57.000,Smythson,accessories,203.211000000000
34420389,13576078,10408100,9358341,105,105,2021-01-11 00:10:05.000,Sport Max,clothing,25.200000000000
33911226,13407074,28731,11242741,223,74,2021-01-11 00:12:01.000,Saint Laurent,shoes,278.586000000000
34234084,13233259,3328368,10500098,223,38,2021-01-12 00:08:22.000,Prada,accessories,118.849911300000
34442322,8367658,11293025,776888,81,81,2021-01-12 00:13:06.000,Marchesa Notte,clothing,90.819000000000
33239261,11997542,9953451,0502301,175,170,2021-01-05 00:40:43.000,Jimmy Choo,shoes,110.700000000000
33475622,10716103,10345060,8893400,105,222,2021-01-05 00:15:15.000,Emilio Pucci,clothing,283.604514300000
34219486,13214835,281148,15585599,105,103,2021-01-05 00:38:35.000,Giorgio Armani,clothing,55.785261026043
34219486,13214835,281658,10010599,105,103,2021-01-05 00:38:35.000,Giorgio Armani,clothing,55.785261026043
34206491,12802851,5516166,9915000,103,150,2021-01-06 00:00:27.000,Longchamp,bags,112.500000000000
34036792,13665384,6032065,6227296,74,13,2021-01-05 00:10:53.000,Dolce & Gabbana,clothing,155.484562500000
34226185,13627387,399048,4220906,105,74,2021-01-06 00:05:56.000,The North Face,boys,36.000000000000
34226185,13627387,322048,4223936,105,74,2021-01-06 00:05:56.000,The North Face,boys,36.000000000000
33259354,6680261,4828314,0086172,81,57,2021-01-06 00:01:17.000,Prada,accessories,138.375000000000
33799553,12145751,5406800,8235795,105,195,2021-01-06 00:08:50.000,Converse,shoes,36.000000000000
33799553,12145751,5407800,8265795,105,195,2021-01-06 00:08:50.000,Converse,shoes,36.000000000000
32978659,11114539,7916651,10095038,105,195,2021-01-06 00:08:59.000,Levi's,clothing,30.568125000000
32978659,11114539,7516651,10095038,105,195,2021-01-06 00:08:59.000,Levi's,clothing,30.568125000000
32978659,11114539,7916651,10095038,105,195,2021-01-06 00:08:59.000,Levi's,clothing,30.568125000000
32978659,11114539,7916651,10095038,105,195,2021-01-06 00:08:59.000,Levi's,clothing,30.568125000000
32978659,11114539,7916651,10095038,105,195,2021-01-06 00:08:59.000,Levi's,clothing,30.568125000000
34228759,10837714,6617238,6715651,57,105,2021-01-05 00:19:13.000,Prada,shoes,43.667162100000
34056870,13562438,9803817,8000422,81,81,2021-01-02 00:31:02.000,Chanel,jewellery,80.919000000000
34056870,13562438,9103117,8000422,81,81,2021-01-02 00:31:02.000,Chanel,jewellery,80.919000000000
33501632,10113649,2557873,1256605,53,105,2021-01-01 00:36:11.000,Marc by Marc Jacobs,bags,90.000000000000
33501632,10113649,2557873,1256605,53,105,2021-01-01 00:36:11.000,Marc by Marc Jacobs,bags,90.000000000000
33501632,10113649,2557873,1266606,53,105,2021-01-01 00:36:11.000,Marc by Marc Jacobs,bags,90.000000000000
33501632,10113649,2557873,1256605,53,105,2021-01-01 00:36:11.000,Marc by Marc Jacobs,bags,90.000000000000
33501632,10113649,7557873,1286608,53,105,2021-01-01 00:36:11.000,Marc by Marc Jacobs,bags,90.000000000000
33501632,10113649,8557873,1756605,53,105,2021-01-01 00:36:11.000,Marc by Marc Jacobs,bags,90.000000000000
33501632,10113649,2557873,1256605,53,105,2021-01-01 00:36:11.000,Marc by Marc Jacobs,bags,90.000000000000
33112741,13524768,2781782,2568514,74,222,2021-01-02 00:08:08.000,Sandro,clothing,129.316277700000
33112741,13524768,2981682,2568513,74,222,2021-01-02 00:08:08.000,Sandro,clothing,129.316277700000
33869900,13431680,11110293,40937366,105,223,2021-01-05 00:27:56.000,Prada,bags,279.407729700000
34619311,13166730,3526903,2821884,105,222,2021-01-15 00:26:04.000,Jil Sander,clothing,72.223751700000
33796327,13315430,1443122,10821094,13,222,2021-01-15 00:19:29.000,Vetements,clothing,195.721537500000
33487195,8294288,3620460,7751389,150,223,2021-01-15 00:33:51.000,Louis Vuitton,bags,1388.761934400000
34500598,13097913,11476406,6437215,195,81,2021-01-15 00:01:44.000,Givenchy,clothing,124.200000000000
34432039,13497594,9234891,1226551,74,84,2021-01-11 00:15:20.000,Fendi,bags,130.500000000000
33187799,12519880,10030151,7014514,223,223,2021-01-12 00:32:59.000,Réalisation,clothing,88.307441100000
34389737,11838388,33479694,2352264,195,96,2021-01-11 00:07:09.000,Chanel,clothing,281.467528109373
34389737,11838388,11479694,2352264,195,96,2021-01-11 00:07:09.000,Chanel,clothing,281.467528109373
34389737,5818054,11439694,2352264,195,96,2021-01-11 00:07:09.000,Chanel,clothing,223.199440290627
34389737,5818054,11479694,2352264,195,96,2021-01-11 00:07:09.000,Chanel,clothing,223.199440290627
33344907,6994009,10403508,4898535,105,138,2021-01-12 00:36:58.000,Non Signé / Unsigned,clothing,96.824976095617
33344907,6994009,10703506,4898535,105,138,2021-01-12 00:36:58.000,Non Signé / Unsigned,clothing,96.824976095617
33344907,6994009,10703505,4898535,105,138,2021-01-12 00:36:58.000,Non Signé / Unsigned,clothing,96.824976095617
33344907,6994009,40703508,4898585,105,138,2021-01-12 00:36:58.000,Non Signé / Unsigned,clothing,96.824976095617
34369450,13368709,9898644,10324403,96,204,2021-01-09 00:09:25.000,Bottega Veneta,bags,66.721056300000
33708468,12572816,1589560,00899028,74,72,2021-01-09 00:05:13.000,Valentino Garavani,shoes,180.000000000000
34313233,13209692,5486388,1224115,222,222,2021-01-10 00:06:39.000,Brunello Cucinelli,clothing,51.769890000000
33841869,12689105,47896,6564129,74,74,2021-01-09 00:12:35.000,Hermès,accessories,225.000000000000
33843195,12542367,1937329,957244,74,13,2021-01-10 00:31:31.000,Isabel Marant,clothing,86.304129300000
34292260,10214991,676291,299395,74,74,2021-01-10 00:27:54.000,Christian Lacroix,jewellery,85.410000000000
34224219,13419384,9663446,6598493,222,105,2021-01-05 00:16:52.000,Gucci,shoes,332.823567600000
32978659,12542166,7916651,10327016,105,195,2021-01-06 00:08:59.000,Piquadro,bags,48.035625000000
32978659,12542166,7996659,10427016,105,195,2021-01-06 00:08:59.000,Piquadro,bags,48.035625000000
32978659,12542166,7916641,10457016,105,195,2021-01-06 00:08:59.000,Piquadro,bags,48.035625000000
32978659,12542166,7916651,10327016,105,195,2021-01-06 00:08:59.000,Piquadro,bags,48.035625000000
32978659,12542166,7919951,10427016,105,195,2021-01-06 00:08:59.000,Piquadro,bags,48.035625000000
33125471,11633014,10473026,3108043,33,223,2021-01-05 00:38:14.000,Fendi,shoes,143.427121200000
33125471,11633014,10873026,3308043,33,223,2021-01-05 00:38:14.000,Fendi,shoes,143.427121200000
34117905,13535068,40246790,6508493,222,14,2021-01-05 00:16:07.000,Stella McCartney,clothing,93.553337700000
33812879,11271615,33024,3179304,74,74,2021-01-05 00:12:27.000,Dior,clothing,165.801886792453
33812879,11271615,33324,3179304,74,74,2021-01-05 00:12:27.000,Dior,clothing,165.801886792453
33812879,11271615,33024,2179204,74,74,2021-01-05 00:12:27.000,Dior,clothing,165.801886792453
34270955,13515714,4436307,11357443,105,74,2021-01-06 00:04:05.000,Polo Ralph Lauren,clothing,18.000000000000
32105634,13403253,5726875,10003555,81,57,2021-01-06 00:20:11.000,Prada,bags,164.183652900000
33939867,13635099,5121877,11420038,117,124,2021-01-03 00:34:17.000,Gucci,clothing,81.000000000000
34464049,12215747,10838611,3500078,222,195,2021-01-15 00:19:49.000,Dsquared2,clothing,127.444034700000
34258450,13663947,9649040,11435493,74,204,2021-01-06 00:16:33.000,Hermès,jewellery,255.309667200000
34225352,13571450,1431444,11391982,222,222,2021-01-10 00:19:39.000,Aritzia,clothing,39.823020000000
33470886,13131459,11094675,11171663,105,171,2021-01-02 00:31:07.000,Gucci,accessories,100.233000000000
33642505,13604892,453928,5745604,81,150,2021-01-02 00:10:09.000,Chanel,clothing,713.016000000000
34108802,13139051,5559542,10484695,105,74,2021-01-02 00:36:10.000,Ballantyne,clothing,99.000000000000
33974728,12722075,11385148,10035020,223,100,2021-01-02 00:16:29.000,Louis Vuitton,design & decoration,193.339902600000
34094518,13682195,10380566,10363654,103,81,2021-01-06 00:16:32.000,Sézane,clothing,54.000000000000
34298130,13051227,6308988,179129,74,222,2021-01-15 00:16:53.000,Dior,bags,1342.457527500000
34250271,13060069,11446442,2015743,105,105,2021-01-15 00:13:21.000,Hermès,accessories,117.000000000000
34594374,13840028,5673364,4015693,105,13,2021-01-15 00:10:29.000,Louis Vuitton,accessories,237.639138477795
34594374,13840028,5673364,8015693,105,13,2021-01-15 00:10:29.000,Louis Vuitton,accessories,237.639138477795
34594374,13812773,5670064,4015693,105,13,2021-01-15 00:10:29.000,Louis Vuitton,accessories,229.952230022205
34594374,13812773,5673364,4415693,105,13,2021-01-15 00:10:29.000,Louis Vuitton,accessories,229.952230022205
33261743,13268395,9647755,5717118,57,21,2021-01-15 00:00:18.000,Gucci,accessories,190.836000000000
33826918,10356660,44356465,388183,74,222,2021-01-05 00:14:30.000,Balenciaga,shoes,212.450701500000
34015930,13748042,5692172,70690359,105,105,2021-01-09 00:28:08.000,Valentino Garavani,bags,1079.982000000000
34382190,8216898,11261477,8389160,105,74,2021-01-09 00:22:32.000,Emporio Armani,shoes,40.500000000000
34382190,8216898,11261477,8389160,105,74,2021-01-09 00:22:32.000,Emporio Armani,shoes,40.500000000000
34316043,11880426,4163201,6272243,222,195,2021-01-09 00:17:42.000,Loewe,bags,258.830384400000
34053478,13579524,4283343,2667469,105,74,2021-01-10 00:22:39.000,Moncler,clothing,180.000000000000
34053478,13579524,4283343,2337409,105,74,2021-01-10 00:22:39.000,Moncler,clothing,180.000000000000
34053478,13579524,4883343,2337769,105,74,2021-01-10 00:22:39.000,Moncler,clothing,180.000000000000
34377193,12672631,6020010,5644970,105,203,2021-01-09 00:04:46.000,Chanel,jewellery,117.566745300000
34386648,9687604,2429591,8293610,74,223,2021-01-09 00:14:58.000,Dior,accessories,109.757742300000
34209369,12959760,7776379,370642,222,222,2021-01-11 00:24:29.000,Madeleine Thompson,clothing,112.744686600000
34238862,13646059,11444337,1622229,105,105,2021-01-11 00:25:19.000,Max & Co,bags,43.064886651914
34238862,13646059,11444337,1623239,105,105,2021-01-11 00:25:19.000,Max & Co,bags,43.064886651914
34238862,13646059,11444339,1623239,105,105,2021-01-11 00:25:19.000,Max & Co,bags,43.064886651914
34238862,13646059,11444337,1623239,105,105,2021-01-11 00:25:19.000,Max & Co,bags,43.064886651914
34461882,13761122,11496815,8513104,222,103,2021-01-11 00:24:00.000,Alexa Chung,shoes,120.609888300000
33968556,13320815,3091812,5569971,195,14,2021-01-12 00:04:56.000,Longchamp,bags,135.000000000000
34364513,13599941,4072604,7588776,105,96,2021-01-12 00:35:35.000,Chanel,bags,1079.991000000000
34001236,12725448,6766056,16716817,105,222,2021-01-12 00:07:36.000,Ralph Lauren,clothing,61.946435700000
33796422,13722792,2784,4684725,124,74,2021-01-08 00:14:04.000,Dinh Van,jewellery,135.000000000000
34135654,13628581,8293077,9259881,203,150,2021-01-08 00:08:43.000,Louis Vuitton,accessories,238.500000000000
33698577,8874602,1654397,9071562,81,81,2021-01-08 00:01:20.000,Valentino Garavani,bags,101.619000000000
34325562,13454431,5584545,2432432,33,105,2021-01-08 00:21:25.000,Thom Browne,clothing,113.400000000000
34325562,13454431,5584040,2432432,33,105,2021-01-08 00:21:25.000,Thom Browne,clothing,113.400000000000
34325562,13454431,0084040,2432432,33,105,2021-01-08 00:21:25.000,Thom Browne,clothing,113.400000000000
34325562,13454431,5588080,2432432,33,105,2021-01-08 00:21:25.000,Thom Browne,clothing,113.400000000000
34325562,13454431,5584343,2432432,33,105,2021-01-08 00:21:25.000,Thom Browne,clothing,113.400000000000
34325562,13454431,5584040,2432432,33,105,2021-01-08 00:21:25.000,Thom Browne,clothing,113.400000000000
34325562,13454431,5564040,2432432,33,105,2021-01-08 00:21:25.000,Thom Browne,clothing,113.400000000000
34325562,13454431,5584040,2432432,33,105,2021-01-08 00:21:25.000,Thom Browne,clothing,113.400000000000
34325562,13454431,5583030,9439439,33,105,2021-01-08 00:21:25.000,Thom Browne,clothing,113.400000000000
34325562,13454431,5584040,3433433,33,105,2021-01-08 00:21:25.000,Thom Browne,clothing,113.400000000000
34188824,9067958,3120383,560290,74,105,2021-01-08 00:27:19.000,Gucci,clothing,148.500000000000
33547419,13792128,5400947,3004770,105,195,2021-01-13 00:00:00.000,Prada,shoes,162.000000000000
33648360,13309706,11077754,3338164,171,81,2021-01-13 00:24:23.000,Acne Studios,clothing,72.000000000000
34542487,13532318,1513766,11367489,203,195,2021-01-14 00:07:02.000,Loewe,bags,391.500000000000
34584987,13671049,11523838,3253749,105,105,2021-01-14 00:33:04.000,Gucci,bags,353.691000000000
34306503,12597298,1063525,7299612,117,175,2021-01-07 00:12:25.000,Louis Vuitton,clothing,174.352500000000
34306503,12597298,1063525,1299612,117,175,2021-01-07 00:12:25.000,Louis Vuitton,clothing,174.352500000000
34306503,12597298,1063525,7299612,117,175,2021-01-07 00:12:25.000,Louis Vuitton,clothing,174.352500000000
34306503,12597298,1063525,7299612,117,175,2021-01-07 00:12:25.000,Louis Vuitton,clothing,174.352500000000
34325562,12779155,5584040,2896936,81,105,2021-01-08 00:21:25.000,Thom Browne,clothing,56.700000000000
34325562,12779155,5584040,2896936,81,105,2021-01-08 00:21:25.000,Thom Browne,clothing,56.700000000000
34325562,12779155,5584040,2886836,81,105,2021-01-08 00:21:25.000,Thom Browne,clothing,56.700000000000
34325562,12779155,5584949,2696936,81,105,2021-01-08 00:21:25.000,Thom Browne,clothing,56.700000000000
34325562,12779155,5582020,2896936,81,105,2021-01-08 00:21:25.000,Thom Browne,clothing,56.700000000000
34325562,12779155,5584040,2896936,81,105,2021-01-08 00:21:25.000,Thom Browne,clothing,56.700000000000
34325562,12779155,5584040,4896936,81,105,2021-01-08 00:21:25.000,Thom Browne,clothing,56.700000000000
34325562,12779155,5584040,2886836,81,105,2021-01-08 00:21:25.000,Thom Browne,clothing,56.700000000000
34325562,12779155,5584040,2896936,81,105,2021-01-08 00:21:25.000,Thom Browne,clothing,56.700000000000
34325562,12779155,5584040,2896936,81,105,2021-01-08 00:21:25.000,Thom Browne,clothing,56.700000000000
34201139,13042871,493561,3190988,21,105,2021-01-13 00:00:08.000,Saint Laurent,bags,333.000000000000
33980040,13467934,1066882,8026351,105,74,2021-01-13 00:25:56.000,Balenciaga,bags,779.373000000000
34023995,11946911,7550819,00576605,14,14,2021-01-03 00:26:04.000,Miu Miu,bags,72.000000000000
33957702,13061511,8376887,16165763,74,74,2021-01-04 00:22:21.000,Sandro,clothing,44.079126875852
33957702,13061511,8376857,10165703,74,74,2021-01-04 00:22:21.000,Sandro,clothing,44.079126875852
33957702,13061511,8376857,10168703,74,74,2021-01-04 00:22:21.000,Sandro,clothing,44.079126875852
33957702,13061511,8371857,10165103,74,74,2021-01-04 00:22:21.000,Sandro,clothing,44.079126875852
33957702,13061511,8376857,10115703,74,74,2021-01-04 00:22:21.000,Sandro,clothing,44.079126875852
33957702,13061511,8376857,10165703,74,74,2021-01-04 00:22:21.000,Sandro,clothing,44.079126875852
33957702,13061511,8316851,12165723,74,74,2021-01-04 00:22:21.000,Sandro,clothing,44.079126875852
33957702,13061511,8376867,10165703,74,74,2021-01-04 00:22:21.000,Sandro,clothing,44.079126875852
33750413,13224753,3269221,8287881,105,74,2021-01-04 00:29:25.000,Prada,shoes,455.202000000000
33926387,12009707,11375802,9610389,74,74,2021-01-03 00:33:46.000,Roger Vivier,shoes,179.793000000000
34003742,13635553,4893241,4313544,105,81,2021-01-03 00:33:14.000,Louis Vuitton,bags,459.000000000000
33860585,13589777,5607318,7329270,203,72,2021-01-03 00:04:26.000,Totême,clothing,542.988681300000
33826715,13581192,1617103,193223,74,105,2021-01-04 00:35:47.000,La Perla,clothing,43.200000000000
33826715,13581192,1617103,195225,74,105,2021-01-04 00:35:47.000,La Perla,clothing,43.200000000000
33826715,13581192,1817103,195225,74,105,2021-01-04 00:35:47.000,La Perla,clothing,43.200000000000
31365477,13549796,5624368,4635865,188,223,2021-01-04 00:24:44.000,Chanel,jewellery,453.294933300000
34037561,13595901,11247769,4541549,81,222,2021-01-04 00:28:47.000,Gucci,bags,145.763084700000
34072956,13153473,874477,8304944,105,74,2021-01-14 00:36:15.000,Miu Miu,shoes,71.433000000000
34576696,13352515,00487372,9869116,105,105,2021-01-14 00:22:35.000,Peuterey,clothing,63.000000000000
33904666,7097377,11371457,8148319,222,222,2021-01-02 00:09:17.000,All Saints,clothing,68.142858300000
33904666,7097377,11371457,8108319,222,222,2021-01-02 00:09:17.000,All Saints,clothing,68.142858300000
33904666,7097377,11381458,8168319,222,222,2021-01-02 00:09:17.000,All Saints,clothing,68.142858300000
32939199,13556309,6476501,10583632,81,14,2021-01-02 00:23:42.000,Chanel,bags,540.801000000000
34350144,13687874,10114309,8149504,105,105,2021-01-09 00:26:22.000,Gucci,accessories,125.982000000000
33992828,13572268,11300759,11209485,222,56,2021-01-05 00:06:55.000,Diane Von Furstenberg,clothing,209.600153100000
34023694,13641823,10660560,7070527,74,175,2021-01-05 00:21:02.000,Gucci,shoes,388.125000000000
34053218,10550679,10347634,236265,222,223,2021-01-05 00:16:23.000,Gucci,accessories,208.509534000000
34230025,13582380,11442111,11090952,175,38,2021-01-05 00:24:52.000,Dior Homme,clothing,816.011354700000
34347251,12783545,90626978,10833010,222,222,2021-01-11 00:25:33.000,Supreme,clothing,57.935627100000
34464430,11586379,155812,1824070,195,204,2021-01-11 00:05:28.000,Zara,clothing,45.801000000000
34403416,13742401,8756058,6633777,105,74,2021-01-10 00:09:37.000,Hermès,accessories,171.558000000000
34606710,12870349,9396743,11054955,33,81,2021-01-15 00:12:13.000,D&G,bags,36.000000000000
31890471,13851731,9303622,9990290,150,105,2021-01-15 00:31:50.000,Etro,accessories,45.000000000000
30049363,12655832,5564425,9972764,105,13,2021-01-15 00:12:11.000,Supreme,clothing,55.869376500000
34229725,12780118,6032065,8619588,105,13,2021-01-05 00:13:11.000,Dolce & Gabbana,clothing,178.817062500000
32272345,13678572,1913791,458176,176,13,2021-01-06 00:17:24.000,Chanel,shoes,1014.136047900000
34146905,13222840,6101955,9443561,105,74,2021-01-05 00:42:11.000,Hardy Amies,clothing,121.500000000000
33901488,13574505,8062532,11072130,222,222,2021-01-06 00:05:21.000,Stone Island,clothing,92.097981900000
33675681,13428355,7266989,4898477,105,57,2021-01-06 00:00:10.000,Non Signé / Unsigned,clothing,43.357500000000
34037364,13291227,11314017,3425512,105,74,2021-01-05 00:12:54.000,Dolce & Gabbana,clothing,80.910000000000
34225755,13615198,11440941,10043204,81,74,2021-01-05 00:27:43.000,Michael Kors,bags,135.000000000000
34161221,13584855,5086667,9678940,105,74,2021-01-15 00:23:56.000,La Perla,clothing,31.401000000000
33612627,10943709,11318657,9949336,223,204,2021-01-14 00:39:11.000,Off-White,clothing,148.983867000000
33612627,10943709,11312657,9949836,223,204,2021-01-14 00:39:11.000,Off-White,clothing,148.983867000000
34548604,13772072,4662622,9071862,81,223,2021-01-15 00:11:30.000,Isabel Marant,shoes,221.808553200000
34016350,9109422,9257907,7617754,105,84,2021-01-08 00:06:29.000,Pandora,jewellery,47.700000000000
34287449,13355902,8162851,11719461,74,204,2021-01-07 00:01:10.000,Isabel Marant Etoile,clothing,276.229020600000
34344689,11255070,10926349,4221751,105,223,2021-01-08 00:29:10.000,Ermanno Scervino,clothing,101.824803509594
34344689,11255070,10926319,4221781,105,223,2021-01-08 00:29:10.000,Ermanno Scervino,clothing,101.824803509594
33770728,12785002,327936,18121762,222,222,2021-01-08 00:03:06.000,Manoush,clothing,75.701773800000
34036936,10819912,2663026,388736,222,203,2021-01-07 00:00:30.000,Mcq,jewellery,58.241400300000
34310937,13576662,3837317,10574000,222,195,2021-01-07 00:20:46.000,Saint Laurent,accessories,117.129571200000
34289894,12896386,2211216,11282392,222,141,2021-01-08 00:23:19.000,Fendi,bags,781.184999700000
34191320,12256848,22432285,8715957,189,223,2021-01-04 00:30:19.000,Y-3,clothing,135.101869200000
33225434,13502724,2717581,11200090,223,223,2021-01-03 00:11:17.000,Saint Laurent,clothing,73.710090000000
34142806,12696988,10331866,14254999,105,38,2021-01-03 00:01:30.000,Gucci,shoes,283.667085000000
33431532,3161772,8978251,726011,222,222,2021-01-03 00:03:44.000,La Perla,clothing,76.968684000000
34385606,13753354,1793842,8824487,150,81,2021-01-13 00:12:36.000,Alice & Olivia,design & decoration,51.184384615384
34385606,13753354,1793842,8824487,150,81,2021-01-13 00:12:36.000,Alice & Olivia,design & decoration,51.184384615384
34393956,13796890,10837818,4674262,53,105,2021-01-13 00:28:05.000,Hunter,shoes,58.500000000000
34223325,13122419,3005641,683895,84,223,2021-01-13 00:20:23.000,Mango,clothing,40.950000000000
34451384,13512776,5484810,6171632,74,203,2021-01-13 00:08:05.000,Gucci,shoes,124.537500000000
34230300,10977907,1909535,9017069,105,222,2021-01-14 00:14:21.000,Gucci,clothing,216.779005800000
32948701,13609478,5477137,21217,74,13,2021-01-14 00:20:36.000,Chloé,shoes,114.044508000000
32948701,13609478,1477137,21217,74,13,2021-01-14 00:20:36.000,Chloé,shoes,114.044508000000
34205109,12627170,22062878,9689459,171,105,2021-01-14 00:08:33.000,Elisabetta Franchi,clothing,56.700000000000
34079512,9615035,1500084,9074862,81,223,2021-01-04 00:08:25.000,MSGM,clothing,268.826231700000
34147773,11341463,11421833,9071762,81,170,2021-01-04 00:36:10.000,Essentiel Antwerp,clothing,131.005570500000
34147773,11341463,11421833,9071462,81,170,2021-01-04 00:36:10.000,Essentiel Antwerp,clothing,131.005570500000
34568565,9202427,3226664,2981510,105,195,2021-01-14 00:02:02.000,Louis Vuitton,bags,297.000000000000
34576760,13797028,11524778,9535240,105,81,2021-01-14 00:21:10.000,Saint Laurent,clothing,199.962000000000
31450320,10400915,1467007,4197515,57,81,2021-01-05 00:34:14.000,Balenciaga,bags,145.069668000000
34229783,13656903,11442082,7588160,223,223,2021-01-05 00:17:11.000,Lemaire,clothing,129.736408500000
34147615,13673065,8712930,6099695,81,150,2021-01-06 00:19:21.000,Non Signé / Unsigned,clothing,72.000000000000
34424441,13572489,11488313,8398310,171,103,2021-01-15 00:08:02.000,Mexicana,shoes,162.342000000000
34174034,11978624,11422222,10605773,13,223,2021-01-05 00:09:53.000,Moncler,accessories,145.660597200000
34067908,13562783,11213813,9643266,105,105,2021-01-02 00:03:19.000,Polo Ralph Lauren,clothing,103.500000000000
34067908,13562783,11213853,9643266,105,105,2021-01-02 00:03:19.000,Polo Ralph Lauren,clothing,103.500000000000
34067908,13562783,11213853,9643266,105,105,2021-01-02 00:03:19.000,Polo Ralph Lauren,clothing,103.500000000000
34067908,13562783,11213843,9648266,105,105,2021-01-02 00:03:19.000,Polo Ralph Lauren,clothing,103.500000000000
33944769,12938445,11022772,9341239,195,223,2021-01-01 00:22:37.000,Yohji Yamamoto,clothing,253.311911019167
33944769,12938445,11322772,9346239,195,223,2021-01-01 00:22:37.000,Yohji Yamamoto,clothing,253.311911019167
33944769,12938445,11022772,9340239,195,223,2021-01-01 00:22:37.000,Yohji Yamamoto,clothing,253.311911019167
33944769,12938445,11022332,8340238,195,223,2021-01-01 00:22:37.000,Yohji Yamamoto,clothing,253.311911019167
33944769,12938445,77022772,9340239,195,223,2021-01-01 00:22:37.000,Yohji Yamamoto,clothing,253.311911019167
33944769,12938445,11022002,9340239,195,223,2021-01-01 00:22:37.000,Yohji Yamamoto,clothing,253.311911019167
33740476,12194028,3974437,5643610,150,57,2021-01-01 00:07:18.000,Christian Dior,jewellery,132.645965400000
33642962,9062042,2048115,6239168,105,203,2021-01-15 00:28:17.000,Emilio Pucci,bags,122.928670800000
34141243,13660917,3844306,0300671,81,171,2021-01-05 00:03:47.000,Ganni,clothing,72.000000000000
33677513,10933216,5972259,6982392,222,150,2021-01-09 00:13:08.000,Chanel,clothing,489.313530000000
33677513,10933216,5972259,6989394,222,150,2021-01-09 00:13:08.000,Chanel,clothing,489.313530000000
33677513,10933216,5932259,6982394,222,150,2021-01-09 00:13:08.000,Chanel,clothing,489.313530000000
33677513,10933216,5972259,6989394,222,150,2021-01-09 00:13:08.000,Chanel,clothing,489.313530000000
33677513,10933216,5972259,6982394,222,150,2021-01-09 00:13:08.000,Chanel,clothing,489.313530000000
33495310,13377872,6376777,11089197,170,74,2021-01-09 00:15:52.000,Michael Kors,clothing,72.000000000000
32671032,9593079,9194438,2853815,150,195,2021-01-10 00:05:45.000,Hogan,shoes,90.000000000000
33922535,13517975,10816125,2331798,84,222,2021-01-10 00:02:54.000,Dkny,clothing,65.855822400000
34424362,11160779,7381558,9926698,74,74,2021-01-10 00:23:47.000,The Kooples,clothing,27.000000000000
34423007,12594826,11487955,0402085,105,223,2021-01-10 00:21:04.000,Moschino,bags,129.502079100000
34379232,13751303,77476887,9300480,44,74,2021-01-11 00:27:18.000,Dior,jewellery,138.686290676772
34379232,13751303,11276887,9370487,44,74,2021-01-11 00:27:18.000,Dior,jewellery,138.686290676772
34465402,10529085,11204842,5456689,105,84,2021-01-11 00:23:50.000,Maison Martin Margiela,shoes,43.200000000000
33261588,13284094,5904561,9264251,105,74,2021-01-06 00:01:43.000,Zara,clothing,39.510000000000
34394152,12396110,1182760,772174,195,222,2021-01-11 00:10:57.000,Celine,shoes,200.559977100000
33656441,13654349,2200347,4535840,223,223,2021-01-12 00:14:17.000,Ganni,accessories,54.456255000000
34453375,13650972,7610142,664630,74,171,2021-01-12 00:14:07.000,Chanel,accessories,173.358000000000
34504834,13396962,3669137,8288268,105,74,2021-01-12 00:36:02.000,Vivienne Westwood,bags,130.401000000000
33835262,13503073,8577087,6841158,105,150,2021-01-05 00:22:11.000,Acne Studios,shoes,216.000000000000
33415990,7603866,8521772,2650429,105,204,2021-01-06 00:06:50.000,Kenzo,clothing,53.433000000000
33415990,7603866,8541774,6610469,105,204,2021-01-06 00:06:50.000,Kenzo,clothing,53.433000000000
33415990,7603866,8541884,2610429,105,204,2021-01-06 00:06:50.000,Kenzo,clothing,53.433000000000
33415990,7603866,9541774,2618429,105,204,2021-01-06 00:06:50.000,Kenzo,clothing,53.433000000000
33415990,7603866,8541774,8610489,105,204,2021-01-06 00:06:50.000,Kenzo,clothing,53.433000000000
33799553,12670907,5400800,7655676,170,195,2021-01-06 00:08:50.000,Non Signé / Unsigned,clothing,22.500000000000
33799553,12670907,5407800,7355676,170,195,2021-01-06 00:08:50.000,Non Signé / Unsigned,clothing,22.500000000000
34295908,8738488,11451160,5355565,141,223,2021-01-07 00:08:01.000,Gucci,clothing,106.357500000000
34295908,8738488,11431167,5355562,141,223,2021-01-07 00:08:01.000,Gucci,clothing,106.357500000000
34295908,8738488,11451167,5355562,141,223,2021-01-07 00:08:01.000,Gucci,clothing,106.357500000000
33261407,13540161,8925257,11217590,105,103,2021-01-08 00:26:11.000,Non Signé / Unsigned,shoes,105.660000000000
34207241,13705397,1318545,4123487,195,74,2021-01-07 00:22:02.000,Jean Paul Gaultier,clothing,84.717630000000
34306503,11075677,1063525,6969457,74,175,2021-01-07 00:12:25.000,Louis Vuitton,clothing,535.050000000000
34306503,11075677,2063525,6969457,74,175,2021-01-07 00:12:25.000,Louis Vuitton,clothing,535.050000000000
34306503,11075677,1063575,6868457,74,175,2021-01-07 00:12:25.000,Louis Vuitton,clothing,535.050000000000
34306503,11075677,1063525,6262457,74,175,2021-01-07 00:12:25.000,Louis Vuitton,clothing,535.050000000000
34347863,13337580,6658052,3225007,195,221,2021-01-08 00:11:18.000,Bodaskins,clothing,155.570068800000
34233660,9153130,10547414,8356419,195,223,2021-01-08 00:16:06.000,Salvatore Ferragamo,shoes,91.814677200000
34218836,12194547,10484774,3367285,105,105,2021-01-14 00:21:20.000,Le Silla,shoes,53.877348837210
34218836,12194547,10484774,3367281,105,105,2021-01-14 00:21:20.000,Le Silla,shoes,53.877348837210
33732015,13809272,3429914,11117717,195,72,2021-01-14 00:22:00.000,Gucci,shoes,202.491000000000
33564301,13217818,3313535,0602860,105,105,2021-01-03 00:05:46.000,Gucci,bags,135.000000000000
34087755,13550504,3034533,6858314,195,195,2021-01-04 00:31:12.000,Sandro,clothing,49.500000000000
34183313,10195237,9642066,8562352,105,105,2021-01-04 00:20:27.000,Flavio Castellani,clothing,25.200000000000
34186124,7214137,10527458,2595995,105,195,2021-01-04 00:27:59.000,Nike,shoes,25.200000000000
34186124,7214137,40527458,3595995,105,195,2021-01-04 00:27:59.000,Nike,shoes,25.200000000000
33147137,9737541,5004000,1466544,222,222,2021-01-03 00:19:38.000,Alyx,clothing,74.952942300000
33998297,13222452,3255025,7839949,222,222,2021-01-04 00:13:00.000,Gucci,jewellery,56.497752900000
34197271,12234121,10042948,8280774,74,195,2021-01-05 00:11:03.000,Marc by Marc Jacobs,clothing,36.720000000000
33299383,13697746,1302061,4623513,105,105,2021-01-07 00:30:59.000,Non Signé / Unsigned,bags,35.100000000000
33433280,13686774,5469376,8131434,105,195,2021-01-07 00:07:13.000,Hogan,shoes,40.500000000000
33433280,13686774,5469316,8130434,105,195,2021-01-07 00:07:13.000,Hogan,shoes,40.500000000000
33433280,13686774,5469116,8130434,105,195,2021-01-07 00:07:13.000,Hogan,shoes,40.500000000000
34064586,12245386,11403056,4361863,222,105,2021-01-08 00:08:34.000,Issey Miyake,clothing,180.738000000000
31363369,12714961,10481933,8724227,223,74,2021-01-08 00:20:49.000,Michael Kors,accessories,144.882000000000
34064195,12923582,99348273,3317285,105,74,2021-01-13 00:03:42.000,Dior,design & decoration,26.901000000000
34545585,13812988,8300422,5400269,105,74,2021-01-13 00:04:19.000,Mes Demoiselles ...,clothing,40.500000000000
34545585,13812988,8300422,5403269,105,74,2021-01-13 00:04:19.000,Mes Demoiselles ...,clothing,40.500000000000
34545585,13812988,8300466,5403269,105,74,2021-01-13 00:04:19.000,Mes Demoiselles ...,clothing,40.500000000000
34545585,13780617,8300422,5403269,105,74,2021-01-13 00:04:19.000,Iro,clothing,76.401000000000
34545585,13780617,8900422,5403269,105,74,2021-01-13 00:04:19.000,Iro,clothing,76.401000000000
34545585,13780617,8300422,5402269,105,74,2021-01-13 00:04:19.000,Iro,clothing,76.401000000000
34545585,13813239,8300422,5403260,105,74,2021-01-13 00:04:19.000,Non Signé / Unsigned,jewellery,53.901000000000
34545585,13813239,8322422,5403269,105,74,2021-01-13 00:04:19.000,Non Signé / Unsigned,jewellery,53.901000000000
34545585,13813239,8300422,5403289,105,74,2021-01-13 00:04:19.000,Non Signé / Unsigned,jewellery,53.901000000000
34511940,13754813,577638,6757536,105,74,2021-01-13 00:05:52.000,Nike x Off-White,shoes,734.373000000000
34486863,13785265,8077926,7564637,74,57,2021-01-13 00:25:08.000,Mira Mikati,clothing,58.500000000000
34546835,13827223,619125,7274737,74,74,2021-01-13 00:33:23.000,Dr. Martens,shoes,76.500000000000
34189451,7605758,11007463,4641,74,195,2021-01-04 00:38:26.000,Iro,clothing,168.345000000000
33414732,13181185,8626833,5083447,105,74,2021-01-03 00:05:29.000,Louis Vuitton,bags,454.500000000000
33743931,12749320,11334870,11000346,96,223,2021-01-04 00:39:34.000,Vivienne Westwood,bags,112.299865200000
34419045,13776090,11115444,10836510,105,74,2021-01-14 00:24:48.000,Dolce & Gabbana,shoes,108.000000000000
34166735,12173406,2281934,3597747,97,74,2021-01-14 00:39:45.000,Prada,shoes,8.433000000000
33558762,13442499,2643809,2782444,74,105,2021-01-07 00:06:43.000,Dolce & Gabbana,clothing,185.382000000000
34310867,9282011,8154581,940292,195,223,2021-01-07 00:17:38.000,Gucci,shoes,382.508724600000
33986206,13275088,9518491,518126,222,222,2021-01-07 00:21:59.000,Self Portrait,clothing,89.700996600000
34582715,13732082,6548752,7918306,105,105,2021-01-14 00:15:04.000,Fendi,accessories,40.500000000000
34504126,13379447,11500050,2482076,222,222,2021-01-14 00:39:41.000,Jil Sander,shoes,72.638848572201
34504126,13379447,11507750,2183076,222,222,2021-01-14 00:39:41.000,Jil Sander,shoes,72.638848572201
34504126,13379447,11507750,2483076,222,222,2021-01-14 00:39:41.000,Jil Sander,shoes,72.638848572201
34403357,13614771,5226969,6895672,81,223,2021-01-13 00:07:06.000,Gucci,clothing,460.117623600000
34482204,9951282,4840816,9887772,195,195,2021-01-13 00:17:40.000,Loewe,clothing,103.500000000000
34482204,9951282,4840816,6887772,195,195,2021-01-13 00:17:40.000,Loewe,clothing,103.500000000000
33453682,13628041,50869775,1771542,81,105,2021-01-03 00:12:10.000,Saint Laurent,bags,153.000000000000
33104752,10049404,7696867,6009405,105,223,2021-01-03 00:13:36.000,Dsquared2,clothing,194.056326000000
33104752,10049404,7696067,6009465,105,223,2021-01-03 00:13:36.000,Dsquared2,clothing,194.056326000000
34192217,10919790,14996342,7373900,141,222,2021-01-14 00:33:30.000,Miu Miu,clothing,78.580091700000
34192217,10919790,10006302,3333900,141,222,2021-01-14 00:33:30.000,Miu Miu,clothing,78.580091700000
34192217,10919790,10996302,4343900,141,222,2021-01-14 00:33:30.000,Miu Miu,clothing,78.580091700000
34192217,10919790,00996302,7373900,141,222,2021-01-14 00:33:30.000,Miu Miu,clothing,78.580091700000
34368576,13806563,2787847,3868088,74,150,2021-01-14 00:22:37.000,Play Comme des Garçons,clothing,87.048000000000
34549770,13858492,9128061,518313,105,223,2021-01-15 00:04:12.000,Prada,clothing,395.962983900000
33344907,564843,10703508,296,74,138,2021-01-12 00:36:58.000,VESTIAIRECOLLECTIVE,,6.938247011953
33344907,564843,10703508,296,74,138,2021-01-12 00:36:58.000,VESTIAIRECOLLECTIVE,,6.938247011953
33344907,564843,10703508,296,74,138,2021-01-12 00:36:58.000,VESTIAIRECOLLECTIVE,,6.938247011953
33344907,564843,40703508,296,74,138,2021-01-12 00:36:58.000,VESTIAIRECOLLECTIVE,,6.938247011953
34464633,13773453,9590344,11490499,105,21,2021-01-12 00:00:23.000,Rebecca,clothing,11.700000000000
34102083,564843,40547,296,74,74,2021-01-05 00:09:36.000,VESTIAIRECOLLECTIVE,,8.100000000000
34230073,564843,1916816,294,74,105,2021-01-05 00:25:06.000,VESTIAIRECOLLECTIVE,,8.100000000000
34098199,3042859,8473728,2979940,222,222,2021-01-04 00:43:33.000,Alexander McQueen,shoes,96.412430127994
34098199,3042859,8178728,6979948,222,222,2021-01-04 00:43:33.000,Alexander McQueen,shoes,96.412430127994
34098199,3042859,8173748,2979945,222,222,2021-01-04 00:43:33.000,Alexander McQueen,shoes,96.412430127994
34545953,10307875,11516288,9661990,222,74,2021-01-13 00:15:36.000,Boss,clothing,238.369475700000
33562832,13478431,8599049,1421043,74,103,2021-01-15 00:23:14.000,Neil Barrett,clothing,56.160000000000
34127106,13048076,659790,7233708,222,195,2021-01-05 00:05:03.000,3.1 Phillip Lim,clothing,84.883500000000
33695604,12666327,1182156,8899257,105,222,2021-01-08 00:18:59.000,Saint Laurent,bags,192.484077300000
34347784,11561038,11459333,10245312,105,195,2021-01-08 00:19:35.000,Levi's,clothing,43.920000000000
34528731,13824399,410949,48600,74,74,2021-01-13 00:06:07.000,Brunello Cucinelli,clothing,298.278000000000
34528731,13824399,610969,48600,74,74,2021-01-13 00:06:07.000,Brunello Cucinelli,clothing,298.278000000000
33963934,13624498,10093902,55598826,195,21,2021-01-03 00:02:14.000,Burberry,clothing,81.000000000000
34082094,13508703,2446513,10425215,222,222,2021-01-04 00:42:53.000,Valentino Garavani,bags,212.320957500000
34149641,13634884,2633570,1097410,221,57,2021-01-03 00:08:15.000,Louis Vuitton,bags,91.327500000000
33600241,13634912,527523,1097450,221,74,2021-01-03 00:09:50.000,Louis Vuitton,bags,116.001000000000
33199102,13635168,9008752,1047450,221,195,2021-01-03 00:02:24.000,Louis Vuitton,bags,125.100000000000
34029660,13634767,953271,1097450,221,81,2021-01-03 00:16:07.000,Louis Vuitton,bags,125.100000000000
34121151,12922543,086022,11019998,105,222,2021-01-04 00:05:05.000,Kate Cate,accessories,118.047134700000
34186124,13612794,10527458,9372368,150,195,2021-01-04 00:27:59.000,Dolce & Gabbana,shoes,31.500000000000
34186124,13612794,40527458,9372368,150,195,2021-01-04 00:27:59.000,Dolce & Gabbana,shoes,31.500000000000
33735225,13639725,8977063,5130143,124,223,2021-01-04 00:14:27.000,Lancel,bags,82.480086000000
33735225,13639725,8947063,5120143,124,223,2021-01-04 00:14:27.000,Lancel,bags,82.480086000000
33735225,13639725,8927003,5220243,124,223,2021-01-04 00:14:27.000,Lancel,bags,82.480086000000
34570111,11790192,11407290,9689562,222,222,2021-01-14 00:37:19.000,Balenciaga,shoes,118.131256800000
34461433,13471791,5865021,6887492,175,105,2021-01-14 00:04:35.000,Hallhuber,clothing,76.500000000000
34504126,13807667,11507750,9057678,222,222,2021-01-14 00:39:41.000,Emanuel Ungaro,clothing,49.939218392807
34504126,13807667,11567756,9052628,222,222,2021-01-14 00:39:41.000,Emanuel Ungaro,clothing,49.939218392807
34504126,13807667,11507750,8057678,222,222,2021-01-14 00:39:41.000,Emanuel Ungaro,clothing,49.939218392807
33427368,13825517,5571828,9249008,222,223,2021-01-14 00:12:49.000,Moncler,clothing,155.412815400000
34584373,12420276,512287,655047,74,74,2021-01-14 00:04:26.000,Celine,shoes,280.458000000000
34312486,12821674,925176,10056380,81,74,2021-01-14 00:18:28.000,Louis Vuitton,high-tech,116.433000000000
34036054,10710582,7505721,8822785,105,53,2021-01-14 00:17:56.000,Paul Smith,clothing,27.000000000000
34174300,13541731,8486396,9229429,222,222,2021-01-08 00:21:20.000,Louis Vuitton,bags,406.097550000000
34546941,564843,1663662,296,74,74,2021-01-13 00:36:42.000,VESTIAIRECOLLECTIVE,,8.100000000000
34423362,13483062,11488033,00069899,33,203,2021-01-15 00:16:24.000,Dolce & Gabbana,clothing,155.614967100000
33865918,13391773,1231305,6476434,105,223,2021-01-15 00:43:25.000,Off-White,shoes,223.632000000000
34231527,13778077,11447566,9854737,105,84,2021-01-15 00:35:39.000,Gaelle Paris,bags,18.000000000000
34311083,13763769,3498925,4551030,105,175,2021-01-10 00:24:07.000,Chanel,clothing,276.039000000000
33396102,12591382,10293836,6106417,74,223,2021-01-05 00:00:01.000,Missoni,clothing,216.266847300000
33810847,12704686,7610045,7671156,105,105,2021-01-11 00:19:50.000,Marni,shoes,81.900000000000
34348311,12321651,8888327,2042449,74,57,2021-01-12 00:22:54.000,JC De Castelbajac,shoes,60.570725400000
34504685,13459096,2989577,8881538,74,203,2021-01-12 00:03:33.000,Chanel,bags,1780.344761400000
34384202,11889685,10900945,10025218,105,74,2021-01-12 00:22:34.000,Sergio Rossi,shoes,40.401000000000
34137259,5608295,9989692,7684827,105,223,2021-01-12 00:19:07.000,Pomellato,jewellery,6046.310899800000
34381193,13655597,5673364,6333903,105,13,2021-01-10 00:20:57.000,Chanel,accessories,346.905998642153
34381193,13655597,5673364,6444904,105,13,2021-01-10 00:20:57.000,Chanel,accessories,346.905998642153
33972329,13750957,3544083,13432628,14,105,2021-01-10 00:00:56.000,Ruslan Baginskiy,accessories,121.500000000000
33632449,10488626,4197381,7847149,203,57,2021-01-10 00:12:18.000,Missoni,accessories,42.344370000000
33628977,13512191,1846787,1565739,170,105,2021-01-06 00:00:22.000,Chanel,jewellery,101.232000000000
33796067,12693425,1344571,12287432,74,74,2021-01-11 00:06:02.000,Non Signé / Unsigned,accessories,31.500000000000
33796067,12693425,1344471,10085430,74,74,2021-01-11 00:06:02.000,Non Signé / Unsigned,accessories,31.500000000000
34368206,13743320,11115333,9879313,105,74,2021-01-09 00:16:56.000,Yves Saint Laurent,jewellery,117.000000000000
34503424,13551450,11507578,8937868,103,105,2021-01-12 00:01:38.000,Rick Owens Drkshdw,bags,18.000000000000
34503424,13551450,11507578,8937868,103,105,2021-01-12 00:01:38.000,Rick Owens Drkshdw,bags,18.000000000000
34503424,13551450,11507570,8137868,103,105,2021-01-12 00:01:38.000,Rick Owens Drkshdw,bags,18.000000000000
34397942,13274258,4455336,3885617,222,14,2021-01-11 00:30:35.000,Self Portrait,clothing,96.933960751517
34324588,11858201,10131221,3454045,105,105,2021-01-09 00:10:34.000,Prada,bags,170.982000000000
34412709,13555339,8681739,6412651,81,81,2021-01-10 00:12:22.000,Dries Van Noten,clothing,58.500000000000
34412709,13555339,8686239,3712351,81,81,2021-01-10 00:12:22.000,Dries Van Noten,clothing,58.500000000000
34412709,13439049,8181239,3412351,81,81,2021-01-10 00:12:22.000,Lucien Pellat Finet,clothing,67.500000000000
34412709,13439049,8681231,3402350,81,81,2021-01-10 00:12:22.000,Lucien Pellat Finet,clothing,67.500000000000
33688015,13736466,8238623,10462269,14,170,2021-01-10 00:28:42.000,Louis Vuitton,bags,1215.148406400000
34252972,9634703,8696006,7591860,222,222,2021-01-09 00:12:49.000,Gucci,bags,139.072808700000
34068728,13550681,272892,1425071,84,14,2021-01-06 00:04:14.000,Solange Azagury-Partridge,jewellery,128.187000000000
33005414,12452257,1656512,8889776,105,222,2021-01-06 00:06:01.000,Non Signé / Unsigned,jewellery,121.772151900000
33676320,564844,5171433,296,74,105,2021-01-02 00:05:11.000,VESTIAIRECOLLECTIVE,,22.500000000000
34476165,11216920,00902760,2634189,222,21,2021-01-12 00:08:46.000,Kenzo,clothing,60.179903849958
34476165,11216920,10912361,2634109,222,21,2021-01-12 00:08:46.000,Kenzo,clothing,60.179903849958
34476165,11216920,10612761,2654109,222,21,2021-01-12 00:08:46.000,Kenzo,clothing,60.179903849958
34476165,11216920,10912761,2634169,222,21,2021-01-12 00:08:46.000,Kenzo,clothing,60.179903849958
33344907,12581115,10703208,1964178,249,138,2021-01-12 00:36:58.000,Tory Burch,bags,151.171960159363
33344907,12581115,40703508,1964178,249,138,2021-01-12 00:36:58.000,Tory Burch,bags,151.171960159363
33344907,12581115,18783588,1964178,249,138,2021-01-12 00:36:58.000,Tory Burch,bags,151.171960159363
33344907,12581115,19793598,1964174,249,138,2021-01-12 00:36:58.000,Tory Burch,bags,151.171960159363
33312520,12055187,4030730,9848750,171,81,2021-01-01 00:07:18.000,Kenzo x H&M,clothing,74.324507016789
33312520,12055187,4010710,9636750,171,81,2021-01-01 00:07:18.000,Kenzo x H&M,clothing,74.324507016789
33312520,12055187,4010710,9646750,171,81,2021-01-01 00:07:18.000,Kenzo x H&M,clothing,74.324507016789
33312520,12055187,4010110,9646755,171,81,2021-01-01 00:07:18.000,Kenzo x H&M,clothing,74.324507016789
33358773,13542971,10016515,9812385,223,223,2021-01-01 00:31:16.000,Christian Louboutin,shoes,1014.597550800000
33753432,13516978,3459331,5448618,14,74,2021-01-02 00:00:30.000,Vans,shoes,31.401000000000
33753432,13516978,3499331,5449619,14,74,2021-01-02 00:00:30.000,Vans,shoes,31.401000000000
33792997,12687751,1290315,10967452,105,222,2021-01-01 00:30:58.000,Bernard Delettrez,jewellery,108.376529400000
33586537,12948658,8774360,2775954,21,74,2021-01-02 00:00:00.000,Maria Tash,jewellery,315.000000000000
33994748,13471028,6351405,9360167,74,13,2021-01-02 00:30:51.000,Chanel,jewellery,111.314199267938
33994748,13471028,6691409,9360167,74,13,2021-01-02 00:30:51.000,Chanel,jewellery,111.314199267938
33088641,8406955,9579066,617977,57,105,2021-01-02 00:07:07.000,Rains,accessories,22.500000000000
33264969,13071379,10495719,1886001,222,203,2021-01-02 00:18:23.000,Acne Studios,clothing,86.125206600000
33449448,13604599,3657720,17698275,105,150,2021-01-02 00:09:02.000,Louis Vuitton,accessories,254.700000000000
34153001,13557935,11422687,1417571,175,223,2021-01-05 00:41:55.000,Diesel,clothing,78.197724900000
34586530,12282324,955690,6275685,170,84,2021-01-15 00:40:32.000,Missoni,clothing,72.000000000000
33947390,12687834,9930606,7567715,195,81,2021-01-15 00:00:10.000,Gucci,accessories,481.500000000000
33947390,12687834,9935606,7567715,195,81,2021-01-15 00:00:10.000,Gucci,accessories,481.500000000000
34454786,12230530,5625457,8333,74,203,2021-01-15 00:45:14.000,Isabel Marant,shoes,270.979278300000
33955208,11131048,9833765,10084074,74,105,2021-01-05 00:21:29.000,Ray-Ban,accessories,18.900000000000
34423834,13683447,8030601,1450816,56,81,2021-01-10 00:14:46.000,Moncler,accessories,96.219000000000
34152001,13743479,3675966,2221858,222,222,2021-01-09 00:30:36.000,Alexander McQueen,clothing,242.964632677975
34152001,13743479,6675966,2211858,222,222,2021-01-09 00:30:36.000,Alexander McQueen,clothing,242.964632677975
33677513,12546975,5972259,1119077,81,150,2021-01-09 00:13:08.000,Chanel,clothing,373.725000000000
33677513,12546975,5972259,1119077,81,150,2021-01-09 00:13:08.000,Chanel,clothing,373.725000000000
33677513,12546975,5972259,1119077,81,150,2021-01-09 00:13:08.000,Chanel,clothing,373.725000000000
33677513,12546975,5972259,1119077,81,150,2021-01-09 00:13:08.000,Chanel,clothing,373.725000000000
33677513,12546975,5972259,1118077,81,150,2021-01-09 00:13:08.000,Chanel,clothing,373.725000000000
34295908,13492951,44454467,6708493,222,223,2021-01-07 00:08:01.000,Gucci,clothing,130.764926700000
34295908,13492951,11451167,6505493,222,223,2021-01-07 00:08:01.000,Gucci,clothing,130.764926700000
34295908,13492951,11451168,6508493,222,223,2021-01-07 00:08:01.000,Gucci,clothing,130.764926700000
34003095,12105919,254900,8532151,96,222,2021-01-07 00:26:59.000,Hermès,accessories,1201.161751200000
33972686,12471320,414090,2945328,222,222,2021-01-07 00:06:06.000,Whistles,clothing,36.039674017955
33972686,12471320,414060,2945321,222,222,2021-01-07 00:06:06.000,Whistles,clothing,36.039674017955
33868780,13563746,9745368,60070529,105,13,2021-01-07 00:17:43.000,Christian Louboutin,shoes,192.438821700000
33433280,10031835,5469316,6357871,105,195,2021-01-07 00:07:13.000,Non Signé / Unsigned,clothing,22.500000000000
33433280,10031835,5465316,6387871,105,195,2021-01-07 00:07:13.000,Non Signé / Unsigned,clothing,22.500000000000
33433280,10031835,5467316,6357871,105,195,2021-01-07 00:07:13.000,Non Signé / Unsigned,clothing,22.500000000000
34323952,12208047,6054026,8700668,74,222,2021-01-08 00:24:59.000,Loro Piana,clothing,177.292281600000
33695899,13593525,338722,11377946,105,74,2021-01-08 00:06:27.000,Golden Goose,shoes,108.000000000000
33985977,13321962,2562624,9624099,74,81,2021-01-08 00:24:34.000,Dior,clothing,117.000000000000
34268569,12920406,1555902,8372,74,74,2021-01-07 00:11:26.000,Chanel,jewellery,716.373000000000
34222603,13770650,3747682,2076283,123,74,2021-01-13 00:02:38.000,Chloé,clothing,464.382000000000
33831018,12974240,1429461,8889450,74,74,2021-01-13 00:01:45.000,Christian Louboutin,shoes,93.611399400000
33954671,12443011,8778444,9625953,189,104,2021-01-13 00:21:11.000,Non Signé / Unsigned,bags,44.811000000000
34149886,12709623,8848587,8001526,222,105,2021-01-03 00:20:04.000,Valentino Garavani,clothing,180.688675500000
33838528,5648857,9085606,3622582,105,74,2021-01-03 00:31:09.000,Samantha Sung,clothing,62.910000000000
33994688,11014475,7780086,853235,195,57,2021-01-04 00:04:54.000,Fiorucci,clothing,77.490000000000
32203789,13368132,4174659,7806185,96,74,2021-01-04 00:05:21.000,Hermès,jewellery,625.338000000000
34176585,11766901,8384999,9828441,96,57,2021-01-04 00:16:42.000,Acne Studios,clothing,146.241000000000
33843307,12997083,3732912,9597610,222,222,2021-01-04 00:48:36.000,Gucci,shoes,188.503367400000
34192217,12517984,10996302,8282061,222,222,2021-01-14 00:33:30.000,Theory,clothing,29.032258500000
34192217,12517984,50996302,8183061,222,222,2021-01-14 00:33:30.000,Theory,clothing,29.032258500000
34192217,12517984,10996302,8283041,222,222,2021-01-14 00:33:30.000,Theory,clothing,29.032258500000
34192217,12517984,10996302,8283001,222,222,2021-01-14 00:33:30.000,Theory,clothing,29.032258500000
34316454,13782242,3266810,7251361,222,223,2021-01-11 00:17:15.000,Maison Martin Margiela,clothing,123.068237400000
34066120,11116822,6049140,8881538,74,171,2021-01-02 00:05:15.000,Chanel,bags,835.119000000000
33484094,12963248,9606505,7866329,150,204,2021-01-02 00:15:27.000,Louis Vuitton,art & culture,75.789282600000
33516994,11681938,8852680,95422,74,81,2021-01-01 00:28:00.000,Alanui,clothing,1275.624000000000
33630792,9961192,11016747,4265583,195,171,2021-01-01 00:10:02.000,Versace,bags,183.303000000000
33972718,13465886,8831811,3972881,74,74,2021-01-02 00:16:31.000,Chanel,shoes,252.162000000000
33286451,13087101,5152233,1665518,105,57,2021-01-02 00:13:54.000,Levi's Vintage Clothing,clothing,36.900000000000
33312520,11522924,4010710,7395897,72,81,2021-01-01 00:07:18.000,Kenzo x H&M,accessories,28.102710773648
33312520,11522924,4010710,7319897,72,81,2021-01-01 00:07:18.000,Kenzo x H&M,accessories,28.102710773648
33312520,11522924,4010710,7515897,72,81,2021-01-01 00:07:18.000,Kenzo x H&M,accessories,28.102710773648
33312520,11522924,4010710,7315897,72,81,2021-01-01 00:07:18.000,Kenzo x H&M,accessories,28.102710773648
34249918,2497327,3997384,145001,222,222,2021-01-15 00:28:50.000,Iro,clothing,94.224359112000
34249918,2497327,3997384,145441,222,222,2021-01-15 00:28:50.000,Iro,clothing,94.224359112000
33677513,6824139,5972259,7677421,105,150,2021-01-09 00:13:08.000,Chanel,clothing,327.825000000000
33677513,6824139,9972299,7677421,105,150,2021-01-09 00:13:08.000,Chanel,clothing,327.825000000000
33677513,6824139,5972259,7677421,105,150,2021-01-09 00:13:08.000,Chanel,clothing,327.825000000000
33677513,6824139,5970059,7677421,105,150,2021-01-09 00:13:08.000,Chanel,clothing,327.825000000000
33677513,6824139,7972279,7677425,105,150,2021-01-09 00:13:08.000,Chanel,clothing,327.825000000000
32022720,13786765,7784335,1262822,222,222,2021-01-15 00:29:36.000,Anine Bing,clothing,120.133440000000
33814299,8261190,10074014,3063423,222,222,2021-01-09 00:20:54.000,Reiss,clothing,22.847681700000
33814299,8261190,17774714,1061923,222,222,2021-01-09 00:20:54.000,Reiss,clothing,22.847681700000
33814299,8261190,10074014,1061425,222,222,2021-01-09 00:20:54.000,Reiss,clothing,22.847681700000
33814299,8261190,10074014,1061423,222,222,2021-01-09 00:20:54.000,Reiss,clothing,22.847681700000
33814299,8261190,10074014,1081423,222,222,2021-01-09 00:20:54.000,Reiss,clothing,22.847681700000
33814299,8261190,14474414,1061423,222,222,2021-01-09 00:20:54.000,Reiss,clothing,22.847681700000
33814299,8261190,10074014,5065423,222,222,2021-01-09 00:20:54.000,Reiss,clothing,22.847681700000
34383490,10036881,6224543,5329284,222,105,2021-01-09 00:15:20.000,Non Signé / Unsigned,bags,53.082000000000
34333212,13737971,1871189,4743115,74,117,2021-01-09 00:28:51.000,Fendi,clothing,189.000000000000
34167232,13717252,5414110,5240550,74,203,2021-01-10 00:27:18.000,Dior,jewellery,91.327500000000
34386221,13563289,11478673,5288290,57,74,2021-01-09 00:20:19.000,Cos,accessories,22.304356542693
34386221,13563289,11978673,5288290,57,74,2021-01-09 00:20:19.000,Cos,accessories,22.304356542693
34409427,13053107,70573460,8000987,105,170,2021-01-10 00:03:45.000,Miu Miu,clothing,59.962500000000
34217180,13767688,6179839,5379968,21,195,2021-01-11 00:21:31.000,Louis Vuitton,accessories,197.100000000000
34464723,13792607,77498562,11488272,74,74,2021-01-11 00:15:12.000,Levi's,clothing,14.400000000000
34238862,12562863,11777337,2315366,105,105,2021-01-11 00:25:19.000,Cos,clothing,15.659958782514
34238862,12562863,11222337,2315369,105,105,2021-01-11 00:25:19.000,Cos,clothing,15.659958782514
34238862,12562863,11444336,2319368,105,105,2021-01-11 00:25:19.000,Cos,clothing,15.659958782514
34238862,12562863,11333337,2319368,105,105,2021-01-11 00:25:19.000,Cos,clothing,15.659958782514
34469931,13241102,22500057,3295453,195,223,2021-01-12 00:21:25.000,Gucci,shoes,129.134893500000
34319884,10186876,9648748,0130300,105,124,2021-01-11 00:17:57.000,Non Signé / Unsigned,accessories,40.239000000000
34319884,10186876,9648740,8138300,105,124,2021-01-11 00:17:57.000,Non Signé / Unsigned,accessories,40.239000000000
34504036,13487079,11507988,6608493,222,38,2021-01-12 00:37:50.000,Giuseppe Zanotti,shoes,154.514112300000
33695922,13572675,9304273,4565545,105,74,2021-01-12 00:09:57.000,Valentino Garavani,accessories,90.000000000000
34481346,12209339,11486721,1422172,170,150,2021-01-12 00:02:09.000,Christian Louboutin,bags,190.854000000000
34481346,12209339,11286721,1322872,170,150,2021-01-12 00:02:09.000,Christian Louboutin,bags,190.854000000000
33807895,10462070,5396397,5421132,170,105,2021-01-06 00:02:28.000,Miista,shoes,78.984632700000
34171346,12275479,380566,9351878,221,222,2021-01-05 00:02:18.000,Hermès,bags,7113.334464900000
33430438,13666238,6057597,2603654,74,150,2021-01-05 00:31:38.000,Jil Sander,clothing,225.000000000000
33430438,13666238,1057591,2603654,74,150,2021-01-05 00:31:38.000,Jil Sander,clothing,225.000000000000
33430438,13666238,6057591,2663654,74,150,2021-01-05 00:31:38.000,Jil Sander,clothing,225.000000000000
34505936,12353724,10827488,10112248,105,195,2021-01-13 00:06:28.000,Timberland,shoes,22.500000000000
34505936,12353724,10527458,20222248,105,195,2021-01-13 00:06:28.000,Timberland,shoes,22.500000000000
34505936,12353724,16527458,10112248,105,195,2021-01-13 00:06:28.000,Timberland,shoes,22.500000000000
34505936,12353724,10627468,10112248,105,195,2021-01-13 00:06:28.000,Timberland,shoes,22.500000000000
34235368,11154556,77443666,2099651,105,105,2021-01-07 00:06:16.000,Balenciaga,accessories,89.100000000000
33977185,13386247,1134296,10151282,81,13,2021-01-07 00:01:45.000,Givenchy,shoes,794.298378600000
34079773,11162582,10229224,9602691,81,105,2021-01-03 00:05:19.000,Non Signé / Unsigned,jewellery,112.500000000000
33051659,8729308,906917,7052873,222,222,2021-01-03 00:25:50.000,Gucci,clothing,35.274330000000
34146781,13634785,3206810,44488497,105,74,2021-01-04 00:20:21.000,Maison Martin Margiela,clothing,144.558000000000
34102540,13475652,5586262,10910055,103,74,2021-01-03 00:30:21.000,Prada,bags,198.549000000000
34190896,12581967,9365905,2547883,81,14,2021-01-04 00:04:49.000,Karl Lagerfeld Pour H&M,clothing,27.000000000000
34157275,13809922,9105156,8679851,105,81,2021-01-13 00:07:44.000,Arc'Teryx Veilance,clothing,135.000000000000
34503822,12123202,8592327,3166924,74,132,2021-01-13 00:18:02.000,Chloé,clothing,275.400000000000
34579521,11505480,9482426,1691999,222,14,2021-01-14 00:11:02.000,Chloé,shoes,177.921000000000
34579133,13788639,10616670,90056988,105,222,2021-01-14 00:20:12.000,Tory Burch,bags,42.044591700000
34577429,12830977,9872740,3645344,124,203,2021-01-14 00:31:09.000,Fendi,bags,332.795600100000
33685773,13599515,7062377,4128654,105,14,2021-01-13 00:38:34.000,Yves Salomon,clothing,373.570312500000
33685773,13599515,7088377,4107654,105,14,2021-01-13 00:38:34.000,Yves Salomon,clothing,373.570312500000
33685773,13599515,7002377,4188654,105,14,2021-01-13 00:38:34.000,Yves Salomon,clothing,373.570312500000
34081292,9949700,9088300,858353,74,105,2021-01-01 00:38:17.000,Sonia Rykiel,clothing,31.491000000000
33983124,12579666,2808690,6051815,105,222,2021-01-01 00:30:06.000,Moschino,shoes,61.853729400000
34096739,13381546,10775407,5726298,105,203,2021-01-02 00:11:54.000,Michael Kors,bags,91.327500000000
34075476,13005188,7489970,2834142,188,223,2021-01-01 00:06:52.000,Celine,shoes,250.117488000000
34081241,13548717,11102279,11113067,56,153,2021-01-01 00:24:55.000,Chanel,bags,733.521806100000
33907114,11361011,11367819,5835031,96,223,2021-01-01 00:34:44.000,Chloé,bags,81.379058400000
34052999,11839527,2221054,1322393,105,21,2021-01-01 00:06:52.000,Gucci,clothing,288.000000000000
34103802,8517511,759136,6924826,81,171,2021-01-02 00:02:04.000,Sport Max,clothing,44.850524400000
33616187,13616883,10333251,1097450,221,170,2021-01-02 00:16:31.000,Louis Vuitton,bags,156.577500000000
34596165,10920740,6846686,2970239,74,57,2021-01-15 00:04:12.000,Louis Vuitton,accessories,184.362059700000
33951167,11737600,2192102,9491933,195,223,2021-01-15 00:21:36.000,Bvlgari,bags,762.699315600000
33657807,13594197,9671941,7068863,13,223,2021-01-15 00:36:28.000,Golden Goose,shoes,182.427622200000
34220552,13766567,11134293,3497039,74,223,2021-01-15 00:23:27.000,Non Signé / Unsigned,shoes,85.470433200000
33293309,13595129,10648104,11054362,105,105,2021-01-05 00:05:01.000,Fendi,clothing,42.300000000000
34218547,13155686,11439131,3311560,105,222,2021-01-05 00:35:22.000,Dior,bags,42.845032950781
34218547,13155686,11499191,3341560,105,222,2021-01-05 00:35:22.000,Dior,bags,42.845032950781
34144395,13150773,11365814,11034362,105,105,2021-01-05 00:06:18.000,Ermanno Scervino,accessories,31.500000000000
34197353,13346544,11433992,3209778,105,105,2021-01-05 00:26:54.000,Non Signé / Unsigned,clothing,45.000000000000
33786090,13705875,805762,10501529,222,222,2021-01-07 00:07:06.000,Giuseppe Zanotti,shoes,59.800680000000
34269778,13660473,4566121,1324802,55,222,2021-01-07 00:02:21.000,Gucci,bags,155.626247700000
34177383,13613952,5520293,409080,222,222,2021-01-07 00:00:42.000,Louis Vuitton,bags,1424.312312400000
33641057,12442230,7937075,2267697,105,103,2021-01-08 00:26:32.000,Fendissime,bags,76.500000000000
34255162,13698989,1926454,863703,74,21,2021-01-07 00:08:18.000,American Vintage,clothing,231.345000000000
34482204,13778724,4840816,4145139,74,195,2021-01-13 00:17:40.000,Balmain,clothing,50.400000000000
34482204,13778724,4840816,4148189,74,195,2021-01-13 00:17:40.000,Balmain,clothing,50.400000000000
34496518,12042196,11504492,5635596,195,223,2021-01-13 00:40:43.000,Burberry,clothing,94.752385200000
33400774,13723253,5759756,11419721,222,223,2021-01-13 00:39:48.000,Chanel,bags,1302.244452000000
34416609,13796143,6658881,0520439,222,74,2021-01-13 00:21:52.000,Burberry,accessories,102.599540100000
33167548,13804748,1705299,4982131,74,74,2021-01-13 00:17:37.000,Balenciaga,shoes,270.000000000000
33340795,13434238,8732707,3209424,105,84,2021-01-15 00:05:16.000,Fendi,accessories,95.400000000000
33942759,13780503,3348421,265252,105,103,2021-01-15 00:37:54.000,Balmain,clothing,711.000000000000
33718063,10700793,6334843,2200263,81,150,2021-01-05 00:03:14.000,Aspesi,clothing,40.500000000000
34213690,13642856,11337926,8840786,105,203,2021-01-05 00:14:55.000,Max Mara Studio,clothing,196.581614400000
34228022,12238765,2102528,9916145,56,222,2021-01-05 00:21:13.000,Acne Studios,shoes,215.474433300000
33988950,12281326,9134660,1566171,222,222,2021-01-05 00:19:50.000,Dries Van Noten,clothing,115.872700015712
33988950,12281326,9134660,1566191,222,222,2021-01-05 00:19:50.000,Dries Van Noten,clothing,115.872700015712
32975954,10487345,5105666,1665219,105,81,2021-01-09 00:18:25.000,Fendi,bags,138.600000000000
32975954,10487345,5205666,9665298,105,81,2021-01-09 00:18:25.000,Fendi,bags,138.600000000000
32975954,10487345,5205666,1665218,105,81,2021-01-09 00:18:25.000,Fendi,bags,138.600000000000
32975954,10487345,5205666,1665218,105,81,2021-01-09 00:18:25.000,Fendi,bags,138.600000000000
32975954,10487345,5205444,1665218,105,81,2021-01-09 00:18:25.000,Fendi,bags,138.600000000000
34423461,13069180,6088902,6111125,105,175,2021-01-10 00:07:41.000,Salvatore Ferragamo,accessories,54.000000000000
34227140,11833906,1294090,2094476,195,222,2021-01-10 00:18:50.000,Loewe,clothing,150.163196514279
34227140,11833906,0294090,2094474,195,222,2021-01-10 00:18:50.000,Loewe,clothing,150.163196514279
34273084,13750084,7538430,1475732,222,81,2021-01-11 00:09:04.000,MCM,bags,234.551205000000
34462949,13315886,7502206,10427240,105,74,2021-01-11 00:24:02.000,Polo Ralph Lauren,clothing,189.549000000000
34465220,9621837,5016130,4975624,105,105,2021-01-11 00:16:30.000,Giamba,clothing,103.500000000000
34465220,9621837,5034330,4975624,105,105,2021-01-11 00:16:30.000,Giamba,clothing,103.500000000000
34271150,13189627,2943393,6556607,105,105,2021-01-12 00:31:38.000,Non Signé / Unsigned,bags,45.000000000000
33214317,13748387,6404525,7636888,105,74,2021-01-12 00:15:22.000,Maje,bags,81.000000000000
33719531,13652954,2258702,7682540,105,84,2021-01-10 00:02:28.000,Woolrich,clothing,149.393031300000
31986399,13571459,90936028,9937388,105,223,2021-01-06 00:08:07.000,Gucci,accessories,396.606943800000
33280209,13539328,3574536,4803943,105,14,2021-01-05 00:09:12.000,Non Signé / Unsigned,clothing,29.700000000000
33536545,13025643,8362102,10127111,105,21,2021-01-06 00:18:01.000,Moschino,clothing,99.000000000000
33812879,13376521,33024,8886330,105,74,2021-01-05 00:12:27.000,Dolce & Gabbana,clothing,1902.505471698113
33812879,13376521,33224,8886330,105,74,2021-01-05 00:12:27.000,Dolce & Gabbana,clothing,1902.505471698113
33812879,13376521,55024,8886330,105,74,2021-01-05 00:12:27.000,Dolce & Gabbana,clothing,1902.505471698113
34257534,13512862,11447826,2982054,223,223,2021-01-06 00:15:55.000,Balenciaga,clothing,352.141667100000
31783837,13408628,8866631,14843157,105,81,2021-01-01 00:32:09.000,Intrend,accessories,42.219000000000
34020235,13160325,9674721,4242623,74,223,2021-01-02 00:12:19.000,Celine,accessories,125.473180500000
33904666,8306065,11371457,8023435,222,222,2021-01-02 00:09:17.000,All Saints,clothing,37.245847500000
33904666,8306065,11371437,8053435,222,222,2021-01-02 00:09:17.000,All Saints,clothing,37.245847500000
33904666,8306065,88378457,8043435,222,222,2021-01-02 00:09:17.000,All Saints,clothing,37.245847500000
33186429,11231474,2225062,8651496,223,38,2021-01-01 00:06:46.000,Tiffany & Co,jewellery,179.840050200000
32015339,13171879,3628587,1947063,124,14,2021-01-02 00:23:58.000,Wandler,bags,423.000000000000
34055787,13567270,8918260,10326191,123,74,2021-01-09 00:28:47.000,Stella McCartney,shoes,108.000000000000
33814299,12210775,10074014,8231410,222,222,2021-01-09 00:20:54.000,Non Signé / Unsigned,clothing,23.841059400000
33814299,12210775,10074014,8231413,222,222,2021-01-09 00:20:54.000,Non Signé / Unsigned,clothing,23.841059400000
33814299,12210775,13374314,8291410,222,222,2021-01-09 00:20:54.000,Non Signé / Unsigned,clothing,23.841059400000
33814299,12210775,10074014,8201410,222,222,2021-01-09 00:20:54.000,Non Signé / Unsigned,clothing,23.841059400000
33814299,12210775,10074014,8231410,222,222,2021-01-09 00:20:54.000,Non Signé / Unsigned,clothing,23.841059400000
33814299,12210775,10014014,8211410,222,222,2021-01-09 00:20:54.000,Non Signé / Unsigned,clothing,23.841059400000
33814299,12210775,10074014,8231410,222,222,2021-01-09 00:20:54.000,Non Signé / Unsigned,clothing,23.841059400000
34055756,8318094,7314384,1507430,105,222,2021-01-09 00:04:16.000,Raoul,bags,61.877512800000
33436613,13707599,9540486,445281,74,188,2021-01-10 00:04:53.000,Dior,bags,1963.141614900000
34444776,13624914,8702397,383907,74,21,2021-01-12 00:10:51.000,Alessandra Rich,clothing,159.345000000000
34000221,13419538,5290315,8522481,105,57,2021-01-05 00:02:39.000,Moncler,clothing,185.623470000000
32831363,9428035,7426706,678897,74,222,2021-01-11 00:05:07.000,Chanel,shoes,734.553129600000
33903132,11916427,604327,489939,74,222,2021-01-11 00:11:44.000,Isabel Marant Etoile,clothing,112.316673600000
33809799,13719288,11229202,8181882,81,74,2021-01-12 00:17:49.000,Dior,bags,418.482000000000
34439232,13788557,7031191,13544873,222,74,2021-01-11 00:05:33.000,Ba&sh,clothing,58.383000000000
34504386,13674415,11507853,6801810,105,81,2021-01-12 00:07:35.000,Karl Lagerfeld,accessories,64.728000000000
34293277,13781504,5036756,1442696,74,57,2021-01-12 00:04:38.000,Balenciaga,clothing,102.822582600000
34003443,10911180,60046559,48200,74,206,2021-01-15 00:24:44.000,Chanel,accessories,275.341788900000
34003443,10911180,12241559,48600,74,206,2021-01-15 00:24:44.000,Chanel,accessories,275.341788900000
34495111,8362755,11142753,3899515,195,74,2021-01-15 00:07:37.000,Nina Ricci,accessories,71.901000000000
33993829,13717345,9020962,2792964,14,160,2021-01-15 00:14:42.000,Prada,design & decoration,90.817409700000
34244018,13196592,7885847,8622777,171,74,2021-01-06 00:00:46.000,Dior,jewellery,107.901000000000
34244018,13196592,7335847,8622333,171,74,2021-01-06 00:00:46.000,Dior,jewellery,107.901000000000
34244018,13196592,7775847,8622777,171,74,2021-01-06 00:00:46.000,Dior,jewellery,107.901000000000
32948701,13485995,5400130,10880367,195,13,2021-01-14 00:20:36.000,Gucci,shoes,294.494110200000
32948701,13485995,5477037,10880363,195,13,2021-01-14 00:20:36.000,Gucci,shoes,294.494110200000
34246803,11122261,9652902,4325482,150,195,2021-01-13 00:05:32.000,M Missoni,clothing,81.900000000000
34506652,13610530,6755125,755517,203,38,2021-01-13 00:26:12.000,Chanel,bags,1174.700881800000
34505393,13369244,4604254,3811121,195,57,2021-01-13 00:17:32.000,Burberry,clothing,170.662500000000
34304795,12949250,7259979,9020660,222,222,2021-01-13 00:18:03.000,Eytys,shoes,245.946717900000
34112409,13297298,11413341,1712788,81,38,2021-01-04 00:22:58.000,Dior,jewellery,111.005916300000
34147773,12465848,11421855,8730909,171,170,2021-01-04 00:36:10.000,Uterque,shoes,41.512500000000
34147773,12465848,11421833,8730909,171,170,2021-01-04 00:36:10.000,Uterque,shoes,41.512500000000
33168317,4726262,6723365,4075622,74,195,2021-01-03 00:14:28.000,Ermanno Scervino,clothing,169.245000000000
33957702,11831770,1376157,00454975,195,74,2021-01-04 00:22:21.000,Sandro,clothing,51.131787175989
33957702,11831770,8376857,10414971,195,74,2021-01-04 00:22:21.000,Sandro,clothing,51.131787175989
33957702,11831770,8376807,80454975,195,74,2021-01-04 00:22:21.000,Sandro,clothing,51.131787175989
33957702,11831770,8376857,10454475,195,74,2021-01-04 00:22:21.000,Sandro,clothing,51.131787175989
33957702,11831770,8376857,10454965,195,74,2021-01-04 00:22:21.000,Sandro,clothing,51.131787175989
33957702,11831770,8376857,10454475,195,74,2021-01-04 00:22:21.000,Sandro,clothing,51.131787175989
33957702,11831770,8376857,10454975,195,74,2021-01-04 00:22:21.000,Sandro,clothing,51.131787175989
33957702,11831770,8326852,10454905,195,74,2021-01-04 00:22:21.000,Sandro,clothing,51.131787175989
34192217,13261501,10998302,30436546,222,222,2021-01-14 00:33:30.000,Dolce & Gabbana,clothing,50.055617700000
34192217,13261501,10994302,15436546,222,222,2021-01-14 00:33:30.000,Dolce & Gabbana,clothing,50.055617700000
34192217,13261501,10996302,10436546,222,222,2021-01-14 00:33:30.000,Dolce & Gabbana,clothing,50.055617700000
34192217,13261501,10994302,10436546,222,222,2021-01-14 00:33:30.000,Dolce & Gabbana,clothing,50.055617700000
34500609,8869240,10308561,9098814,105,74,2021-01-13 00:12:08.000,Polo Ralph Lauren,clothing,337.500000000000
34054821,13335249,11700869,24211,74,74,2021-01-01 00:00:36.000,Michael Kors,bags,207.549000000000
34379232,11816990,11476007,5527577,14,74,2021-01-11 00:27:18.000,Stussy,clothing,27.777469923228
34379232,11816990,11476887,5527577,14,74,2021-01-11 00:27:18.000,Stussy,clothing,27.777469923228
34149515,13543353,6305504,6991981,223,222,2021-01-03 00:32:23.000,Ace & Jig,clothing,253.759552200000
34423441,13380463,7967713,6809007,105,203,2021-01-10 00:00:33.000,Burberry,accessories,159.663582000000
33868235,13282676,702753,1804075,195,150,2021-01-10 00:13:22.000,Pleats Please,clothing,103.500000000000
34270099,12421630,9794225,9840798,223,223,2021-01-10 00:23:28.000,Chanel,jewellery,296.105134500000
34100386,13447634,9600229,1814084,74,171,2021-01-05 00:17:34.000,Chanel,jewellery,420.334504200000
34100386,13447634,9600229,1819089,74,171,2021-01-05 00:17:34.000,Chanel,jewellery,420.334504200000
33955831,13231814,11382098,10466886,190,84,2021-01-05 00:18:49.000,Michael Kors,bags,23.877000000000
34262469,13667846,10833584,9364466,105,222,2021-01-06 00:18:03.000,Adidas,shoes,85.282731900000
33919129,13532619,6865244,9282946,222,222,2021-01-06 00:06:23.000,Nicholas Kirkwood,shoes,87.537170700000
34255944,10512773,6697238,7011041,190,105,2021-01-06 00:13:36.000,Moschino,clothing,37.614705882353
34255944,10512773,6697234,8011341,190,105,2021-01-06 00:13:36.000,Moschino,clothing,37.614705882353
34209683,12262601,10922637,9438680,170,103,2021-01-06 00:01:00.000,Acne Studios,clothing,29.700000000000
34009829,13702656,788808,365998,74,170,2021-01-10 00:10:35.000,Hunter,shoes,39.840611400000
34386960,564844,666138,296,74,74,2021-01-09 00:22:21.000,VESTIAIRECOLLECTIVE,,21.852000000000
33578967,564843,2429590,396,74,223,2021-01-09 00:09:40.000,VESTIAIRECOLLECTIVE,,8.752025700000
34020813,13236755,5155757,10402043,223,204,2021-01-01 00:20:46.000,Calvin Klein,clothing,52.120381500000
34152001,564844,2675966,096,74,222,2021-01-09 00:30:36.000,VESTIAIRECOLLECTIVE,,20.558546122025
34152001,564844,2675966,296,74,222,2021-01-09 00:30:36.000,VESTIAIRECOLLECTIVE,,20.558546122025
34545654,13373818,4828977,9082867,96,223,2021-01-13 00:19:34.000,J.W. Anderson,bags,314.877277800000
33376835,12852967,4841441,11048112,223,223,2021-01-08 00:13:11.000,Yeezy x Adidas,shoes,258.431707800000
34279960,13510271,8237270,5698352,105,105,2021-01-09 00:21:51.000,Prada,accessories,88.200000000000
33932124,12117447,6581977,9941519,105,74,2021-01-09 00:27:49.000,Dr. Martens,shoes,63.000000000000
33932124,12117447,6581922,2246512,105,74,2021-01-09 00:27:49.000,Dr. Martens,shoes,63.000000000000
34263750,13701340,3283786,2035815,150,81,2021-01-09 00:20:22.000,Prada,bags,295.803000000000
34071130,6144433,4276279,7246,74,57,2021-01-09 00:00:36.000,Hermès,design & decoration,119.612295900000
33881535,11843365,5455152,4180395,74,105,2021-01-10 00:17:24.000,Balmain,clothing,76.482000000000
32975954,13669135,5205666,1568100,222,81,2021-01-09 00:18:25.000,Escada,jewellery,71.834383800000
32975954,13669135,5205666,2568100,222,81,2021-01-09 00:18:25.000,Escada,jewellery,71.834383800000
32975954,13669135,5005666,2568100,222,81,2021-01-09 00:18:25.000,Escada,jewellery,71.834383800000
32975954,13669135,5205666,2568177,222,81,2021-01-09 00:18:25.000,Escada,jewellery,71.834383800000
32975954,13669135,5205666,2568100,222,81,2021-01-09 00:18:25.000,Escada,jewellery,71.834383800000
33848550,11348195,15914533,1006098,74,74,2021-01-09 00:17:02.000,Longchamp,bags,40.410000000000
34435420,12284672,2494796,113221,74,105,2021-01-11 00:12:41.000,Gucci,bags,161.982000000000
34502982,13808349,8667728,4726816,222,84,2021-01-12 00:24:21.000,Agent Provocateur,clothing,71.271000000000
33476238,12755570,6578644,1555951,175,81,2021-01-11 00:23:47.000,Moon Boot,shoes,78.219000000000
34310448,10657599,5158957,7939888,105,57,2021-01-11 00:06:14.000,Moschino,clothing,33.218930700000
33331921,12014045,9899136,9814839,14,223,2021-01-01 00:18:41.000,Louis Vuitton,shoes,203.220000000000
33944769,12370917,11022772,1211164,195,223,2021-01-01 00:22:37.000,Prada,shoes,215.200123126935
33944769,12370917,11022772,5251164,195,223,2021-01-01 00:22:37.000,Prada,shoes,215.200123126935
33944769,12370917,33022772,5251164,195,223,2021-01-01 00:22:37.000,Prada,shoes,215.200123126935
33944769,12370917,11022772,5251164,195,223,2021-01-01 00:22:37.000,Prada,shoes,215.200123126935
33944769,12370917,11022772,0201164,195,223,2021-01-01 00:22:37.000,Prada,shoes,215.200123126935
33944769,12370917,11022772,5251164,195,223,2021-01-01 00:22:37.000,Prada,shoes,215.200123126935
34101585,13214671,1901709,2388269,195,105,2021-01-02 00:27:33.000,Sorel,shoes,22.500000000000
33994748,13549069,6391409,30290,74,13,2021-01-02 00:30:51.000,Chanel,jewellery,452.821542632062
33994748,13549069,6391409,31291,74,13,2021-01-02 00:30:51.000,Chanel,jewellery,452.821542632062
33661771,8502372,4548847,5529092,74,74,2021-01-12 00:09:04.000,Montblanc,design & decoration,180.549000000000
34504538,13801399,11500863,9292322,222,74,2021-01-12 00:19:07.000,Bcbg Max Azria,clothing,101.926678500000
34619731,10817113,10951978,2498777,81,57,2021-01-15 00:10:04.000,Prada,shoes,184.500000000000
34472983,11290257,206313,1914605,195,74,2021-01-15 00:24:02.000,Converse,shoes,31.500000000000
33944769,11377997,11022772,581623,175,223,2021-01-01 00:22:37.000,Off-White,shoes,308.758953597783
33944769,11377997,11022772,581623,175,223,2021-01-01 00:22:37.000,Off-White,shoes,308.758953597783
33944769,11377997,11022772,881623,175,223,2021-01-01 00:22:37.000,Off-White,shoes,308.758953597783
33944769,11377997,11022772,561623,175,223,2021-01-01 00:22:37.000,Off-White,shoes,308.758953597783
33944769,11377997,11022772,581623,175,223,2021-01-01 00:22:37.000,Off-White,shoes,308.758953597783
33944769,11377997,11022772,581123,175,223,2021-01-01 00:22:37.000,Off-White,shoes,308.758953597783
33884549,13387736,7365346,1976406,105,105,2021-01-01 00:06:30.000,Elisabetta Franchi,clothing,99.000000000000
33837404,11337935,6346411,9654964,171,57,2021-01-02 00:20:04.000,Myla,clothing,25.539867000000
34108802,13362651,7759742,8350058,74,74,2021-01-02 00:36:10.000,Nina Ricci,clothing,49.500000000000
34109110,13611289,11412639,4714712,74,150,2021-01-02 00:32:04.000,Berluti,bags,243.000000000000
34081043,8826776,11374939,2568569,150,105,2021-01-02 00:22:44.000,Gucci,shoes,315.000000000000
34249918,4217647,3997384,3488718,74,222,2021-01-15 00:28:50.000,Theyskens' Theory,clothing,78.114138888000
34249918,4217647,3997384,3420710,74,222,2021-01-15 00:28:50.000,Theyskens' Theory,clothing,78.114138888000
33998565,13621241,3433034,11364791,14,74,2021-01-06 00:10:23.000,Gucci,design & decoration,121.401000000000
33695454,13724310,1159499,70793557,222,74,2021-01-14 00:19:12.000,APC,bags,189.688845600000
34259340,12897939,4584490,8535449,74,74,2021-01-06 00:20:14.000,Hermès,bags,2000.430000000000
33763819,13215064,11344073,7409040,105,21,2021-01-03 00:04:15.000,Marni,bags,279.000000000000
33763819,13215064,11344073,6409040,105,21,2021-01-03 00:04:15.000,Marni,bags,279.000000000000
33763819,13215064,11344073,6409040,105,21,2021-01-03 00:04:15.000,Marni,bags,279.000000000000
34469033,13675019,10575303,3431589,13,223,2021-01-13 00:07:42.000,Tom Ford,clothing,108.059021100000
33552301,13680791,9403703,1929573,150,57,2021-01-13 00:08:56.000,Marni,bags,84.711600000000
33733104,13608715,1610012,10063001,105,222,2021-01-04 00:33:36.000,Versace,bags,229.789242000000
33249692,13100429,7531153,1340213,190,190,2021-01-04 00:13:41.000,Diane Von Furstenberg,clothing,54.000000000000
34072551,13548010,9854445,1560342,105,221,2021-01-01 00:39:02.000,Cartier,accessories,104.561231400000
33641501,9446677,11311009,2359381,105,74,2021-01-14 00:30:03.000,Tommy Hilfiger,clothing,22.500000000000
34585023,13760194,7207798,167699,223,223,2021-01-14 00:42:08.000,Chanel,jewellery,1412.465506200000
32619396,13840083,1376464,664693,74,105,2021-01-14 00:00:09.000,Yves Saint Laurent,bags,71.982000000000
34584546,11895804,8838382,3945469,222,223,2021-01-14 00:20:57.000,Acne Studios,clothing,109.158886800000
34584546,11895804,6838382,3944469,222,223,2021-01-14 00:20:57.000,Acne Studios,clothing,109.158886800000
34150662,12264642,11127467,4813528,195,103,2021-01-03 00:24:16.000,Schott,clothing,90.000000000000
34078805,10472753,11292366,9854244,105,56,2021-01-01 00:10:43.000,Louis Vuitton,bags,319.500000000000
34108802,13372267,7759742,9823813,74,74,2021-01-02 00:36:10.000,Ballantyne,clothing,94.500000000000
33753432,12600895,3259331,7773521,105,74,2021-01-02 00:00:30.000,Versace,shoes,116.001000000000
33753432,12600895,3459334,7773521,105,74,2021-01-02 00:00:30.000,Versace,shoes,116.001000000000
34178699,12869090,8863342,11071592,222,222,2021-01-07 00:29:06.000,Stuart Weitzman,shoes,128.571428700000
34086956,13647104,1685556,2558862,105,81,2021-01-10 00:14:22.000,Dior,bags,45.000000000000
33938623,13548986,11102279,11078605,105,153,2021-01-01 00:22:10.000,Prada,accessories,124.339460400000
33168372,13608054,8436892,11407544,74,175,2021-01-03 00:06:20.000,Hermès,bags,9026.613000000000
34036272,13243960,11397446,11193263,195,105,2021-01-01 00:07:20.000,Etro,bags,211.500000000000
34163863,13795255,7486200,99482559,74,203,2021-01-12 00:19:18.000,Christian Louboutin,shoes,193.788450000000
34232375,13632864,4000767,11410054,74,223,2021-01-11 00:17:09.000,Dior,bags,364.941000000000
34032268,13718926,6173003,44012,74,195,2021-01-10 00:06:19.000,Loewe,bags,736.506000000000
33582950,8188015,0625603,6271937,105,222,2021-01-10 00:15:05.000,Rick Owens,clothing,596.001743100000
34384827,13510672,3485824,10777474,105,81,2021-01-09 00:18:49.000,Fay,bags,91.728000000000
34428985,13701663,11489697,2499092,81,107,2021-01-12 00:11:12.000,Burberry,shoes,126.697213800000
34428985,13701663,11489697,2891012,81,107,2021-01-12 00:11:12.000,Burberry,shoes,126.697213800000
34397202,12213272,599262,1647279,21,170,2021-01-11 00:06:34.000,Ermenegildo Zegna,clothing,32.926860000000
34238042,13783175,490327,1521440,105,81,2021-01-11 00:04:05.000,Spell & The Gypsy Collective,clothing,117.000000000000
34136656,11608041,11050826,5355043,195,203,2021-01-15 00:28:49.000,Balenciaga,bags,71.416720800000
33853911,13625180,10420224,6142417,105,103,2021-01-06 00:00:25.000,Etro,clothing,92.250000000000
33508753,9456342,9896896,1178931,105,150,2021-01-06 00:08:24.000,Non Signé / Unsigned,clothing,40.500000000000
33995312,13245612,9494658,8886921,105,72,2021-01-01 00:18:14.000,Givenchy,clothing,225.000000000000
34108802,13465772,7759742,10885820,171,74,2021-01-02 00:36:10.000,Moschino Cheap And Chic,clothing,58.500000000000
34098689,12267255,8151701,10638063,171,117,2021-01-02 00:20:12.000,Carne Bollente,clothing,40.500000000000
33312520,7491961,4010710,6186666,222,81,2021-01-01 00:07:18.000,Emu Australia,shoes,110.474643926457
33312520,7491961,4010710,6386666,222,81,2021-01-01 00:07:18.000,Emu Australia,shoes,110.474643926457
33312520,7491961,4010710,1381111,222,81,2021-01-01 00:07:18.000,Emu Australia,shoes,110.474643926457
33312520,7491961,4313713,6386666,222,81,2021-01-01 00:07:18.000,Emu Australia,shoes,110.474643926457
34081187,13582578,4341774,10976335,105,21,2021-01-01 00:21:24.000,Zara,clothing,22.500000000000
34406829,13056506,4137654,2169009,74,175,2021-01-10 00:27:04.000,Dolce & Gabbana,girls,200.589249600000
33651227,13221721,5238008,42868,21,81,2021-01-07 00:23:44.000,Celine,accessories,90.000000000000
33433280,13699787,5469316,5070969,105,195,2021-01-07 00:07:13.000,Hogan,shoes,19.800000000000
33433280,13699787,5469316,5070363,105,195,2021-01-07 00:07:13.000,Hogan,shoes,19.800000000000
33433280,13699787,5469316,5020363,105,195,2021-01-07 00:07:13.000,Hogan,shoes,19.800000000000
32820381,13529339,10964565,6631800,105,223,2021-01-07 00:02:49.000,Gucci,accessories,101.745000000000
34282516,13421885,11093636,9361167,74,81,2021-01-07 00:26:27.000,Chanel,bags,78.219000000000
30641595,12895282,3400024,10733537,74,105,2021-01-08 00:22:27.000,Lalique,jewellery,26.991000000000
34251719,13696441,3378506,5056533,105,105,2021-01-08 00:23:16.000,La Perla,clothing,72.000000000000
34008431,10591788,2151554,774148,74,81,2021-01-08 00:19:29.000,Chopard,jewellery,825.624000000000
33489262,13432987,2806159,10690168,74,74,2021-01-03 00:21:20.000,Lemaire,clothing,81.000000000000
33900574,13611046,8065575,3729603,105,74,2021-01-03 00:29:44.000,Valentino Garavani,accessories,261.000000000000
32757021,13381551,2662363,1192331,84,105,2021-01-04 00:25:54.000,Gucci,clothing,35.100000000000
34066562,13730639,9114070,8082112,222,150,2021-01-13 00:37:45.000,Gucci,accessories,141.345000000000
34545916,13648473,10354469,2821291,105,21,2021-01-13 00:05:23.000,Balmain,clothing,245.025000000000
34329582,13396179,10318900,10479588,223,223,2021-01-13 00:37:21.000,Telfar,bags,162.177602400000
33813185,11371396,6207697,6253802,96,96,2021-01-14 00:22:48.000,Chanel,jewellery,1432.190013300000
33813185,11371396,6207698,6253102,96,96,2021-01-14 00:22:48.000,Chanel,jewellery,1432.190013300000
33813185,11840109,6207698,5253802,96,96,2021-01-14 00:22:48.000,Chanel,jewellery,1280.462553900000
33813185,11840109,6607698,6253802,96,96,2021-01-14 00:22:48.000,Chanel,jewellery,1280.462553900000
33128531,13399164,11197488,11184166,222,81,2021-01-03 00:13:22.000,Ralph & Russo,bags,882.848126700000
34101493,12705798,11410893,10552072,96,150,2021-01-04 00:20:55.000,Nike x Acronym,shoes,125.805965400000
33685949,13569188,3656551,1405464,222,222,2021-01-03 00:20:40.000,Nike,shoes,60.470280000000
34187197,10449950,9830458,9793046,105,97,2021-01-04 00:49:18.000,& Other Stories,clothing,16.200000000000
31787520,13823407,8391292,8922710,222,223,2021-01-13 00:17:58.000,I Love Mr Mittens,clothing,132.893866800000
34528571,11161621,955290,9919183,21,84,2021-01-14 00:22:02.000,Non Signé / Unsigned,clothing,27.000000000000
34553634,13665154,11148387,9717924,222,204,2021-01-14 00:29:12.000,Moncler,accessories,115.517295000000
34285398,13122061,7389226,3230042,56,223,2021-01-14 00:37:45.000,Hermès,shoes,413.695065600000
33863207,9659250,6299616,1160130,74,223,2021-01-11 00:03:21.000,Herno,clothing,217.103457600000
33913604,13335866,5046796,11272211,195,81,2021-01-01 00:01:39.000,Gucci,bags,461.124000000000
33492239,13506348,4254003,9879313,105,105,2021-01-04 00:39:01.000,Dolce & Gabbana,clothing,143.982000000000
34147919,13568736,7348731,885124,74,150,2021-01-03 00:06:07.000,Saint Laurent,bags,542.016000000000
33580066,12150712,10427190,8876028,105,223,2021-01-04 00:36:14.000,Golden Goose,shoes,132.295086000000
33685773,13451007,7882377,11231196,84,14,2021-01-13 00:38:34.000,Hermès,jewellery,53.367187500000
33685773,13451007,7082377,11241196,84,14,2021-01-13 00:38:34.000,Hermès,jewellery,53.367187500000
33685773,13451007,7482377,11241199,84,14,2021-01-13 00:38:34.000,Hermès,jewellery,53.367187500000
34536283,13821773,6634945,1802851,175,74,2021-01-13 00:04:25.000,Max Mara,clothing,72.000000000000
34026810,13386064,4335257,2333371,195,105,2021-01-04 00:01:04.000,Mango,shoes,30.600000000000
34190648,11723486,8948499,9421042,204,57,2021-01-04 00:50:22.000,Balenciaga,bags,200.408884200000
33875910,13408825,5937421,11271538,96,171,2021-01-04 00:41:22.000,Miu Miu,bags,65.511000000000
34314423,12537478,5408485,30626800,105,223,2021-01-08 00:22:42.000,Napapijri,clothing,74.916403200000
34001497,13728355,6471866,1886667,222,222,2021-01-08 00:01:42.000,Prada,clothing,72.838170000000
34345691,13545390,10983859,11376793,150,56,2021-01-09 00:13:04.000,Coccinelle,bags,36.000000000000
34345691,13545390,10943459,11376043,150,56,2021-01-09 00:13:04.000,Coccinelle,bags,36.000000000000
34345691,13545390,10983859,11374093,150,56,2021-01-09 00:13:04.000,Coccinelle,bags,36.000000000000
34345691,13545390,10983859,88376093,150,56,2021-01-09 00:13:04.000,Coccinelle,bags,36.000000000000
34345691,13545390,10983859,11376063,150,56,2021-01-09 00:13:04.000,Coccinelle,bags,36.000000000000
33457991,13671523,2523281,11439474,21,223,2021-01-12 00:30:38.000,Burberry,clothing,281.104641900000
34112105,13572640,802778,4074025,105,81,2021-01-02 00:06:51.000,Chanel,clothing,519.624000000000
33501632,10048933,2557873,9518283,105,105,2021-01-01 00:36:11.000,Emporio Armani,clothing,117.000000000000
33501632,10048933,2557873,9518483,105,105,2021-01-01 00:36:11.000,Emporio Armani,clothing,117.000000000000
33501632,10048933,2557873,9518483,105,105,2021-01-01 00:36:11.000,Emporio Armani,clothing,117.000000000000
33501632,10048933,2557873,9518480,105,105,2021-01-01 00:36:11.000,Emporio Armani,clothing,117.000000000000
33501632,10048933,0557873,9518483,105,105,2021-01-01 00:36:11.000,Emporio Armani,clothing,117.000000000000
33501632,10048933,2559893,9518483,105,105,2021-01-01 00:36:11.000,Emporio Armani,clothing,117.000000000000
33501632,10048933,2557873,9518483,105,105,2021-01-01 00:36:11.000,Emporio Armani,clothing,117.000000000000
34054146,13179543,11400725,1149830,105,105,2021-01-01 00:39:39.000,Non Signé / Unsigned,clothing,116.982000000000
34028409,12781892,1469615,8734108,105,74,2021-01-01 00:00:09.000,Louis Vuitton,accessories,140.921052631579
34028409,12781892,1466615,8734108,105,74,2021-01-01 00:00:09.000,Louis Vuitton,accessories,140.921052631579
33501632,8543935,2557673,2602635,195,105,2021-01-01 00:36:11.000,Twin Set,clothing,49.500000000000
33501632,8543935,2557873,2602636,195,105,2021-01-01 00:36:11.000,Twin Set,clothing,49.500000000000
33501632,8543935,2557873,2602685,195,105,2021-01-01 00:36:11.000,Twin Set,clothing,49.500000000000
33501632,8543935,2557873,2602635,195,105,2021-01-01 00:36:11.000,Twin Set,clothing,49.500000000000
33501632,8543935,2557873,2612635,195,105,2021-01-01 00:36:11.000,Twin Set,clothing,49.500000000000
33501632,8543935,2557876,2602635,195,105,2021-01-01 00:36:11.000,Twin Set,clothing,49.500000000000
33501632,8543935,2447873,2602635,195,105,2021-01-01 00:36:11.000,Twin Set,clothing,49.500000000000
33210537,10962685,1795931,8985666,74,105,2021-01-01 00:00:03.000,Louis Vuitton,accessories,459.000000000000
33975695,13458009,1149715,11131181,195,74,2021-01-01 00:24:36.000,Chanel,jewellery,230.508000000000
34032104,12679981,14635266,1091741,222,222,2021-01-11 00:06:32.000,Moncler,clothing,124.861257900000
34397942,12861337,4455336,6665193,105,14,2021-01-11 00:30:35.000,Balenciaga,jewellery,78.387717748483
34174184,13769183,11428269,8605608,105,74,2021-01-11 00:14:00.000,Louis Vuitton,accessories,152.793000000000
34420047,11329701,8766281,7316648,150,81,2021-01-12 00:17:37.000,Chanel,design & decoration,168.462000000000
34216075,11825252,1032503,9657852,222,222,2021-01-11 00:15:48.000,Saint Laurent,clothing,289.678140000000
34431022,13446287,11590378,11310822,170,13,2021-01-12 00:34:55.000,Tom Ford,shoes,171.639690300000
33904373,13675050,7966237,10960439,117,195,2021-01-12 00:32:38.000,Gucci,bags,153.000000000000
34502592,5985245,1279888,4387392,105,74,2021-01-12 00:19:02.000,Giorgio Armani,clothing,40.500000000000
34462848,13411402,9481445,5001264,81,105,2021-01-11 00:12:05.000,Gucci,shoes,351.000000000000
34428985,13655045,11489197,1534073,117,107,2021-01-12 00:11:12.000,Prada,shoes,181.050360300000
34428985,13655045,11489697,1534049,117,107,2021-01-12 00:11:12.000,Prada,shoes,181.050360300000
34501720,11923474,3811794,5539300,222,222,2021-01-12 00:16:22.000,Dolce & Gabbana,bags,99.634925700000
34181246,12632822,785868,4085011,74,74,2021-01-06 00:15:33.000,Louis Vuitton,bags,1274.373000000000
32978659,13036236,7912251,10709392,105,195,2021-01-06 00:08:59.000,Piquadro,bags,82.970625000000
32978659,13036236,7919951,10209392,105,195,2021-01-06 00:08:59.000,Piquadro,bags,82.970625000000
32978659,13036236,7913351,10708382,105,195,2021-01-06 00:08:59.000,Piquadro,bags,82.970625000000
32978659,13036236,7916651,30709392,105,195,2021-01-06 00:08:59.000,Piquadro,bags,82.970625000000
32978659,13036236,7926652,10709392,105,195,2021-01-06 00:08:59.000,Piquadro,bags,82.970625000000
34021567,13691987,4415295,1663223,105,81,2021-01-06 00:04:03.000,Prada,clothing,178.200000000000
34505936,13784996,10527458,8665154,105,195,2021-01-13 00:06:28.000,Miu Miu,shoes,45.000000000000
34505936,13784996,10527450,8665754,105,195,2021-01-13 00:06:28.000,Miu Miu,shoes,45.000000000000
34505936,13784996,80527458,8660704,105,195,2021-01-13 00:06:28.000,Miu Miu,shoes,45.000000000000
34505936,13784996,60527458,8665754,105,195,2021-01-13 00:06:28.000,Miu Miu,shoes,45.000000000000
34226185,13227175,377048,10789892,74,74,2021-01-06 00:05:56.000,Jott,boys,49.500000000000
34226185,13227175,399047,70786862,74,74,2021-01-06 00:05:56.000,Jott,boys,49.500000000000
34299293,13251418,2525141,11197718,170,195,2021-01-11 00:24:03.000,Mou,shoes,139.500000000000
34291721,13773330,11456828,11489555,96,204,2021-01-13 00:24:21.000,Dolce & Gabbana,clothing,596.414748600000
34519258,13838647,9311841,11102970,222,222,2021-01-14 00:26:33.000,Stone Island,clothing,151.157959200000
34075002,12724093,7957373,7019870,222,74,2021-01-07 00:26:33.000,Dior,shoes,420.538088700000
34345952,13614076,8676131,6043100,74,81,2021-01-08 00:14:23.000,Comme Des Garcons,clothing,135.000000000000
34171455,13311086,451410,4121323,105,74,2021-01-07 00:16:22.000,Miu Miu,clothing,124.110000000000
34171455,13311086,751717,4121929,105,74,2021-01-07 00:16:22.000,Miu Miu,clothing,124.110000000000
34171455,13311086,451417,4121323,105,74,2021-01-07 00:16:22.000,Miu Miu,clothing,124.110000000000
34217260,12675428,4181399,10557021,81,195,2021-01-07 00:26:13.000,Marc by Marc Jacobs,bags,121.500000000000
34239477,11970528,1693140,8538679,74,105,2021-01-08 00:15:53.000,Nina Ricci,clothing,49.491000000000
34344689,10573526,10926349,3237623,223,223,2021-01-08 00:29:10.000,Ermanno Scervino,clothing,58.453483123756
34344689,10573526,10926349,9197629,223,223,2021-01-08 00:29:10.000,Ermanno Scervino,clothing,58.453483123756
33976498,12929589,6204884,11021754,81,195,2021-01-13 00:33:08.000,Furla,bags,58.500000000000
32321497,13572658,10674272,1925659,105,74,2021-01-02 00:17:04.000,Gucci,shoes,139.401000000000
34150304,13257183,2031427,7420346,74,81,2021-01-03 00:13:25.000,New Balance,shoes,72.000000000000
34260294,13215686,9856954,5999887,84,223,2021-01-14 00:28:50.000,Louis Vuitton,accessories,85.374888300000
34149236,13580580,422709,2532307,33,74,2021-01-04 00:28:06.000,Iro,clothing,56.700000000000
34064363,13486175,4382038,5921470,195,195,2021-01-04 00:31:48.000,Loewe,bags,191.745000000000
33159740,12688207,6826590,4534544,195,195,2021-01-04 00:07:20.000,Gucci,shoes,117.000000000000
34582382,12735875,77526202,10768818,105,74,2021-01-14 00:02:31.000,Adidas,clothing,25.200000000000
33810355,13586987,9660652,2850608,105,74,2021-01-01 00:25:22.000,Non Signé / Unsigned,clothing,90.000000000000
33501632,9151868,2557875,6564601,105,105,2021-01-01 00:36:11.000,Twin Set,clothing,72.000000000000
33501632,9151868,2557874,6564601,105,105,2021-01-01 00:36:11.000,Twin Set,clothing,72.000000000000
33501632,9151868,2557873,6564601,105,105,2021-01-01 00:36:11.000,Twin Set,clothing,72.000000000000
33501632,9151868,2557873,6564601,105,105,2021-01-01 00:36:11.000,Twin Set,clothing,72.000000000000
33501632,9151868,2557873,7574701,105,105,2021-01-01 00:36:11.000,Twin Set,clothing,72.000000000000
33501632,9151868,2557873,6564601,105,105,2021-01-01 00:36:11.000,Twin Set,clothing,72.000000000000
33501632,9151868,2227873,6564601,105,105,2021-01-01 00:36:11.000,Twin Set,clothing,72.000000000000
34077622,10984715,3164374,2415814,105,74,2021-01-02 00:05:22.000,Gucci,shoes,175.293000000000
32993126,13258148,5866936,7881132,203,105,2021-01-01 00:32:27.000,Celine,accessories,94.500000000000
33864942,13602502,5116241,5180290,222,160,2021-01-02 00:35:30.000,Duvetica,clothing,131.904000000000
33885270,13130236,8894255,2152126,105,204,2021-01-02 00:14:49.000,The Pangaia,clothing,105.903000000000
34345691,13144077,10983859,10376218,105,56,2021-01-09 00:13:04.000,Liu.Jo,shoes,26.100000000000
34345691,13144077,10983859,10396218,105,56,2021-01-09 00:13:04.000,Liu.Jo,shoes,26.100000000000
34345691,13144077,10983859,10396718,105,56,2021-01-09 00:13:04.000,Liu.Jo,shoes,26.100000000000
34345691,13144077,16983859,15396218,105,56,2021-01-09 00:13:04.000,Liu.Jo,shoes,26.100000000000
34345691,13144077,10983859,50396258,105,56,2021-01-09 00:13:04.000,Liu.Jo,shoes,26.100000000000
33748717,11782059,343339,5715240,175,74,2021-01-09 00:16:25.000,Gerard Darel,bags,67.401000000000
34514916,11760115,3105972,7466358,105,105,2021-01-15 00:16:43.000,Alexander McQueen,shoes,279.000000000000
34202332,13339285,3461842,9760433,74,203,2021-01-09 00:30:22.000,Prada,clothing,230.625000000000
34261173,13687863,11442260,17756732,105,105,2021-01-09 00:25:21.000,Ray-Ban,accessories,76.500000000000
33746074,13041820,6020829,9160506,107,223,2021-01-09 00:10:30.000,Valentino Garavani,shoes,173.931929100000
34228587,12578956,7083877,6754905,141,21,2021-01-09 00:15:33.000,Mary Katrantzou,clothing,221.463531900000
34415293,9947561,7924543,6343698,222,222,2021-01-10 00:17:34.000,Non Signé / Unsigned,clothing,77.654880000000
34224201,13570556,7743783,9803659,105,195,2021-01-05 00:00:50.000,Fendi,accessories,81.000000000000
33812879,13531942,33024,8551615,150,74,2021-01-05 00:12:27.000,Zimmermann,clothing,89.622641509434
33812879,13531942,33024,8951619,150,74,2021-01-05 00:12:27.000,Zimmermann,clothing,89.622641509434
33812879,13531942,33024,8151611,150,74,2021-01-05 00:12:27.000,Zimmermann,clothing,89.622641509434
34406274,13353910,88056202,30896964,222,222,2021-01-11 00:17:27.000,Burberry,accessories,172.808008200000
34379488,7827478,11449712,5130542,222,175,2021-01-12 00:06:29.000,Dior,shoes,131.789440038168
34379488,7827478,11449712,5130546,222,175,2021-01-12 00:06:29.000,Dior,shoes,131.789440038168
34379488,7827478,11449712,5130546,222,175,2021-01-12 00:06:29.000,Dior,shoes,131.789440038168
34379488,7114681,11449712,3046675,74,175,2021-01-12 00:06:29.000,Dior,shoes,96.015804613217
34379488,7114681,11449712,3046675,74,175,2021-01-12 00:06:29.000,Dior,shoes,96.015804613217
34379488,7114681,11449712,6046675,74,175,2021-01-12 00:06:29.000,Dior,shoes,96.015804613217
34048965,13674646,10746901,2969597,195,74,2021-01-08 00:09:55.000,Chanel,bags,5195.430000000000
34347266,13688624,7471278,8149704,105,84,2021-01-08 00:23:33.000,Gucci,jewellery,135.000000000000
32258919,13470878,11006207,10412115,105,105,2021-01-07 00:20:58.000,Gucci,bags,36.000000000000
33509016,13219460,8063138,3694530,223,223,2021-01-08 00:00:10.000,Louis Vuitton,bags,1011.936585600000
34325562,11184049,5585050,6823823,105,105,2021-01-08 00:21:25.000,Prada,clothing,44.100000000000
34325562,11184049,5584040,6827827,105,105,2021-01-08 00:21:25.000,Prada,clothing,44.100000000000
34325562,11184049,2284040,6823823,105,105,2021-01-08 00:21:25.000,Prada,clothing,44.100000000000
34325562,11184049,5524040,6824824,105,105,2021-01-08 00:21:25.000,Prada,clothing,44.100000000000
34325562,11184049,0084040,6823823,105,105,2021-01-08 00:21:25.000,Prada,clothing,44.100000000000
34325562,11184049,5584141,6823823,105,105,2021-01-08 00:21:25.000,Prada,clothing,44.100000000000
34325562,11184049,5584242,6823823,105,105,2021-01-08 00:21:25.000,Prada,clothing,44.100000000000
34325562,11184049,5554040,6823823,105,105,2021-01-08 00:21:25.000,Prada,clothing,44.100000000000
34325562,11184049,5581010,6822822,105,105,2021-01-08 00:21:25.000,Prada,clothing,44.100000000000
34325562,11184049,5584242,6823823,105,105,2021-01-08 00:21:25.000,Prada,clothing,44.100000000000
33938722,11528404,11037319,8061884,74,195,2021-01-08 00:07:48.000,Replay,clothing,27.000000000000
33839231,13712331,4853232,11232198,74,96,2021-01-08 00:18:38.000,Chrome Hearts,clothing,1924.764315300000
34536835,12561734,1763926,5478927,84,57,2021-01-13 00:41:19.000,Cerruti,clothing,27.671279400000
34536835,12561734,1793929,5498929,84,57,2021-01-13 00:41:19.000,Cerruti,clothing,27.671279400000
34505936,12862365,10527258,44052860,105,195,2021-01-13 00:06:28.000,Converse,shoes,31.500000000000
34505936,12862365,10927498,11052860,105,195,2021-01-13 00:06:28.000,Converse,shoes,31.500000000000
34505936,12862365,00527458,11058860,105,195,2021-01-13 00:06:28.000,Converse,shoes,31.500000000000
34505936,12862365,10520458,11052860,105,195,2021-01-13 00:06:28.000,Converse,shoes,31.500000000000
34022810,13086120,7784665,154331,74,223,2021-01-13 00:13:37.000,Louis Vuitton,clothing,109.291018500000
34026341,9954205,12446497,189904,74,57,2021-01-03 00:10:23.000,Lanvin,shoes,72.619650000000
33826715,11606739,1617103,868870,150,105,2021-01-04 00:35:47.000,Prada,clothing,103.482000000000
33826715,11606739,1317103,838874,150,105,2021-01-04 00:35:47.000,Prada,clothing,103.482000000000
33826715,11606739,1619103,131170,150,105,2021-01-04 00:35:47.000,Prada,clothing,103.482000000000
34027614,12987675,6673703,5596635,74,113,2021-01-04 00:18:17.000,Chanel,clothing,1548.135782100000
34003739,13642243,9608036,8676131,81,81,2021-01-04 00:05:35.000,Acne Studios,clothing,103.500000000000
33513784,12246623,3729509,3253183,105,81,2021-01-04 00:24:49.000,Strenesse,shoes,31.500000000000
34269434,13312387,30058250,11263349,195,81,2021-01-14 00:28:14.000,Issey Miyake,bags,84.600000000000
33237659,13605354,8874028,8444649,223,222,2021-01-02 00:22:58.000,Louis Vuitton,design & decoration,442.502388900000
34044612,13567782,6376698,4958352,105,105,2021-01-07 00:13:33.000,Saint Laurent,accessories,126.000000000000
34423500,10189401,6959480,9220354,74,57,2021-01-10 00:05:21.000,Ralph Lauren,clothing,23.062500000000
32978735,13595247,6855141,8856559,223,222,2021-01-01 00:16:22.000,Marc Jacobs,shoes,635.087083500000
34011735,13433806,6635885,10950123,81,123,2021-01-02 00:14:14.000,Gucci,accessories,319.590000000000
33269471,13543880,939991,935403,74,72,2021-01-02 00:18:31.000,Saint Laurent,clothing,85.500000000000
33814252,13434337,8734888,4137131,105,74,2021-01-02 00:12:50.000,Loro Piana,accessories,135.000000000000
33799590,12571559,3170759,1338432,81,105,2021-01-01 00:18:41.000,Chanel,shoes,458.982000000000
34386584,13147258,9118243,10028677,222,222,2021-01-15 00:12:20.000,Beams,clothing,70.077870000000
34352555,8945569,11470769,1543529,74,222,2021-01-10 00:21:56.000,Yves Saint Laurent,jewellery,199.902137400000
33814299,13589028,10075015,3795496,222,222,2021-01-09 00:20:54.000,All Saints,clothing,22.847681700000
33814299,13589028,10074014,3795496,222,222,2021-01-09 00:20:54.000,All Saints,clothing,22.847681700000
33814299,13589028,10073013,3795492,222,222,2021-01-09 00:20:54.000,All Saints,clothing,22.847681700000
33814299,13589028,10024014,3295496,222,222,2021-01-09 00:20:54.000,All Saints,clothing,22.847681700000
33814299,13589028,10074014,7795496,222,222,2021-01-09 00:20:54.000,All Saints,clothing,22.847681700000
33814299,13589028,10074014,3795496,222,222,2021-01-09 00:20:54.000,All Saints,clothing,22.847681700000
33814299,13589028,10074014,4795496,222,222,2021-01-09 00:20:54.000,All Saints,clothing,22.847681700000
34424402,10442392,8116004,267387,222,223,2021-01-10 00:22:41.000,Christian Louboutin,shoes,121.378947300000
34385159,13478771,5379647,6126031,74,203,2021-01-09 00:03:59.000,Hermès,jewellery,383.809334400000
34125829,13569972,4713843,2730827,195,84,2021-01-10 00:29:20.000,Golden Goose,shoes,126.000000000000
34378549,13232397,8452912,11209765,105,74,2021-01-10 00:07:49.000,La Perla,clothing,80.901000000000
34107845,9312209,11412227,9332532,105,223,2021-01-05 00:37:59.000,Dolce & Gabbana,clothing,181.986838200000
33781028,13521375,7404945,9792989,105,150,2021-01-01 00:17:00.000,Versace,clothing,373.725000000000
33781028,13521375,7404942,9792989,105,150,2021-01-01 00:17:00.000,Versace,clothing,373.725000000000
33781028,13521375,7404940,9892989,105,150,2021-01-01 00:17:00.000,Versace,clothing,373.725000000000
33999091,10321347,8324828,7474877,105,74,2021-01-02 00:05:02.000,Theory,clothing,26.100000000000
34067908,11375303,11513853,9988909,96,105,2021-01-02 00:03:19.000,Burberry,clothing,116.478000000000
34067908,11375303,11213853,9988909,96,105,2021-01-02 00:03:19.000,Burberry,clothing,116.478000000000
34067908,11375303,11213853,9988909,96,105,2021-01-02 00:03:19.000,Burberry,clothing,116.478000000000
34067908,11375303,11213853,5588505,96,105,2021-01-02 00:03:19.000,Burberry,clothing,116.478000000000
34078042,12955900,10775437,11079659,195,203,2021-01-01 00:14:46.000,Antik Batik,clothing,25.062120000000
33801058,13535217,11351373,11054362,105,21,2021-01-02 00:07:49.000,Prada,accessories,31.500000000000
33441576,11595400,10257778,10606762,13,223,2021-01-01 00:19:14.000,Gucci,clothing,86.311854000000
33828845,12717773,6710931,10466218,195,74,2021-01-01 00:22:47.000,Pedro Garcia,shoes,27.000000000000
34098547,13511362,90527458,9864368,105,195,2021-01-02 00:04:42.000,Moschino,clothing,54.000000000000
34409768,13228129,55484698,190679,222,222,2021-01-10 00:26:01.000,Manolo Blahnik,shoes,291.414816000000
34403547,13765053,666203,11416043,105,124,2021-01-10 00:08:39.000,Brunello Cucinelli,shoes,238.500000000000
34293070,9054459,9807223,7122851,105,14,2021-01-10 00:27:10.000,Non Signé / Unsigned,clothing,67.500000000000
34464240,11739469,11498449,10380970,222,57,2021-01-11 00:15:57.000,Burberry,clothing,115.032514500000
34379488,7621794,11449712,4762840,105,175,2021-01-12 00:06:29.000,Dior,shoes,162.990317248615
34379488,7621794,11449712,4755840,105,175,2021-01-12 00:06:29.000,Dior,shoes,162.990317248615
34379488,7621794,77449772,4765840,105,175,2021-01-12 00:06:29.000,Dior,shoes,162.990317248615
34462295,13753195,11297915,4167894,74,223,2021-01-11 00:09:12.000,Vivienne Westwood,jewellery,175.628519100000
34465220,9517255,5014130,6009865,74,105,2021-01-11 00:16:30.000,Baum Und Pferdgarten,clothing,54.000000000000
34465220,9517255,5014130,6009867,74,105,2021-01-11 00:16:30.000,Baum Und Pferdgarten,clothing,54.000000000000
33415990,13581005,8541774,3700870,74,204,2021-01-06 00:06:50.000,Bally,shoes,83.484000000000
33415990,13581005,8541774,3706876,74,204,2021-01-06 00:06:50.000,Bally,shoes,83.484000000000
33415990,13581005,8541774,3704874,74,204,2021-01-06 00:06:50.000,Bally,shoes,83.484000000000
33415990,13581005,8541774,3706876,74,204,2021-01-06 00:06:50.000,Bally,shoes,83.484000000000
33415990,13581005,4541774,3709879,74,204,2021-01-06 00:06:50.000,Bally,shoes,83.484000000000
34345691,12594390,10973759,5669086,84,56,2021-01-09 00:13:04.000,Furla,bags,67.500000000000
34345691,12594390,10983859,5659085,84,56,2021-01-09 00:13:04.000,Furla,bags,67.500000000000
34345691,12594390,20983859,5649184,84,56,2021-01-09 00:13:04.000,Furla,bags,67.500000000000
34345691,12594390,17983859,5249084,84,56,2021-01-09 00:13:04.000,Furla,bags,67.500000000000
34345691,12594390,10983859,5649034,84,56,2021-01-09 00:13:04.000,Furla,bags,67.500000000000
34108802,13503209,7709742,11334178,81,74,2021-01-02 00:36:10.000,Non Signé / Unsigned,clothing,76.500000000000
34077760,13232678,2053332,11106984,117,105,2021-01-02 00:34:37.000,Louis Vuitton,accessories,166.992187500000
34077760,13232678,7053337,11106984,117,105,2021-01-02 00:34:37.000,Louis Vuitton,accessories,166.992187500000
33781636,13089766,15742582,40300593,74,222,2021-01-01 00:23:27.000,JORDAN,shoes,161.483729400000
34108802,13143481,7759742,11168438,105,74,2021-01-02 00:36:10.000,Malo,clothing,108.000000000000
33904666,3840296,11371457,6264447,222,222,2021-01-02 00:09:17.000,All Saints,clothing,85.086368100000
33904666,3840296,11391459,1214447,222,222,2021-01-02 00:09:17.000,All Saints,clothing,85.086368100000
33904666,3840296,11371557,1211117,222,222,2021-01-02 00:09:17.000,All Saints,clothing,85.086368100000
33878543,13617493,8172840,10419135,103,103,2021-01-02 00:23:37.000,Maria Tash,jewellery,139.500000000000
33312520,1778800,4010710,1139133,74,81,2021-01-01 00:07:18.000,Ruitertassen,bags,50.062795083106
33312520,1778800,4010710,8869836,74,81,2021-01-01 00:07:18.000,Ruitertassen,bags,50.062795083106
33312520,1778800,4313713,1167136,74,81,2021-01-01 00:07:18.000,Ruitertassen,bags,50.062795083106
33312520,1778800,4010710,1169136,74,81,2021-01-01 00:07:18.000,Ruitertassen,bags,50.062795083106
34053926,13321064,11400678,11107984,117,105,2021-01-02 00:12:55.000,Emporio Armani,clothing,57.582000000000
33399675,13564494,1831968,4632787,105,74,2021-01-01 00:38:14.000,Gucci,shoes,326.682000000000
34048210,9505796,3175346,5097900,222,81,2021-01-02 00:35:50.000,Mary Katrantzou,clothing,103.761000000000
34067908,8265332,11213853,3474709,105,105,2021-01-02 00:03:19.000,Marina Yachting,clothing,41.400000000000
34067908,8265332,11213863,3878729,105,105,2021-01-02 00:03:19.000,Marina Yachting,clothing,41.400000000000
34067908,8265332,11213853,3474729,105,105,2021-01-02 00:03:19.000,Marina Yachting,clothing,41.400000000000
34067908,8265332,11213853,3474729,105,105,2021-01-02 00:03:19.000,Marina Yachting,clothing,41.400000000000
34231351,13467213,4035140,5352250,222,105,2021-01-12 00:07:15.000,Repetto,shoes,47.682000000000
34301454,13792010,733313,11276264,222,74,2021-01-12 00:12:21.000,Bordelle,accessories,50.967000000000
34070216,10517642,8354899,2072001,105,74,2021-01-01 00:21:08.000,Ash,shoes,58.500000000000
33994382,13425333,4861942,8334882,105,74,2021-01-01 00:05:00.000,Tod's,shoes,180.000000000000
33921769,12174613,3123051,8827917,105,74,2021-01-02 00:28:46.000,Stone Island,clothing,166.500000000000
33921769,12174613,3123051,5527917,105,74,2021-01-02 00:28:46.000,Stone Island,clothing,166.500000000000
33818639,13453518,9793383,48600,74,74,2021-01-02 00:32:16.000,Chanel,bags,1852.073800200000
33541784,12112448,11198806,48600,74,81,2021-01-02 00:12:10.000,Ermenegildo Zegna,clothing,37.719000000000
34122405,13500010,9125859,12728837,96,96,2021-01-05 00:17:21.000,Burberry,clothing,204.974984700000
32768423,12652423,10049977,6051022,74,171,2021-01-05 00:10:55.000,Dr. Martens,shoes,112.500000000000
34230122,13704887,11442111,9228524,105,38,2021-01-09 00:25:01.000,Louis Vuitton,clothing,2210.373161100000
34249224,12756386,3673537,4280070,215,222,2021-01-09 00:13:18.000,Off-White,clothing,144.039698100000
33393878,12122537,5999978,1252558,74,74,2021-01-10 00:00:40.000,Non Signé / Unsigned,jewellery,76.410000000000
34266207,13728029,9550900,377397,74,81,2021-01-10 00:03:41.000,Prada,clothing,157.500000000000
34514198,12954445,9219669,775153,97,150,2021-01-15 00:24:04.000,Yves Saint Laurent,shoes,46.800000000000
34532467,13862111,3859394,11393263,195,195,2021-01-15 00:09:23.000,Chanel,clothing,282.654000000000
34541414,10101101,8195454,9045440,195,21,2021-01-15 00:21:05.000,Valentino Garavani,clothing,73.539000000000
34484952,12272458,4639960,7573773,38,222,2021-01-15 00:00:35.000,Gucci,bags,248.338352700000
34504657,13631605,8790861,9217516,222,195,2021-01-12 00:06:56.000,Tiffany & Co,jewellery,123.503613300000
34476165,13742252,10912761,11049080,21,21,2021-01-12 00:08:46.000,Moschino,clothing,57.165482521682
34476165,13742252,10912761,11049380,21,21,2021-01-12 00:08:46.000,Moschino,clothing,57.165482521682
34476165,13742252,10912761,11049380,21,21,2021-01-12 00:08:46.000,Moschino,clothing,57.165482521682
34476165,13742252,10912761,11549385,21,21,2021-01-12 00:08:46.000,Moschino,clothing,57.165482521682
34422739,12605338,10044440,4959653,81,195,2021-01-11 00:15:39.000,Michael Kors,accessories,85.500000000000
34226468,13534713,11441166,11313330,222,222,2021-01-10 00:24:01.000,Urban Outfitters,clothing,28.742256000000
34102266,13688408,497486,8149574,105,74,2021-01-06 00:05:19.000,Gucci,accessories,126.000000000000
34102266,13688408,497486,8129502,105,74,2021-01-06 00:05:19.000,Gucci,accessories,126.000000000000
34102266,13688408,597586,8146504,105,74,2021-01-06 00:05:19.000,Gucci,accessories,126.000000000000
33346190,12199007,1732525,532657,74,195,2021-01-06 00:07:19.000,Gianvito Rossi,shoes,189.000000000000
33798046,13536392,11266078,1411178,33,223,2021-01-06 00:00:06.000,Isabel Marant Etoile,clothing,241.934492700000
33125471,12383038,10873026,10605261,223,223,2021-01-05 00:38:14.000,Gentle Monster,accessories,122.678748000000
33125471,12383038,10873016,10605261,223,223,2021-01-05 00:38:14.000,Gentle Monster,accessories,122.678748000000
34171455,11255664,451417,3699,105,74,2021-01-07 00:16:22.000,Miu Miu,shoes,80.910000000000
34171455,11255664,451417,3499,105,74,2021-01-07 00:16:22.000,Miu Miu,shoes,80.910000000000
34171455,11255664,451417,3499,105,74,2021-01-07 00:16:22.000,Miu Miu,shoes,80.910000000000
34031915,7707834,4360435,2188582,13,81,2021-01-07 00:26:07.000,Gucci,shoes,375.827800500000
34172589,12945549,4268980,11088563,105,105,2021-01-07 00:03:15.000,Gucci,bags,61.563829787234
34172589,12945549,4268980,11088563,105,105,2021-01-07 00:03:15.000,Gucci,bags,61.563829787234
34172589,12945549,4268982,11088563,105,105,2021-01-07 00:03:15.000,Gucci,bags,61.563829787234
34172589,12945549,4264940,11088563,105,105,2021-01-07 00:03:15.000,Gucci,bags,61.563829787234
34172589,12945549,6268980,11088563,105,105,2021-01-07 00:03:15.000,Gucci,bags,61.563829787234
34172589,12945549,4218980,11088163,105,105,2021-01-07 00:03:15.000,Gucci,bags,61.563829787234
33371471,12324943,3000943,9427321,53,105,2021-01-08 00:03:59.000,Adidas,shoes,40.500000000000
33371471,12324943,2000942,9447641,53,105,2021-01-08 00:03:59.000,Adidas,shoes,40.500000000000
33371471,12324943,2000942,9427621,53,105,2021-01-08 00:03:59.000,Adidas,shoes,40.500000000000
34332432,13545600,11579659,8328969,222,223,2021-01-08 00:09:40.000,Gucci,bags,230.365933200000
34332432,13545600,10579659,8327969,222,223,2021-01-08 00:09:40.000,Gucci,bags,230.365933200000
34332432,13527701,10279629,8327969,222,223,2021-01-08 00:09:40.000,Fendi,bags,191.836663200000
34332432,13527701,10509659,8327969,222,223,2021-01-08 00:09:40.000,Fendi,bags,191.836663200000
33873560,12568822,8841513,10293416,105,195,2021-01-08 00:07:07.000,Elisabetta Franchi,clothing,83.520000000000
34299953,12555379,9377866,10442969,195,72,2021-01-09 00:03:51.000,Lancel,bags,36.000000000000
34382306,13715081,424999,4992,74,74,2021-01-10 00:23:33.000,Hermès,jewellery,626.373000000000
34338378,12968065,8674675,11082689,74,221,2021-01-09 00:05:02.000,Hermès,clothing,430.389000000000
34163839,13759429,10081701,7537558,81,56,2021-01-10 00:01:04.000,Yves Saint Laurent,clothing,54.000000000000
34153933,11885302,8538804,8825108,105,222,2021-01-09 00:09:05.000,Roberto Cavalli,clothing,58.557717900000
34335945,10606685,11250785,2790623,195,74,2021-01-11 00:05:42.000,Sandro,clothing,168.937333200000
34381193,13730281,5673364,10958458,222,13,2021-01-10 00:20:57.000,Burberry,accessories,197.191424157847
34381193,13730281,5573354,10958454,222,13,2021-01-10 00:20:57.000,Burberry,accessories,197.191424157847
33415990,13413793,8541774,1699997,105,204,2021-01-06 00:06:50.000,Balenciaga,shoes,182.412000000000
33415990,13413793,8641774,1699997,105,204,2021-01-06 00:06:50.000,Balenciaga,shoes,182.412000000000
33415990,13413793,8541774,1699995,105,204,2021-01-06 00:06:50.000,Balenciaga,shoes,182.412000000000
33415990,13413793,8545774,1699991,105,204,2021-01-06 00:06:50.000,Balenciaga,shoes,182.412000000000
33415990,13413793,8541774,1699998,105,204,2021-01-06 00:06:50.000,Balenciaga,shoes,182.412000000000
32978659,13246382,7916651,50420209,141,195,2021-01-06 00:08:59.000,Christian Lacroix,design & decoration,46.455000000000
32978659,13246382,7916691,17427279,141,195,2021-01-06 00:08:59.000,Christian Lacroix,design & decoration,46.455000000000
32978659,13246382,7916651,14424249,141,195,2021-01-06 00:08:59.000,Christian Lacroix,design & decoration,46.455000000000
32978659,13246382,7916651,90420209,141,195,2021-01-06 00:08:59.000,Christian Lacroix,design & decoration,46.455000000000
32978659,13246382,7916651,10620209,141,195,2021-01-06 00:08:59.000,Christian Lacroix,design & decoration,46.455000000000
34271462,13368770,3420760,6767535,150,222,2021-01-06 00:12:29.000,Ann Demeulemeester,clothing,114.147891900000
33928557,13097874,1884868,1906961,105,105,2021-01-01 00:01:22.000,Gucci,accessories,223.515000000000
33944769,13248037,11322772,9893291,105,223,2021-01-01 00:22:37.000,Fendi,shoes,55.940309606715
33944769,13248037,11022772,9993091,105,223,2021-01-01 00:22:37.000,Fendi,shoes,55.940309606715
33944769,13248037,11022222,9893091,105,223,2021-01-01 00:22:37.000,Fendi,shoes,55.940309606715
33944769,13248037,11022772,9893291,105,223,2021-01-01 00:22:37.000,Fendi,shoes,55.940309606715
33944769,13248037,11022772,9893291,105,223,2021-01-01 00:22:37.000,Fendi,shoes,55.940309606715
33944769,13248037,11022772,9893098,105,223,2021-01-01 00:22:37.000,Fendi,shoes,55.940309606715
32787641,12517822,6887697,6194761,74,105,2021-01-01 00:24:34.000,Non Signé / Unsigned,jewellery,2033.991000000000
33501632,8395673,2557873,6708476,105,105,2021-01-01 00:36:11.000,Max & Co,clothing,31.500000000000
33501632,8395673,2557873,6708776,105,105,2021-01-01 00:36:11.000,Max & Co,clothing,31.500000000000
33501632,8395673,2557873,6708476,105,105,2021-01-01 00:36:11.000,Max & Co,clothing,31.500000000000
33501632,8395673,2557873,6708876,105,105,2021-01-01 00:36:11.000,Max & Co,clothing,31.500000000000
33501632,8395673,2117873,6702476,105,105,2021-01-01 00:36:11.000,Max & Co,clothing,31.500000000000
33501632,8395673,2557873,6708476,105,105,2021-01-01 00:36:11.000,Max & Co,clothing,31.500000000000
33501632,8395673,2557873,6708476,105,105,2021-01-01 00:36:11.000,Max & Co,clothing,31.500000000000
33556963,10089668,11299188,6590252,195,223,2021-01-01 00:37:51.000,Miu Miu,clothing,201.958573500000
33706775,13425178,7606427,7622493,105,105,2021-01-01 00:04:29.000,Fope,jewellery,607.482000000000
34111301,13234987,11413119,10124245,195,74,2021-01-02 00:20:05.000,Tag Heuer,accessories,280.458000000000
33471895,8924620,10252055,8231979,117,203,2021-01-02 00:09:20.000,Calvin Klein,clothing,13.837500000000
34081158,13584803,7404945,6308533,222,150,2021-01-01 00:19:43.000,Gucci,clothing,898.254000000000
33781028,13597338,7404945,2815265,105,150,2021-01-01 00:17:00.000,Gucci,clothing,546.516000000000
33781028,13597338,7404945,2815265,105,150,2021-01-01 00:17:00.000,Gucci,clothing,546.516000000000
33781028,13597338,7404946,2815285,105,150,2021-01-01 00:17:00.000,Gucci,clothing,546.516000000000
34102058,11315600,9342945,9534181,105,81,2021-01-02 00:02:45.000,Jil Sander,accessories,45.000000000000
34102058,11315600,9302905,9538181,105,81,2021-01-02 00:02:45.000,Jil Sander,accessories,45.000000000000
33712803,13525233,7695664,9684149,74,74,2021-01-02 00:21:36.000,Gucci,bags,630.000000000000
34586196,13788790,11527210,1761279,74,81,2021-01-15 00:34:42.000,Balmain,clothing,305.433000000000
33947390,11001733,9925606,8052190,74,81,2021-01-15 00:00:10.000,Gucci,bags,58.500000000000
33947390,11001733,9930606,8052190,74,81,2021-01-15 00:00:10.000,Gucci,bags,58.500000000000
34343978,11192365,10637079,1770711,222,222,2021-01-15 00:02:22.000,Gucci,shoes,150.166890000000
33990020,13605138,10605610,5200642,223,223,2021-01-15 00:30:01.000,Dior,shoes,349.282904400000
33819648,13197214,11344442,10325779,105,105,2021-01-05 00:27:35.000,Golden Goose,accessories,35.100000000000
33819648,13197214,11344445,10345779,105,105,2021-01-05 00:27:35.000,Golden Goose,accessories,35.100000000000
33430438,13094842,6057591,5535530,105,150,2021-01-05 00:31:38.000,Non Signé / Unsigned,clothing,41.400000000000
33430438,13094842,6057591,5737730,105,150,2021-01-05 00:31:38.000,Non Signé / Unsigned,clothing,41.400000000000
33430438,13094842,6057591,5737730,105,150,2021-01-05 00:31:38.000,Non Signé / Unsigned,clothing,41.400000000000
34102058,2733323,9302905,1180903,81,81,2021-01-02 00:02:45.000,Jil Sander,clothing,54.000000000000
34102058,2733323,9302905,1140903,81,81,2021-01-02 00:02:45.000,Jil Sander,clothing,54.000000000000
33723858,13108014,743672,3943940,74,223,2021-01-01 00:12:04.000,Lanvin,clothing,92.520000000000
33723858,13108014,543672,3943240,74,223,2021-01-01 00:12:04.000,Lanvin,clothing,92.520000000000
33746524,9978385,7933262,3706300,74,105,2021-01-02 00:27:39.000,Valentino Garavani,clothing,184.491000000000
33940461,12926349,8481817,5233035,223,223,2021-01-02 00:00:43.000,Yves Saint Laurent,bags,489.497561100000
33940461,12926349,8489817,5239095,223,223,2021-01-02 00:00:43.000,Yves Saint Laurent,bags,489.497561100000
34052526,11200392,11455388,1345773,123,203,2021-01-01 00:26:25.000,Gucci,bags,1106.564096700000
34108802,13472749,7759742,3433224,195,74,2021-01-02 00:36:10.000,Dior,shoes,292.500000000000
34077760,13604780,2053332,10724719,74,105,2021-01-02 00:34:37.000,Chanel,jewellery,408.098812500000
34077760,13604780,2053332,10725719,74,105,2021-01-02 00:34:37.000,Chanel,jewellery,408.098812500000
34083394,11030422,8744471,9101514,175,74,2021-01-09 00:06:50.000,Kenzo,clothing,31.365000000000
33968209,13151875,10013301,9879779,170,105,2021-01-10 00:19:39.000,The Vampire's Wife x H&M,clothing,37.800000000000
34256896,12295081,11324036,957244,74,74,2021-01-09 00:09:01.000,Pierre Cardin,clothing,89.001000000000
34241595,11374380,11006729,3000020,105,74,2021-01-10 00:03:30.000,Swarovski,jewellery,62.001000000000
34423282,13092345,11062622,9951247,74,74,2021-01-10 00:09:22.000,Maje,clothing,117.000000000000
33681517,9563284,6193859,9898971,74,105,2021-01-15 00:26:37.000,Kenzo,girls,40.500000000000
34384548,13701834,8557148,10335700,105,222,2021-01-15 00:34:14.000,Gucci,clothing,343.170000000000
33898656,12790347,1881059,367622,74,105,2021-01-11 00:25:51.000,Celine,shoes,215.982000000000
34438842,12225607,2782595,8612513,105,57,2021-01-12 00:31:58.000,Tommy Hilfiger,clothing,24.193530000000
34410673,13507106,6944294,11351561,74,105,2021-01-12 00:16:51.000,Prada,clothing,35.991000000000
34125772,13769893,3166973,3551145,175,74,2021-01-12 00:04:36.000,Prada,clothing,126.000000000000
34505072,13095130,9734309,10983515,105,74,2021-01-12 00:23:22.000,Angela Caputi,jewellery,43.200000000000
34481346,11335707,11486721,1611378,132,150,2021-01-12 00:02:09.000,Fendi,bags,208.854000000000
34481346,11335707,11486721,1611328,132,150,2021-01-12 00:02:09.000,Fendi,bags,208.854000000000
32784615,13556114,9775907,11336655,105,105,2021-01-12 00:32:04.000,Gucci,bags,508.482000000000
33737026,13646741,2756218,11175495,105,171,2021-01-06 00:10:40.000,Manolo Blahnik,shoes,387.000000000000
34193481,13481657,10335133,4587515,105,188,2021-01-06 00:00:41.000,Prada,accessories,243.719137800000
33877283,12184347,8305452,10518837,105,103,2021-01-06 00:02:20.000,Cesare Paciotti,shoes,81.000000000000
33877283,12184347,9305452,10518837,105,103,2021-01-06 00:02:20.000,Cesare Paciotti,shoes,81.000000000000
34102266,13572750,467486,5678155,105,74,2021-01-06 00:05:19.000,Gucci,girls,83.700000000000
34102266,13572750,497446,5679155,105,74,2021-01-06 00:05:19.000,Gucci,girls,83.700000000000
34102266,13572750,447486,5679155,105,74,2021-01-06 00:05:19.000,Gucci,girls,83.700000000000