ad_id,date,spend,impressions,inline_link_clicks,account_id
3001,2024-09-02,37.37,1580,88,101
3001,2024-09-03,33.4,4466,105,101
3001,2024-09-06,41.78,4234,52,101
3001,2024-09-07,24.47,4885,83,101
3001,2024-09-08,25.78,1757,51,101
3001,2024-09-09,13.7,3093,157,101
3001,2024-09-10,33.44,2011,62,101
3001,2024-09-11,13.12,3096,98,101
3001,2024-09-12,50.36,1831,146,101
3001,2024-09-13,92.84,3814,137,101
3001,2024-09-17,97.31,4974,139,101
3001,2024-09-18,73.49,4382,84,101
3001,2024-09-22,81.96,4121,96,101
3001,2024-09-23,75.85,828,45,101
3001,2024-09-24,20.52,703,112,101
3001,2024-09-25,29.83,3427,33,101
3001,2024-09-26,64.73,2098,159,101
3001,2024-09-27,80.32,2776,60,101
3001,2024-09-28,58.46,4149,183,101
3001,2024-09-29,17.86,4692,110,101
3001,2024-09-30,38.6,4690,24,101
3001,2024-10-02,23.32,4003,104,101
3001,2024-10-03,11.1,3325,99,101
3001,2024-10-04,50.1,1217,65,101
3001,2024-10-05,49.98,3904,123,101
3001,2024-10-06,82.51,3972,196,101
3001,2024-10-08,62.85,1205,46,101
3001,2024-10-09,52.72,4803,95,101
3001,2024-10-10,96.41,3578,32,101
3001,2024-10-11,67.49,2739,116,101
3001,2024-10-12,51.59,1621,61,101
3001,2024-10-13,44.36,4518,20,101
3001,2024-10-15,62.67,4547,153,101
3001,2024-10-16,30.21,520,49,101
3001,2024-10-17,96.04,4371,41,101
3001,2024-10-18,90.34,3917,55,101
3001,2024-10-19,71.91,2504,17,101
3001,2024-10-20,34.95,1046,163,101
3001,2024-10-21,62.3,4072,76,101
3001,2024-10-22,52.84,1479,105,101
3001,2024-10-23,61.77,2626,51,101
3001,2024-10-24,23.15,4276,187,101
3001,2024-10-25,24.7,2733,102,101
3001,2024-10-26,92.09,3416,22,101
3001,2024-10-27,57.67,1129,141,101
3001,2024-10-28,66.52,1274,163,101
3001,2024-10-30,88.52,2966,79,101
3002,2024-09-01,71.95,1285,146,101
3002,2024-09-02,84.1,605,45,101
3002,2024-09-03,43.57,4472,115,101
3002,2024-09-04,91.97,1339,65,101
3002,2024-09-05,29.9,2043,153,101
3002,2024-09-06,84.83,4806,146,101
3002,2024-09-07,73.2,1433,116,101
3002,2024-09-08,16.88,1575,14,101
3002,2024-09-09,38.04,3470,45,101
3002,2024-09-12,78.72,3302,54,101
3002,2024-09-13,12.59,1471,66,101
3002,2024-09-14,72.48,2356,88,101
3002,2024-09-15,21.72,1143,118,101
3002,2024-09-16,80.56,1136,14,101
3002,2024-09-19,19.7,4706,161,101
3002,2024-09-20,20.7,2572,21,101
3002,2024-09-21,70.08,1290,41,101
3002,2024-09-23,91.11,2013,181,101
3002,2024-09-24,18.17,2772,158,101
3002,2024-09-25,24.45,4601,196,101
3002,2024-09-26,55.44,1059,35,101
3002,2024-09-29,74.42,2808,53,101
3002,2024-10-01,97.62,1308,64,101
3002,2024-10-04,72.83,2016,122,101
3002,2024-10-05,19.66,3406,107,101
3002,2024-10-06,56.28,3838,38,101
3002,2024-10-08,51.93,4757,44,101
3002,2024-10-09,42.51,2861,152,101
3002,2024-10-10,17.4,4544,39,101
3002,2024-10-11,51.13,3055,185,101
3002,2024-10-13,59.85,2880,119,101
3002,2024-10-14,16.26,4396,183,101
3002,2024-10-15,11.15,4527,182,101
3002,2024-10-16,49.43,1196,40,101
3002,2024-10-17,46.06,1333,199,101
3002,2024-10-20,97.77,3274,61,101
3002,2024-10-21,99.16,1505,69,101
3002,2024-10-23,35.07,2736,174,101
3002,2024-10-25,70.0,3813,134,101
3002,2024-10-26,23.26,4224,37,101
3002,2024-10-27,54.04,2390,170,101
3002,2024-10-29,76.4,1058,137,101
3002,2024-10-30,97.49,3634,164,101
3003,2024-09-01,23.75,1289,29,101
3003,2024-09-02,56.8,4532,129,101
3003,2024-09-03,69.59,4516,139,101
3003,2024-09-04,40.93,4928,149,101
3003,2024-09-05,78.76,4025,40,101
3003,2024-09-06,38.31,3582,123,101
3003,2024-09-07,12.96,2982,190,101
3003,2024-09-08,48.76,3059,193,101
3003,2024-09-09,78.76,4518,178,101
3003,2024-09-10,58.55,4348,131,101
3003,2024-09-11,24.07,956,110,101
3003,2024-09-12,63.19,3594,167,101
3003,2024-09-13,78.98,2830,92,101
3003,2024-09-14,63.14,1550,103,101
3003,2024-09-15,76.79,720,170,101
3003,2024-09-16,18.76,3327,101,101
3003,2024-09-17,15.08,2500,73,101
3003,2024-09-18,38.09,1195,186,101
3003,2024-09-19,37.44,3265,53,101
3003,2024-09-20,39.35,4275,178,101
3003,2024-09-22,91.13,2684,15,101
3003,2024-09-23,62.92,3092,106,101
3003,2024-09-24,39.02,1300,135,101
3003,2024-09-25,70.76,3252,137,101
3003,2024-09-26,78.84,3281,52,101
3003,2024-09-27,42.7,4071,61,101
3003,2024-09-28,86.26,1117,147,101
3003,2024-09-29,33.86,2935,156,101
3003,2024-09-30,30.33,1253,193,101
3003,2024-10-02,40.32,1051,155,101
3003,2024-10-04,28.88,1128,176,101
3003,2024-10-06,36.99,4923,90,101
3003,2024-10-07,46.21,4721,126,101
3003,2024-10-08,59.28,652,170,101
3003,2024-10-09,87.64,4589,64,101
3003,2024-10-10,84.15,4328,78,101
3003,2024-10-12,65.3,4053,154,101
3003,2024-10-13,15.39,2143,103,101
3003,2024-10-14,31.63,2959,121,101
3003,2024-10-15,87.42,1027,172,101
3003,2024-10-16,47.12,2851,175,101
3003,2024-10-17,71.82,2434,113,101
3003,2024-10-18,23.5,726,72,101
3003,2024-10-20,53.68,4072,118,101
3003,2024-10-21,13.33,1805,79,101
3003,2024-10-22,33.26,2775,178,101
3003,2024-10-23,67.99,845,194,101
3003,2024-10-24,11.79,1187,90,101
3003,2024-10-25,88.05,3834,103,101
3003,2024-10-26,89.71,3751,195,101
3003,2024-10-28,61.39,4598,40,101
3003,2024-10-29,84.61,4802,74,101
3003,2024-10-30,18.12,1501,90,101
3004,2024-09-01,62.59,3694,200,101
3004,2024-09-02,48.06,1681,37,101
3004,2024-09-03,97.29,4100,114,101
3004,2024-09-04,63.05,4517,146,101
3004,2024-09-05,95.38,3092,149,101
3004,2024-09-06,71.45,2775,47,101
3004,2024-09-07,74.41,3024,15,101
3004,2024-09-08,91.47,785,199,101
3004,2024-09-09,94.68,2463,74,101
3004,2024-09-10,37.83,3472,185,101
3004,2024-09-11,88.03,4124,109,101
3004,2024-09-12,96.47,2593,87,101
3004,2024-09-13,84.04,2428,86,101
3004,2024-09-14,90.12,4095,171,101
3004,2024-09-15,83.1,3828,18,101
3004,2024-09-16,17.21,4527,130,101
3004,2024-09-17,93.38,3225,193,101
3004,2024-09-18,92.67,1322,51,101
3004,2024-09-19,55.57,3382,117,101
3004,2024-09-20,83.21,3176,126,101
3004,2024-09-21,78.58,2005,171,101
3004,2024-09-22,67.7,525,112,101
3004,2024-09-23,37.5,1173,38,101
3004,2024-09-24,56.47,1565,162,101
3004,2024-09-25,81.34,3116,125,101
3004,2024-09-26,76.17,2635,54,101
3004,2024-09-27,84.41,2808,60,101
3004,2024-09-28,43.08,3723,106,101
3004,2024-10-01,95.33,2373,32,101
3004,2024-10-03,73.11,1882,22,101
3004,2024-10-04,48.6,2631,48,101
3004,2024-10-05,43.11,1461,13,101
3004,2024-10-06,49.16,4216,182,101
3004,2024-10-07,30.2,2164,58,101
3004,2024-10-10,77.18,3629,43,101
3004,2024-10-11,28.59,2265,82,101
3004,2024-10-12,27.04,1977,114,101
3004,2024-10-14,97.85,2429,168,101
3004,2024-10-15,32.35,4253,31,101
3004,2024-10-16,21.99,3148,187,101
3004,2024-10-17,29.1,3641,191,101
3004,2024-10-18,63.75,1098,34,101
3004,2024-10-19,14.69,2423,130,101
3004,2024-10-24,77.34,872,11,101
3004,2024-10-25,65.77,2978,111,101
3004,2024-10-26,21.9,836,158,101
3004,2024-10-27,25.29,4537,96,101
3004,2024-10-29,38.56,4845,120,101
3004,2024-10-30,20.52,861,42,101
3005,2024-09-01,97.6,2801,102,101
3005,2024-09-03,88.92,2660,142,101
3005,2024-09-04,90.34,3084,198,101
3005,2024-09-07,86.77,4104,23,101
3005,2024-09-08,14.91,2000,19,101
3005,2024-09-09,24.72,4326,121,101
3005,2024-09-10,90.57,4554,20,101
3005,2024-09-11,98.99,4474,127,101
3005,2024-09-12,86.13,1712,41,101
3005,2024-09-13,28.34,2827,56,101
3005,2024-09-15,84.03,2239,159,101
3005,2024-09-17,79.02,1979,116,101
3005,2024-09-19,54.83,1272,94,101
3005,2024-09-20,71.32,1499,110,101
3005,2024-09-21,93.62,1368,92,101
3005,2024-09-22,17.3,4430,126,101
3005,2024-09-23,34.24,547,94,101
3005,2024-09-25,95.58,3161,197,101
3005,2024-09-29,87.7,2817,92,101
3005,2024-10-01,59.24,3624,33,101
3005,2024-10-02,26.02,3767,32,101
3005,2024-10-03,28.74,3682,113,101
3005,2024-10-04,77.73,1762,40,101
3005,2024-10-05,82.1,3040,185,101
3005,2024-10-06,42.31,1287,104,101
3005,2024-10-07,54.07,3679,131,101
3005,2024-10-08,64.03,1239,118,101
3005,2024-10-10,49.07,3989,33,101
3005,2024-10-11,40.76,4297,183,101
3005,2024-10-12,71.76,1770,136,101
3005,2024-10-13,68.25,1187,84,101
3005,2024-10-14,17.13,4412,86,101
3005,2024-10-15,21.5,2960,73,101
3005,2024-10-16,36.59,890,151,101
3005,2024-10-17,14.06,1381,140,101
3005,2024-10-18,18.5,2575,100,101
3005,2024-10-19,17.36,4624,14,101
3005,2024-10-20,69.54,1970,56,101
3005,2024-10-22,47.46,2938,90,101
3005,2024-10-23,50.95,4185,169,101
3005,2024-10-25,92.63,2033,64,101
3005,2024-10-26,77.23,2624,182,101
3005,2024-10-27,58.09,547,111,101
3005,2024-10-28,25.46,4408,127,101
3005,2024-10-29,88.19,4487,87,101
3005,2024-10-30,97.65,3455,186,101
3006,2024-09-01,72.13,3735,87,101
3006,2024-09-02,22.16,2063,38,101
3006,2024-09-04,26.94,719,63,101
3006,2024-09-05,23.06,2480,121,101
3006,2024-09-08,17.75,4296,47,101
3006,2024-09-09,11.96,1860,49,101
3006,2024-09-10,50.07,4473,130,101
3006,2024-09-11,50.46,2487,61,101
3006,2024-09-12,84.65,3709,23,101
3006,2024-09-13,19.24,4037,116,101
3006,2024-09-15,63.63,2882,19,101
3006,2024-09-16,53.75,4496,69,101
3006,2024-09-17,57.55,3957,157,101
3006,2024-09-18,15.72,3917,131,101
3006,2024-09-19,66.04,3340,124,101
3006,2024-09-20,11.87,2859,195,101
3006,2024-09-21,40.95,2401,139,101
3006,2024-09-22,91.82,3278,164,101
3006,2024-09-24,52.16,2903,195,101
3006,2024-09-25,96.38,3451,130,101
3006,2024-09-28,35.42,1206,180,101
3006,2024-09-29,25.6,1780,165,101
3006,2024-09-30,81.41,4544,87,101
3006,2024-10-01,60.11,648,101,101
3006,2024-10-03,24.27,4624,18,101
3006,2024-10-05,20.26,2357,40,101
3006,2024-10-06,53.77,3287,100,101
3006,2024-10-09,90.67,4722,164,101
3006,2024-10-10,73.58,4086,127,101
3006,2024-10-15,87.25,1334,153,101
3006,2024-10-16,19.49,1467,62,101
3006,2024-10-18,36.29,4116,139,101
3006,2024-10-19,88.34,1763,175,101
3006,2024-10-20,83.72,1507,61,101
3006,2024-10-21,47.42,553,72,101
3006,2024-10-23,35.81,1902,31,101
3006,2024-10-24,74.37,3899,102,101
3006,2024-10-25,32.09,4838,117,101
3006,2024-10-27,48.59,3853,127,101
3006,2024-10-29,71.4,743,123,101
3006,2024-10-30,10.9,4738,27,101
3007,2024-09-01,38.33,1846,121,101
3007,2024-09-02,78.33,1736,157,101
3007,2024-09-03,66.84,4758,85,101
3007,2024-09-04,89.72,2993,194,101
3007,2024-09-05,91.83,564,81,101
3007,2024-09-07,23.22,3809,124,101
3007,2024-09-08,89.88,4122,188,101
3007,2024-09-09,83.06,3813,60,101
3007,2024-09-11,58.37,3694,195,101
3007,2024-09-12,89.19,4763,148,101
3007,2024-09-13,18.35,3057,143,101
3007,2024-09-14,67.21,691,17,101
3007,2024-09-16,33.28,2989,195,101
3007,2024-09-17,55.47,991,105,101
3007,2024-09-18,55.67,1514,22,101
3007,2024-09-21,61.52,542,126,101
3007,2024-09-22,31.25,4868,162,101
3007,2024-09-23,36.93,1646,192,101
3007,2024-09-24,76.38,1362,93,101
3007,2024-09-25,27.33,3459,126,101
3007,2024-09-26,74.05,3875,30,101
3007,2024-09-27,48.24,1565,131,101
3007,2024-09-28,17.03,4811,113,101
3007,2024-09-29,56.71,3734,77,101
3007,2024-09-30,67.28,4105,186,101
3007,2024-10-02,97.59,1834,46,101
3007,2024-10-03,53.63,4249,43,101
3007,2024-10-05,57.62,2241,126,101
3007,2024-10-06,77.18,3525,40,101
3007,2024-10-07,46.78,1490,104,101
3007,2024-10-08,13.63,1755,40,101
3007,2024-10-09,99.19,2984,85,101
3007,2024-10-10,81.21,1664,160,101
3007,2024-10-11,94.31,2999,82,101
3007,2024-10-12,83.72,4504,10,101
3007,2024-10-13,41.38,866,116,101
3007,2024-10-14,37.87,4205,96,101
3007,2024-10-16,74.8,1587,45,101
3007,2024-10-17,51.48,4185,180,101
3007,2024-10-18,87.97,3164,32,101
3007,2024-10-20,46.87,2407,111,101
3007,2024-10-21,14.12,4129,198,101
3007,2024-10-22,17.97,1856,191,101
3007,2024-10-23,66.71,3030,153,101
3007,2024-10-24,67.95,1197,59,101
3007,2024-10-26,78.19,4774,58,101
3007,2024-10-28,11.68,4856,56,101
3007,2024-10-30,28.52,4139,31,101
3008,2024-09-02,46.16,868,135,101
3008,2024-09-04,49.33,3899,16,101
3008,2024-09-06,33.15,1439,35,101
3008,2024-09-07,35.68,1996,75,101
3008,2024-09-09,95.69,1886,25,101
3008,2024-09-10,39.28,722,192,101
3008,2024-09-11,45.09,3121,46,101
3008,2024-09-12,39.18,3576,40,101
3008,2024-09-13,31.57,2437,136,101
3008,2024-09-14,55.4,1442,78,101
3008,2024-09-15,51.83,3834,26,101
3008,2024-09-16,46.67,2414,14,101
3008,2024-09-17,96.71,1331,73,101
3008,2024-09-19,21.3,3832,124,101
3008,2024-09-20,67.22,2166,46,101
3008,2024-09-21,98.68,2508,147,101
3008,2024-09-24,13.76,4306,168,101
3008,2024-09-25,97.49,504,25,101
3008,2024-09-27,63.81,3614,99,101
3008,2024-09-29,85.66,2804,21,101
3008,2024-09-30,58.07,1072,86,101
3008,2024-10-01,72.86,1644,195,101
3008,2024-10-02,35.15,4038,63,101
3008,2024-10-03,96.17,3107,184,101
3008,2024-10-05,98.17,4208,79,101
3008,2024-10-06,98.47,3298,63,101
3008,2024-10-07,63.96,630,187,101
3008,2024-10-08,93.0,4403,11,101
3008,2024-10-10,47.18,4505,110,101
3008,2024-10-11,80.86,1135,147,101
3008,2024-10-12,84.89,4146,182,101
3008,2024-10-13,97.48,3583,163,101
3008,2024-10-14,25.95,569,41,101
3008,2024-10-15,94.26,4141,12,101
3008,2024-10-16,11.78,2803,184,101
3008,2024-10-18,18.1,2983,193,101
3008,2024-10-19,98.21,3473,19,101
3008,2024-10-20,91.41,2212,11,101
3008,2024-10-21,83.9,3744,38,101
3008,2024-10-23,54.46,2087,178,101
3008,2024-10-24,70.5,1937,26,101
3008,2024-10-25,77.14,1543,76,101
3008,2024-10-29,34.69,689,187,101
3008,2024-10-30,65.3,4218,10,101
3009,2024-09-02,94.88,924,92,101
3009,2024-09-03,99.56,2744,41,101
3009,2024-09-04,51.99,3461,142,101
3009,2024-09-07,35.01,3941,146,101
3009,2024-09-08,10.46,2094,95,101
3009,2024-09-09,61.46,707,198,101
3009,2024-09-10,72.06,1109,73,101
3009,2024-09-11,39.63,1014,170,101
3009,2024-09-12,12.51,4038,16,101
3009,2024-09-13,66.37,3238,74,101
3009,2024-09-14,52.62,3291,23,101
3009,2024-09-16,31.31,1097,163,101
3009,2024-09-17,78.77,4157,158,101
3009,2024-09-18,97.71,773,106,101
3009,2024-09-19,86.29,1032,42,101
3009,2024-09-20,82.21,948,87,101
3009,2024-09-21,48.87,1334,183,101
3009,2024-09-22,14.7,3624,112,101
3009,2024-09-23,77.68,2409,163,101
3009,2024-09-25,50.81,4302,119,101
3009,2024-09-27,40.57,712,126,101
3009,2024-09-28,62.9,1384,36,101
3009,2024-09-29,74.2,2086,156,101
3009,2024-09-30,55.8,3411,117,101
3009,2024-10-01,65.88,2023,72,101
3009,2024-10-02,13.97,1545,89,101
3009,2024-10-03,56.18,3430,89,101
3009,2024-10-04,58.7,1692,47,101
3009,2024-10-05,64.3,2884,104,101
3009,2024-10-07,69.19,1684,24,101
3009,2024-10-08,83.73,947,118,101
3009,2024-10-09,97.89,2148,27,101
3009,2024-10-10,70.11,4328,163,101
3009,2024-10-11,86.68,3249,167,101
3009,2024-10-12,39.58,1358,126,101
3009,2024-10-15,92.8,2327,187,101
3009,2024-10-16,66.15,2458,133,101
3009,2024-10-17,95.73,3215,199,101
3009,2024-10-18,46.03,555,102,101
3009,2024-10-19,42.21,1443,46,101
3009,2024-10-20,27.5,3448,21,101
3009,2024-10-22,35.57,2293,77,101
3009,2024-10-23,40.58,2514,55,101
3009,2024-10-24,25.85,2644,35,101
3009,2024-10-25,70.97,3604,177,101
3009,2024-10-27,94.25,2999,126,101
3009,2024-10-28,82.85,1903,144,101
3010,2024-09-03,23.0,1571,58,101
3010,2024-09-04,44.04,3565,91,101
3010,2024-09-05,97.93,2503,21,101
3010,2024-09-07,86.9,2909,48,101
3010,2024-09-08,14.79,2794,42,101
3010,2024-09-12,17.33,4355,179,101
3010,2024-09-13,25.07,3679,175,101
3010,2024-09-15,56.7,1966,92,101
3010,2024-09-16,57.29,4459,193,101
3010,2024-09-18,62.31,799,63,101
3010,2024-09-19,28.27,2420,111,101
3010,2024-09-20,48.25,3589,156,101
3010,2024-09-21,85.82,2585,150,101
3010,2024-09-22,77.65,2917,123,101
3010,2024-09-23,30.72,837,129,101
3010,2024-09-24,40.27,4195,129,101
3010,2024-09-25,43.08,4575,91,101
3010,2024-09-26,12.22,4118,69,101
3010,2024-09-27,16.83,1175,85,101
3010,2024-09-29,67.93,2764,68,101
3010,2024-09-30,16.42,813,149,101
3010,2024-10-01,27.7,3197,74,101
3010,2024-10-02,83.4,2748,58,101
3010,2024-10-03,99.82,4949,76,101
3010,2024-10-04,36.95,3339,113,101
3010,2024-10-08,68.87,1722,111,101
3010,2024-10-09,75.1,2219,131,101
3010,2024-10-10,62.83,4339,194,101
3010,2024-10-12,17.73,2038,119,101
3010,2024-10-14,28.86,4186,152,101
3010,2024-10-15,22.51,1551,88,101
3010,2024-10-17,82.94,3405,96,101
3010,2024-10-18,48.31,3804,186,101
3010,2024-10-19,39.35,690,155,101
3010,2024-10-22,95.74,3205,155,101
3010,2024-10-23,64.27,3702,107,101
3010,2024-10-24,45.16,4878,108,101
3010,2024-10-25,19.78,4198,173,101
3010,2024-10-27,19.39,1955,18,101
3010,2024-10-29,12.42,2130,27,101
3011,2024-09-01,28.53,2884,178,101
3011,2024-09-02,50.92,3519,142,101
3011,2024-09-03,39.41,3865,110,101
3011,2024-09-04,19.97,4894,117,101
3011,2024-09-05,16.19,2191,43,101
3011,2024-09-07,83.61,4389,50,101
3011,2024-09-08,94.52,2162,138,101
3011,2024-09-09,51.31,2152,11,101
3011,2024-09-11,84.21,2522,144,101
3011,2024-09-12,61.23,4521,127,101
3011,2024-09-13,13.52,1246,83,101
3011,2024-09-14,92.7,3340,189,101
3011,2024-09-17,84.11,1934,116,101
3011,2024-09-18,91.0,4039,127,101
3011,2024-09-19,69.32,1282,110,101
3011,2024-09-20,13.93,1793,80,101
3011,2024-09-22,70.0,1046,188,101
3011,2024-09-23,91.2,4542,115,101
3011,2024-09-25,99.58,1126,36,101
3011,2024-09-26,80.16,3859,125,101
3011,2024-09-27,28.66,865,128,101
3011,2024-09-28,67.5,4283,107,101
3011,2024-09-29,45.94,2092,111,101
3011,2024-09-30,32.55,1618,93,101
3011,2024-10-01,51.78,4279,27,101
3011,2024-10-02,69.13,4085,45,101
3011,2024-10-03,35.12,1821,53,101
3011,2024-10-05,25.95,1517,146,101
3011,2024-10-06,25.16,591,183,101
3011,2024-10-07,49.66,1957,65,101
3011,2024-10-08,90.34,4860,65,101
3011,2024-10-09,14.3,4783,174,101
3011,2024-10-10,69.4,1342,109,101
3011,2024-10-11,49.96,538,22,101
3011,2024-10-15,31.47,1248,14,101
3011,2024-10-16,99.04,3261,59,101
3011,2024-10-17,15.69,1291,180,101
3011,2024-10-18,25.03,3905,141,101
3011,2024-10-19,39.44,2052,169,101
3011,2024-10-20,58.75,4005,40,101
3011,2024-10-21,19.53,3149,54,101
3011,2024-10-22,68.86,598,109,101
3011,2024-10-23,29.81,2781,176,101
3011,2024-10-24,13.95,2290,115,101
3011,2024-10-25,63.9,1334,192,101
3011,2024-10-26,99.15,1904,74,101
3011,2024-10-28,98.33,3683,183,101
3012,2024-09-01,25.78,3104,180,101
3012,2024-09-02,40.16,4177,107,101
3012,2024-09-03,76.76,4624,160,101
3012,2024-09-04,11.2,673,167,101
3012,2024-09-06,31.28,4010,72,101
3012,2024-09-07,15.39,3568,137,101
3012,2024-09-08,23.65,2174,174,101
3012,2024-09-09,93.11,4135,199,101
3012,2024-09-11,38.58,824,143,101
3012,2024-09-13,83.14,694,68,101
3012,2024-09-15,31.8,4918,23,101
3012,2024-09-17,32.35,2322,165,101
3012,2024-09-19,26.52,549,26,101
3012,2024-09-21,27.32,1659,62,101
3012,2024-09-22,25.63,4996,62,101
3012,2024-09-23,17.03,4326,89,101
3012,2024-09-24,27.78,3973,55,101
3012,2024-09-25,37.28,4172,172,101
3012,2024-09-26,87.62,4441,30,101
3012,2024-09-28,43.99,4356,122,101
3012,2024-09-29,64.85,4050,49,101
3012,2024-10-02,44.33,1181,86,101
3012,2024-10-03,23.75,1939,75,101
3012,2024-10-04,37.53,2820,106,101
3012,2024-10-05,53.28,3229,44,101
3012,2024-10-06,27.61,2053,11,101
3012,2024-10-07,55.06,3565,135,101
3012,2024-10-08,47.42,3732,200,101
3012,2024-10-09,54.06,1083,114,101
3012,2024-10-12,93.89,1830,59,101
3012,2024-10-17,73.82,3516,188,101
3012,2024-10-18,44.68,3973,198,101
3012,2024-10-19,53.0,3460,171,101
3012,2024-10-20,12.54,1711,76,101
3012,2024-10-21,94.98,1707,75,101
3012,2024-10-22,62.05,1822,13,101
3012,2024-10-23,18.31,3648,111,101
3012,2024-10-24,97.67,1158,142,101
3012,2024-10-27,48.42,2975,138,101
3012,2024-10-29,44.45,3022,197,101
3012,2024-10-30,88.88,1228,37,101
3013,2024-09-01,79.9,3321,46,101
3013,2024-09-02,28.86,3760,188,101
3013,2024-09-03,98.83,4528,10,101
3013,2024-09-04,79.64,3922,144,101
3013,2024-09-05,35.95,4030,53,101
3013,2024-09-06,26.78,1600,60,101
3013,2024-09-07,55.24,1403,125,101
3013,2024-09-08,29.13,2146,25,101
3013,2024-09-09,82.83,2071,76,101
3013,2024-09-12,92.17,1394,172,101
3013,2024-09-13,36.38,3594,41,101
3013,2024-09-14,40.79,2423,132,101
3013,2024-09-15,78.45,577,25,101
3013,2024-09-16,95.97,842,34,101
3013,2024-09-17,81.26,3577,164,101
3013,2024-09-18,96.59,2677,134,101
3013,2024-09-19,40.33,4018,96,101
3013,2024-09-20,90.11,3082,71,101
3013,2024-09-22,44.06,968,101,101
3013,2024-09-25,88.35,3791,195,101
3013,2024-09-28,21.06,4846,81,101
3013,2024-10-01,50.67,4392,141,101
3013,2024-10-02,26.91,3139,14,101
3013,2024-10-03,88.61,3166,183,101
3013,2024-10-04,64.61,3778,199,101
3013,2024-10-05,17.32,4005,131,101
3013,2024-10-09,36.45,2098,192,101
3013,2024-10-10,56.8,4633,18,101
3013,2024-10-11,81.71,2968,182,101
3013,2024-10-14,90.68,1447,133,101
3013,2024-10-15,31.68,2233,53,101
3013,2024-10-17,18.05,4062,193,101
3013,2024-10-18,93.61,3174,108,101
3013,2024-10-20,33.19,4401,181,101
3013,2024-10-21,22.22,4878,172,101
3013,2024-10-22,18.14,3226,67,101
3013,2024-10-25,67.96,3588,193,101
3013,2024-10-26,75.25,4079,69,101
3013,2024-10-27,20.41,1218,38,101
3013,2024-10-28,76.65,2041,200,101
3013,2024-10-30,21.47,3067,107,101
3014,2024-09-01,10.15,1006,161,101
3014,2024-09-02,86.24,3970,91,101
3014,2024-09-06,69.74,2319,37,101
3014,2024-09-07,58.45,4273,90,101
3014,2024-09-08,94.86,2293,137,101
3014,2024-09-09,23.27,2821,47,101
3014,2024-09-10,86.42,781,163,101
3014,2024-09-11,55.21,1511,80,101
3014,2024-09-13,53.05,2267,136,101
3014,2024-09-14,96.98,981,95,101
3014,2024-09-15,74.51,2343,189,101
3014,2024-09-16,93.08,1966,134,101
3014,2024-09-17,36.92,1804,15,101
3014,2024-09-18,40.37,4378,99,101
3014,2024-09-20,57.51,2818,82,101
3014,2024-09-21,27.56,4989,110,101
3014,2024-09-22,39.11,943,191,101
3014,2024-09-23,68.92,1626,123,101
3014,2024-09-24,36.2,1686,63,101
3014,2024-09-25,77.35,574,102,101
3014,2024-09-26,61.81,1709,106,101
3014,2024-09-28,85.75,961,34,101
3014,2024-09-29,52.65,929,40,101
3014,2024-10-01,63.41,1717,170,101
3014,2024-10-02,32.05,1473,71,101
3014,2024-10-03,37.24,1913,177,101
3014,2024-10-04,79.83,1234,128,101
3014,2024-10-06,34.77,4146,104,101
3014,2024-10-07,20.5,1499,135,101
3014,2024-10-08,91.76,2342,15,101
3014,2024-10-09,98.86,4428,80,101
3014,2024-10-10,18.51,1983,108,101
3014,2024-10-11,68.01,4052,86,101
3014,2024-10-12,18.95,1020,192,101
3014,2024-10-15,83.16,661,110,101
3014,2024-10-16,58.28,4842,135,101
3014,2024-10-17,85.34,4915,192,101
3014,2024-10-19,77.82,2199,178,101
3014,2024-10-21,63.92,1974,11,101
3014,2024-10-22,82.05,1507,20,101
3014,2024-10-23,28.56,1820,32,101
3014,2024-10-24,86.63,786,31,101
3014,2024-10-26,42.72,4959,53,101
3014,2024-10-27,95.07,500,73,101
3014,2024-10-28,95.16,4755,85,101
3014,2024-10-29,50.04,4517,187,101
3014,2024-10-30,91.97,3384,165,101
3015,2024-09-01,28.89,1311,179,101
3015,2024-09-03,26.93,2955,65,101
3015,2024-09-05,29.44,3441,81,101
3015,2024-09-06,66.01,1109,150,101
3015,2024-09-07,44.36,1837,112,101
3015,2024-09-08,95.03,3984,187,101
3015,2024-09-09,28.34,2706,172,101
3015,2024-09-10,27.34,3548,154,101
3015,2024-09-11,83.85,1843,117,101
3015,2024-09-13,80.9,3604,16,101
3015,2024-09-15,34.31,4853,38,101
3015,2024-09-16,46.61,3198,173,101
3015,2024-09-17,91.83,2738,47,101
3015,2024-09-19,10.89,3589,66,101
3015,2024-09-20,19.45,1511,54,101
3015,2024-09-21,88.8,4510,34,101
3015,2024-09-22,73.04,2810,151,101
3015,2024-09-23,18.92,892,53,101
3015,2024-09-24,77.67,1980,98,101
3015,2024-09-26,80.99,3798,132,101
3015,2024-09-27,33.32,4707,192,101
3015,2024-09-28,21.37,3603,155,101
3015,2024-09-29,14.76,3532,191,101
3015,2024-10-01,47.64,4250,56,101
3015,2024-10-02,41.86,4339,138,101
3015,2024-10-03,95.74,4764,193,101
3015,2024-10-06,87.21,3003,114,101
3015,2024-10-09,16.9,2466,33,101
3015,2024-10-10,15.17,2841,151,101
3015,2024-10-13,95.36,4667,197,101
3015,2024-10-14,54.8,4861,188,101
3015,2024-10-15,11.25,2057,200,101
3015,2024-10-16,48.25,4877,98,101
3015,2024-10-17,76.51,4826,185,101
3015,2024-10-18,64.66,1880,182,101
3015,2024-10-22,43.03,1592,141,101
3015,2024-10-23,14.58,4559,107,101
3015,2024-10-24,97.28,3268,183,101
3015,2024-10-25,58.52,1465,84,101
3015,2024-10-26,36.42,2245,10,101
3015,2024-10-27,61.2,2281,88,101
3015,2024-10-30,90.41,4293,168,101
3016,2024-09-02,10.53,4271,94,101
3016,2024-09-03,19.64,3364,194,101
3016,2024-09-04,41.91,1330,120,101
3016,2024-09-05,17.63,4713,49,101
3016,2024-09-06,92.18,556,49,101
3016,2024-09-08,52.36,3566,86,101
3016,2024-09-09,90.3,4894,78,101
3016,2024-09-10,49.47,4099,51,101
3016,2024-09-11,77.24,547,101,101
3016,2024-09-13,19.96,2833,20,101
3016,2024-09-14,47.9,3213,18,101
3016,2024-09-15,27.91,4426,180,101
3016,2024-09-17,54.02,4559,184,101
3016,2024-09-18,39.24,3775,138,101
3016,2024-09-19,76.77,3685,43,101
3016,2024-09-20,19.71,673,42,101
3016,2024-09-21,55.0,2437,23,101
3016,2024-09-22,40.79,565,121,101
3016,2024-09-23,35.4,1176,119,101
3016,2024-09-24,23.72,4688,57,101
3016,2024-09-25,79.01,2658,189,101
3016,2024-09-26,83.85,2125,131,101
3016,2024-09-27,82.9,4615,166,101
3016,2024-09-28,99.33,1718,68,101
3016,2024-09-29,46.12,2743,59,101
3016,2024-10-01,65.48,1244,23,101
3016,2024-10-02,57.25,2395,66,101
3016,2024-10-03,53.13,4676,119,101
3016,2024-10-04,37.39,2705,103,101
3016,2024-10-05,41.59,3924,73,101
3016,2024-10-06,14.28,834,10,101
3016,2024-10-07,77.03,2236,83,101
3016,2024-10-08,91.76,1325,120,101
3016,2024-10-09,95.35,3478,95,101
3016,2024-10-10,18.72,611,184,101
3016,2024-10-11,87.58,3213,102,101
3016,2024-10-12,42.52,4832,164,101
3016,2024-10-13,68.52,2220,159,101
3016,2024-10-14,89.85,1568,171,101
3016,2024-10-15,20.83,2060,59,101
3016,2024-10-16,93.3,1113,149,101
3016,2024-10-17,37.13,4384,61,101
3016,2024-10-18,23.83,1547,59,101
3016,2024-10-19,74.04,3345,103,101
3016,2024-10-20,74.56,4072,27,101
3016,2024-10-21,57.14,4627,15,101
3016,2024-10-22,34.67,1556,84,101
3016,2024-10-23,60.96,2058,199,101
3016,2024-10-25,57.92,4706,29,101
3016,2024-10-26,77.57,3646,153,101
3016,2024-10-28,34.43,2007,10,101
3016,2024-10-29,29.6,572,141,101
3016,2024-10-30,73.7,4801,76,101
3017,2024-09-01,29.83,2699,151,101
3017,2024-09-02,30.15,4870,70,101
3017,2024-09-03,67.57,2775,44,101
3017,2024-09-04,81.16,2539,63,101
3017,2024-09-05,10.13,3346,171,101
3017,2024-09-06,43.22,1181,190,101
3017,2024-09-08,22.03,2915,93,101
3017,2024-09-10,10.94,3412,66,101
3017,2024-09-11,35.17,2597,14,101
3017,2024-09-12,98.09,1371,194,101
3017,2024-09-13,44.38,2608,170,101
3017,2024-09-14,59.58,4122,66,101
3017,2024-09-15,28.35,3739,49,101
3017,2024-09-16,75.68,4054,104,101
3017,2024-09-17,53.11,4562,56,101
3017,2024-09-18,83.4,1942,58,101
3017,2024-09-19,94.9,1977,175,101
3017,2024-09-20,37.91,1955,110,101
3017,2024-09-21,26.91,1675,28,101
3017,2024-09-22,50.95,3797,35,101
3017,2024-09-23,22.36,596,164,101
3017,2024-09-24,44.56,1401,13,101
3017,2024-09-26,13.94,2534,31,101
3017,2024-09-27,94.47,610,12,101
3017,2024-09-29,76.25,3272,191,101
3017,2024-09-30,22.53,4139,51,101
3017,2024-10-01,53.1,2497,24,101
3017,2024-10-02,34.07,4953,41,101
3017,2024-10-03,14.01,4961,85,101
3017,2024-10-04,89.78,3902,46,101
3017,2024-10-05,30.19,2356,119,101
3017,2024-10-06,41.8,2849,67,101
3017,2024-10-08,71.81,1420,135,101
3017,2024-10-09,19.91,1333,82,101
3017,2024-10-10,65.41,1469,102,101
3017,2024-10-14,26.03,4845,95,101
3017,2024-10-15,71.15,1730,180,101
3017,2024-10-16,66.23,2851,99,101
3017,2024-10-18,54.93,3523,77,101
3017,2024-10-20,16.87,517,48,101
3017,2024-10-22,23.3,4159,194,101
3017,2024-10-26,48.47,2781,47,101
3017,2024-10-27,99.53,1989,108,101
3017,2024-10-28,54.48,4442,187,101
3017,2024-10-30,67.29,1632,177,101
3018,2024-09-02,59.44,4913,146,101
3018,2024-09-03,58.26,2385,108,101
3018,2024-09-04,74.34,4816,157,101
3018,2024-09-07,17.85,3463,10,101
3018,2024-09-08,86.55,3468,152,101
3018,2024-09-09,22.02,1402,25,101
3018,2024-09-11,86.44,1641,85,101
3018,2024-09-12,85.17,3949,72,101
3018,2024-09-13,30.21,1628,40,101
3018,2024-09-15,43.97,715,188,101
3018,2024-09-17,73.13,1104,132,101
3018,2024-09-20,42.87,1147,72,101
3018,2024-09-21,61.23,3911,48,101
3018,2024-09-23,22.61,4820,188,101
3018,2024-09-25,75.03,4137,175,101
3018,2024-09-26,35.81,1777,25,101
3018,2024-09-28,77.6,4622,51,101
3018,2024-09-29,84.94,4221,151,101
3018,2024-09-30,33.22,4611,88,101
3018,2024-10-01,48.13,1784,79,101
3018,2024-10-03,98.01,1525,200,101
3018,2024-10-04,65.71,2293,110,101
3018,2024-10-05,77.14,1132,187,101
3018,2024-10-06,38.19,3818,107,101
3018,2024-10-07,82.3,3975,59,101
3018,2024-10-08,19.4,3471,164,101
3018,2024-10-10,31.56,1833,148,101
3018,2024-10-11,29.07,589,89,101
3018,2024-10-12,28.16,765,71,101
3018,2024-10-13,97.9,867,154,101
3018,2024-10-15,14.32,1263,89,101
3018,2024-10-16,42.1,2813,111,101
3018,2024-10-17,38.3,3700,195,101
3018,2024-10-18,21.66,1297,94,101
3018,2024-10-19,76.73,1327,138,101
3018,2024-10-21,62.85,3630,132,101
3018,2024-10-22,86.68,2876,51,101
3018,2024-10-23,51.68,1264,193,101
3018,2024-10-24,29.41,1653,193,101
3018,2024-10-25,96.73,4729,196,101
3018,2024-10-26,57.1,3296,124,101
3018,2024-10-28,42.43,4029,20,101
3019,2024-09-01,28.79,1114,49,101
3019,2024-09-02,99.5,1297,13,101
3019,2024-09-03,88.34,4982,32,101
3019,2024-09-04,50.93,1890,85,101
3019,2024-09-05,35.21,3476,100,101
3019,2024-09-06,26.13,4274,76,101
3019,2024-09-10,93.17,1515,155,101
3019,2024-09-11,42.71,2848,112,101
3019,2024-09-12,65.77,1556,122,101
3019,2024-09-13,86.04,3069,105,101
3019,2024-09-14,47.19,4187,77,101
3019,2024-09-17,97.97,967,199,101
3019,2024-09-19,60.47,1766,36,101
3019,2024-09-20,24.24,3770,28,101
3019,2024-09-21,88.67,1265,99,101
3019,2024-09-22,67.82,4308,37,101
3019,2024-09-23,75.86,3751,120,101
3019,2024-09-24,39.58,3099,97,101
3019,2024-09-26,73.21,4401,39,101
3019,2024-09-27,13.45,1775,130,101
3019,2024-09-28,29.21,756,163,101
3019,2024-09-30,82.77,4023,131,101
3019,2024-10-01,29.03,687,185,101
3019,2024-10-02,32.69,1942,31,101
3019,2024-10-03,34.65,1169,86,101
3019,2024-10-05,47.77,2253,181,101
3019,2024-10-07,14.84,4010,97,101
3019,2024-10-09,27.87,3933,133,101
3019,2024-10-10,71.99,1816,188,101
3019,2024-10-11,92.13,3687,12,101
3019,2024-10-12,90.44,2126,29,101
3019,2024-10-13,62.06,1684,92,101
3019,2024-10-14,84.12,3092,13,101
3019,2024-10-15,51.28,1708,137,101
3019,2024-10-17,97.3,3829,77,101
3019,2024-10-18,10.33,4190,42,101
3019,2024-10-19,67.5,1298,19,101
3019,2024-10-20,98.11,3942,188,101
3019,2024-10-21,24.95,3592,65,101
3019,2024-10-22,95.71,617,104,101
3019,2024-10-24,90.7,4613,41,101
3019,2024-10-25,68.4,4235,115,101
3019,2024-10-26,41.7,4943,119,101
3019,2024-10-27,78.86,1428,55,101
3019,2024-10-28,43.58,1832,148,101
3019,2024-10-29,35.65,4083,172,101
3019,2024-10-30,65.83,1312,32,101
3020,2024-09-02,68.47,3869,36,101
3020,2024-09-03,77.66,4962,35,101
3020,2024-09-04,55.3,767,180,101
3020,2024-09-05,47.86,2325,126,101
3020,2024-09-06,20.31,4346,41,101
3020,2024-09-07,81.44,4300,115,101
3020,2024-09-09,80.62,3742,11,101
3020,2024-09-12,34.08,2666,88,101
3020,2024-09-15,31.74,3896,18,101
3020,2024-09-16,23.8,3567,142,101
3020,2024-09-18,40.16,4022,71,101
3020,2024-09-19,45.22,3722,23,101
3020,2024-09-21,21.6,3698,196,101
3020,2024-09-22,91.38,4737,50,101
3020,2024-09-23,18.96,1534,139,101
3020,2024-09-24,61.92,3711,170,101
3020,2024-09-27,39.02,1263,33,101
3020,2024-09-28,11.04,1753,17,101
3020,2024-09-29,58.93,1145,156,101
3020,2024-09-30,76.81,1569,126,101
3020,2024-10-01,79.98,2028,71,101
3020,2024-10-02,29.96,2087,147,101
3020,2024-10-04,82.64,3597,76,101
3020,2024-10-05,34.75,1677,170,101
3020,2024-10-06,98.63,1347,38,101
3020,2024-10-07,63.63,1377,46,101
3020,2024-10-08,90.51,1260,29,101
3020,2024-10-09,42.53,2203,110,101
3020,2024-10-10,81.59,3889,28,101
3020,2024-10-11,66.31,2222,185,101
3020,2024-10-12,90.07,4193,51,101
3020,2024-10-13,10.91,1963,178,101
3020,2024-10-14,64.6,757,40,101
3020,2024-10-17,65.26,4976,11,101
3020,2024-10-18,76.75,1496,59,101
3020,2024-10-19,58.24,4743,141,101
3020,2024-10-21,42.84,2277,17,101
3020,2024-10-22,29.78,1536,78,101
3020,2024-10-23,27.93,1253,99,101
3020,2024-10-24,68.67,4326,200,101
3020,2024-10-26,95.17,2081,74,101
3020,2024-10-27,71.84,2802,110,101
3020,2024-10-28,81.38,3052,52,101
3021,2024-09-01,89.46,3971,162,101
3021,2024-09-02,83.43,1381,165,101
3021,2024-09-03,27.97,3391,105,101
3021,2024-09-06,90.05,4689,74,101
3021,2024-09-07,36.41,4845,100,101
3021,2024-09-08,20.32,3143,119,101
3021,2024-09-10,16.54,3544,105,101
3021,2024-09-11,38.3,578,91,101
3021,2024-09-12,74.51,2251,129,101
3021,2024-09-13,38.94,2405,153,101
3021,2024-09-14,35.53,2238,144,101
3021,2024-09-15,60.49,1112,156,101
3021,2024-09-17,78.06,3103,91,101
3021,2024-09-18,14.47,4546,137,101
3021,2024-09-19,34.7,1476,41,101
3021,2024-09-20,64.13,3636,70,101
3021,2024-09-21,35.65,538,128,101
3021,2024-09-22,85.75,3799,19,101
3021,2024-09-25,68.03,1068,130,101
3021,2024-09-26,82.23,2965,80,101
3021,2024-09-27,41.12,1153,152,101
3021,2024-09-29,14.24,2944,188,101
3021,2024-10-01,67.7,1494,105,101
3021,2024-10-03,30.16,585,45,101
3021,2024-10-04,39.06,4069,67,101
3021,2024-10-05,27.2,3521,147,101
3021,2024-10-09,80.64,1407,22,101
3021,2024-10-11,39.64,3609,79,101
3021,2024-10-12,93.24,4274,40,101
3021,2024-10-13,87.57,3885,173,101
3021,2024-10-14,21.01,4822,71,101
3021,2024-10-15,69.51,2798,92,101
3021,2024-10-17,18.26,2926,192,101
3021,2024-10-18,60.27,2485,178,101
3021,2024-10-19,87.03,1139,29,101
3021,2024-10-21,11.18,2270,129,101
3021,2024-10-23,19.41,2209,161,101
3021,2024-10-25,38.2,3054,191,101
3021,2024-10-26,23.86,4632,37,101
3021,2024-10-28,42.73,4206,168,101
3021,2024-10-29,80.2,2039,27,101
3021,2024-10-30,24.78,3016,157,101
3022,2024-09-01,23.26,1377,200,101
3022,2024-09-02,11.49,4275,57,101
3022,2024-09-03,52.86,4849,125,101
3022,2024-09-04,20.65,1188,100,101
3022,2024-09-05,23.56,4613,120,101
3022,2024-09-06,14.78,2733,104,101
3022,2024-09-07,68.38,3961,59,101
3022,2024-09-08,46.24,2760,145,101
3022,2024-09-09,56.68,1394,184,101
3022,2024-09-10,32.4,1409,66,101
3022,2024-09-11,90.56,2680,71,101
3022,2024-09-12,19.09,2355,168,101
3022,2024-09-13,46.41,3718,35,101
3022,2024-09-14,84.17,2697,136,101
3022,2024-09-15,80.72,3347,173,101
3022,2024-09-16,63.67,525,34,101
3022,2024-09-17,91.7,4405,199,101
3022,2024-09-18,91.6,2454,53,101
3022,2024-09-19,16.25,2034,95,101
3022,2024-09-21,11.15,4387,119,101
3022,2024-09-22,25.98,2661,29,101
3022,2024-09-23,78.42,579,162,101
3022,2024-09-24,52.64,508,135,101
3022,2024-09-26,14.07,642,155,101
3022,2024-09-27,36.16,2370,144,101
3022,2024-09-28,77.95,1269,35,101
3022,2024-09-29,76.26,4207,135,101
3022,2024-09-30,99.08,2608,179,101
3022,2024-10-01,42.79,611,100,101
3022,2024-10-02,40.04,4742,179,101
3022,2024-10-05,20.15,4754,196,101
3022,2024-10-06,23.31,3861,66,101
3022,2024-10-07,22.75,4578,17,101
3022,2024-10-08,76.69,4028,102,101
3022,2024-10-09,18.03,3594,173,101
3022,2024-10-10,34.65,4963,125,101
3022,2024-10-13,91.93,3357,94,101
3022,2024-10-14,47.56,2763,89,101
3022,2024-10-15,62.16,3312,166,101
3022,2024-10-16,81.58,3342,83,101
3022,2024-10-17,10.75,1705,129,101
3022,2024-10-18,57.09,2873,169,101
3022,2024-10-19,24.63,4488,83,101
3022,2024-10-20,36.53,4218,20,101
3022,2024-10-21,84.29,1511,23,101
3022,2024-10-22,10.46,3385,179,101
3022,2024-10-24,22.39,2820,138,101
3022,2024-10-25,79.2,1770,32,101
3022,2024-10-26,22.84,2111,120,101
3022,2024-10-27,17.26,2292,18,101
3022,2024-10-28,41.92,3664,118,101
3022,2024-10-29,91.37,2640,87,101
3022,2024-10-30,25.6,4070,183,101
3023,2024-09-03,79.09,2548,44,101
3023,2024-09-04,27.96,2998,31,101
3023,2024-09-05,93.44,4277,149,101
3023,2024-09-06,80.42,4079,34,101
3023,2024-09-07,49.77,3066,138,101
3023,2024-09-09,52.15,4003,129,101
3023,2024-09-10,46.92,726,153,101
3023,2024-09-11,79.01,1224,45,101
3023,2024-09-12,37.22,2487,158,101
3023,2024-09-13,21.45,4950,154,101
3023,2024-09-15,86.06,1531,113,101
3023,2024-09-16,51.65,4743,127,101
3023,2024-09-18,34.32,1376,95,101
3023,2024-09-19,83.97,4444,186,101
3023,2024-09-20,15.48,4684,199,101
3023,2024-09-21,73.14,4729,46,101
3023,2024-09-22,97.06,1617,67,101
3023,2024-09-24,23.93,3046,194,101
3023,2024-09-26,53.65,2144,39,101
3023,2024-09-27,23.77,1491,143,101
3023,2024-09-28,28.39,4380,16,101
3023,2024-09-30,15.01,1497,86,101
3023,2024-10-01,98.44,2424,149,101
3023,2024-10-02,65.15,4097,178,101
3023,2024-10-03,48.91,677,57,101
3023,2024-10-04,77.01,2471,53,101
3023,2024-10-05,72.97,2141,131,101
3023,2024-10-06,36.05,1319,160,101
3023,2024-10-07,70.09,3704,108,101
3023,2024-10-08,19.66,3915,118,101
3023,2024-10-09,35.51,1484,154,101
3023,2024-10-10,62.25,779,175,101
3023,2024-10-11,69.15,4141,20,101
3023,2024-10-13,22.54,4254,80,101
3023,2024-10-14,24.25,4601,138,101
3023,2024-10-15,91.23,4801,109,101
3023,2024-10-16,25.7,1740,100,101
3023,2024-10-17,60.68,4264,193,101
3023,2024-10-19,80.65,2981,110,101
3023,2024-10-20,85.54,4462,106,101
3023,2024-10-22,26.23,4653,178,101
3023,2024-10-23,21.65,3154,160,101
3023,2024-10-25,65.57,3807,27,101
3023,2024-10-26,86.68,1803,69,101
3023,2024-10-27,19.56,4402,92,101
3024,2024-09-01,31.3,1925,196,101
3024,2024-09-04,15.79,2551,39,101
3024,2024-09-05,77.49,4117,105,101
3024,2024-09-06,85.66,1925,92,101
3024,2024-09-07,50.46,1591,173,101
3024,2024-09-08,27.98,2568,135,101
3024,2024-09-09,35.75,2148,199,101
3024,2024-09-10,83.25,2075,32,101
3024,2024-09-11,66.62,1288,62,101
3024,2024-09-12,22.65,542,102,101
3024,2024-09-14,87.8,3291,57,101
3024,2024-09-15,96.2,4826,137,101
3024,2024-09-16,28.67,4380,138,101
3024,2024-09-17,65.66,1629,27,101
3024,2024-09-18,66.29,1080,155,101
3024,2024-09-19,80.41,2943,35,101
3024,2024-09-20,30.75,4928,94,101
3024,2024-09-21,83.92,2874,74,101
3024,2024-09-22,42.21,1793,83,101
3024,2024-09-23,61.78,4741,166,101
3024,2024-09-24,45.93,964,149,101
3024,2024-09-25,19.98,4358,77,101
3024,2024-09-26,12.9,3952,76,101
3024,2024-09-27,89.92,986,45,101
3024,2024-09-28,83.51,3200,179,101
3024,2024-09-30,54.42,789,98,101
3024,2024-10-03,65.12,1160,151,101
3024,2024-10-04,21.65,841,36,101
3024,2024-10-05,55.68,3369,120,101
3024,2024-10-06,80.34,2365,15,101
3024,2024-10-08,80.36,2107,146,101
3024,2024-10-09,44.14,648,151,101
3024,2024-10-10,44.84,3590,188,101
3024,2024-10-11,73.12,1628,39,101
3024,2024-10-12,90.74,3512,100,101
3024,2024-10-13,49.29,974,70,101
3024,2024-10-14,62.98,2360,115,101
3024,2024-10-15,89.95,4892,155,101
3024,2024-10-16,82.16,2547,24,101
3024,2024-10-17,21.4,1979,82,101
3024,2024-10-18,41.47,2500,84,101
3024,2024-10-19,45.8,1502,178,101
3024,2024-10-20,32.52,4953,62,101
3024,2024-10-21,76.17,3424,66,101
3024,2024-10-22,37.24,3505,151,101
3024,2024-10-23,68.83,4815,78,101
3024,2024-10-24,58.73,1355,23,101
3024,2024-10-25,46.98,4483,81,101
3024,2024-10-26,92.08,4767,69,101
3024,2024-10-27,59.77,1505,105,101
3024,2024-10-28,80.91,793,70,101
3024,2024-10-29,68.49,4217,39,101
3024,2024-10-30,85.27,2714,81,101
3025,2024-09-01,37.04,1192,25,101
3025,2024-09-02,64.88,4557,14,101
3025,2024-09-04,14.0,2185,107,101
3025,2024-09-05,48.8,928,179,101
3025,2024-09-06,58.74,3349,16,101
3025,2024-09-09,84.53,2650,161,101
3025,2024-09-10,12.46,4055,119,101
3025,2024-09-15,95.72,2854,146,101
3025,2024-09-16,61.53,4750,76,101
3025,2024-09-17,44.32,2451,43,101
3025,2024-09-19,71.43,2747,31,101
3025,2024-09-22,61.4,816,167,101
3025,2024-09-23,34.19,2552,177,101
3025,2024-09-25,21.19,3129,77,101
3025,2024-09-27,11.55,572,129,101
3025,2024-09-28,42.29,2284,114,101
3025,2024-09-29,94.5,2764,166,101
3025,2024-09-30,95.8,4108,56,101
3025,2024-10-01,80.81,2626,136,101
3025,2024-10-02,66.73,1703,168,101
3025,2024-10-03,30.94,815,57,101
3025,2024-10-04,87.45,3099,20,101
3025,2024-10-05,30.52,2622,75,101
3025,2024-10-06,86.04,3394,148,101
3025,2024-10-07,64.05,3364,37,101
3025,2024-10-08,49.94,4686,29,101
3025,2024-10-09,39.32,3542,184,101
3025,2024-10-10,67.77,2819,46,101
3025,2024-10-11,64.63,3451,95,101
3025,2024-10-14,94.82,2908,169,101
3025,2024-10-15,43.15,2882,48,101
3025,2024-10-17,64.81,3064,140,101
3025,2024-10-18,76.78,3318,65,101
3025,2024-10-19,62.44,1729,107,101
3025,2024-10-21,95.97,2339,154,101
3025,2024-10-22,61.7,4991,197,101
3025,2024-10-23,75.97,4823,23,101
3025,2024-10-24,69.33,4762,122,101
3025,2024-10-25,27.55,2900,72,101
3025,2024-10-26,81.91,3465,69,101
3025,2024-10-27,77.34,1445,187,101
3025,2024-10-28,75.95,3858,102,101
3025,2024-10-29,60.44,1126,102,101
3025,2024-10-30,64.47,4177,117,101
3026,2024-09-01,84.5,1526,147,101
3026,2024-09-02,91.83,1631,165,101
3026,2024-09-03,35.82,3071,40,101
3026,2024-09-04,47.89,1715,157,101
3026,2024-09-05,89.33,2122,56,101
3026,2024-09-07,20.87,2657,151,101
3026,2024-09-08,52.29,1327,42,101
3026,2024-09-11,25.02,1098,43,101
3026,2024-09-12,57.64,3679,118,101
3026,2024-09-13,46.21,2477,192,101
3026,2024-09-14,40.31,3257,161,101
3026,2024-09-15,19.7,870,28,101
3026,2024-09-16,41.95,4177,114,101
3026,2024-09-17,76.66,4069,84,101
3026,2024-09-19,76.01,4672,31,101
3026,2024-09-20,10.7,3530,182,101
3026,2024-09-21,44.14,4092,55,101
3026,2024-09-22,62.93,1293,69,101
3026,2024-09-23,40.7,4740,144,101
3026,2024-09-24,85.97,3995,83,101
3026,2024-09-25,38.67,1961,46,101
3026,2024-09-26,95.05,2225,120,101
3026,2024-09-27,61.76,3075,35,101
3026,2024-09-28,24.9,2858,80,101
3026,2024-09-29,30.13,1887,83,101
3026,2024-10-01,64.56,1369,69,101
3026,2024-10-02,22.69,2194,151,101
3026,2024-10-05,91.23,4922,147,101
3026,2024-10-07,84.93,711,104,101
3026,2024-10-08,94.76,3993,197,101
3026,2024-10-09,21.36,4217,85,101
3026,2024-10-11,92.73,1482,123,101
3026,2024-10-13,17.82,1620,81,101
3026,2024-10-14,20.48,3397,30,101
3026,2024-10-15,30.02,1109,93,101
3026,2024-10-16,40.18,4214,171,101
3026,2024-10-17,70.49,1106,190,101
3026,2024-10-18,90.3,814,120,101
3026,2024-10-19,73.46,4770,91,101
3026,2024-10-20,60.24,791,172,101
3026,2024-10-21,32.13,3581,66,101
3026,2024-10-22,33.88,1740,134,101
3026,2024-10-24,35.43,2126,172,101
3026,2024-10-28,10.29,1051,135,101
3026,2024-10-29,28.77,1959,19,101
3026,2024-10-30,33.68,3615,171,101
3027,2024-09-01,67.39,4466,145,101
3027,2024-09-02,26.21,2958,69,101
3027,2024-09-04,54.12,3712,163,101
3027,2024-09-05,53.29,1290,66,101
3027,2024-09-06,89.28,2853,117,101
3027,2024-09-08,69.62,1448,55,101
3027,2024-09-09,38.7,1430,98,101
3027,2024-09-10,73.43,4462,135,101
3027,2024-09-11,71.85,737,84,101
3027,2024-09-12,29.36,3850,25,101
3027,2024-09-13,39.09,3101,115,101
3027,2024-09-14,49.78,3765,76,101
3027,2024-09-16,75.54,3283,172,101
3027,2024-09-18,46.88,1864,147,101
3027,2024-09-19,66.28,3200,43,101
3027,2024-09-20,11.79,672,107,101
3027,2024-09-21,73.43,3389,151,101
3027,2024-09-22,14.43,2224,102,101
3027,2024-09-23,98.67,4888,111,101
3027,2024-09-25,82.12,3562,94,101
3027,2024-09-26,59.77,2537,13,101
3027,2024-09-27,11.8,4813,36,101
3027,2024-09-28,81.22,846,50,101
3027,2024-09-29,12.18,2525,18,101
3027,2024-09-30,21.13,3595,177,101
3027,2024-10-01,83.65,2711,31,101
3027,2024-10-02,55.41,3902,15,101
3027,2024-10-03,84.72,1743,34,101
3027,2024-10-04,81.34,2091,165,101
3027,2024-10-07,76.91,2975,80,101
3027,2024-10-08,18.97,4361,106,101
3027,2024-10-09,18.38,3828,153,101
3027,2024-10-10,35.6,4868,139,101
3027,2024-10-11,11.55,4571,196,101
3027,2024-10-12,43.55,4977,192,101
3027,2024-10-13,30.17,703,111,101
3027,2024-10-15,52.91,1392,174,101
3027,2024-10-16,22.94,1185,34,101
3027,2024-10-17,28.69,4512,161,101
3027,2024-10-18,22.72,4379,143,101
3027,2024-10-19,61.0,2404,25,101
3027,2024-10-21,38.03,3267,48,101
3027,2024-10-22,72.01,3830,11,101
3027,2024-10-23,28.83,4503,149,101
3027,2024-10-24,96.35,2431,92,101
3027,2024-10-25,53.47,1167,36,101
3027,2024-10-26,16.98,1542,13,101
3027,2024-10-27,77.33,1861,60,101
3027,2024-10-28,97.47,819,118,101
3027,2024-10-29,66.35,4797,134,101
3027,2024-10-30,88.68,3925,112,101
3028,2024-09-01,20.58,2910,194,101
3028,2024-09-03,57.02,3544,154,101
3028,2024-09-04,22.74,4786,185,101
3028,2024-09-05,65.26,3541,142,101
3028,2024-09-06,52.49,2225,94,101
3028,2024-09-08,86.72,1608,52,101
3028,2024-09-09,84.65,580,91,101
3028,2024-09-10,23.53,1049,11,101
3028,2024-09-11,26.89,1268,147,101
3028,2024-09-12,18.52,4339,162,101
3028,2024-09-13,41.54,2351,98,101
3028,2024-09-14,93.51,2749,82,101
3028,2024-09-17,37.52,3803,75,101
3028,2024-09-18,67.74,2159,29,101
3028,2024-09-19,19.27,2273,81,101
3028,2024-09-20,60.73,1537,143,101
3028,2024-09-21,78.94,3204,157,101
3028,2024-09-23,34.95,4378,63,101
3028,2024-09-24,80.5,2273,33,101
3028,2024-09-26,22.9,4395,10,101
3028,2024-09-27,90.64,927,45,101
3028,2024-09-28,49.57,4364,93,101
3028,2024-09-29,78.4,2472,153,101
3028,2024-09-30,79.65,4386,100,101
3028,2024-10-01,56.98,4847,30,101
3028,2024-10-07,85.59,4117,135,101
3028,2024-10-08,32.55,1485,152,101
3028,2024-10-10,26.02,3495,129,101
3028,2024-10-12,48.17,2064,107,101
3028,2024-10-13,93.99,587,60,101
3028,2024-10-14,57.34,545,160,101
3028,2024-10-15,18.47,3521,74,101
3028,2024-10-16,11.17,2736,18,101
3028,2024-10-17,67.75,3762,21,101
3028,2024-10-19,34.68,968,156,101
3028,2024-10-24,54.13,4378,175,101
3028,2024-10-27,12.6,1754,190,101
3028,2024-10-28,88.38,1578,31,101
3028,2024-10-29,86.12,959,123,101
3028,2024-10-30,15.61,1298,149,101
3029,2024-09-01,86.73,636,95,101
3029,2024-09-04,73.84,3500,142,101
3029,2024-09-05,69.8,3910,180,101
3029,2024-09-06,15.85,4608,47,101
3029,2024-09-07,17.56,4132,21,101
3029,2024-09-08,27.88,4640,114,101
3029,2024-09-09,77.21,526,89,101
3029,2024-09-10,41.56,3297,129,101
3029,2024-09-11,72.67,4292,32,101
3029,2024-09-12,18.15,1207,57,101
3029,2024-09-13,66.4,664,53,101
3029,2024-09-15,43.71,1165,195,101
3029,2024-09-17,71.28,2065,198,101
3029,2024-09-18,14.8,2851,55,101
3029,2024-09-19,60.85,3891,67,101
3029,2024-09-21,27.93,2916,76,101
3029,2024-09-22,33.81,4513,100,101
3029,2024-09-23,41.4,4784,125,101
3029,2024-09-25,25.34,3659,49,101
3029,2024-09-26,28.96,4054,98,101
3029,2024-09-27,71.38,2864,63,101
3029,2024-09-28,97.16,2703,33,101
3029,2024-09-29,28.96,2287,129,101
3029,2024-09-30,92.97,4735,178,101
3029,2024-10-01,52.77,4327,160,101
3029,2024-10-02,60.74,777,92,101
3029,2024-10-03,66.65,564,50,101
3029,2024-10-04,40.12,1320,57,101
3029,2024-10-06,52.02,2025,15,101
3029,2024-10-07,65.5,4063,197,101
3029,2024-10-08,85.07,2569,195,101
3029,2024-10-09,40.41,3786,86,101
3029,2024-10-10,93.61,2419,139,101
3029,2024-10-11,48.33,2706,157,101
3029,2024-10-12,12.57,4695,52,101
3029,2024-10-17,97.52,1643,43,101
3029,2024-10-18,80.97,940,33,101
3029,2024-10-19,78.92,3335,127,101
3029,2024-10-20,51.45,1708,61,101
3029,2024-10-22,17.23,2434,62,101
3029,2024-10-23,75.17,1762,185,101
3029,2024-10-24,79.8,540,132,101
3029,2024-10-25,18.99,3728,188,101
3029,2024-10-26,52.51,3582,128,101
3029,2024-10-27,78.68,1284,109,101
3029,2024-10-28,78.67,1593,112,101
3030,2024-09-02,48.21,3726,146,101
3030,2024-09-03,53.95,720,66,101
3030,2024-09-05,31.16,3467,97,101
3030,2024-09-06,10.14,3761,29,101
3030,2024-09-07,22.43,2039,21,101
3030,2024-09-08,49.19,3281,108,101
3030,2024-09-09,48.31,2834,89,101
3030,2024-09-10,83.91,785,76,101
3030,2024-09-12,24.72,4738,37,101
3030,2024-09-13,17.44,1330,177,101
3030,2024-09-16,38.71,4653,108,101
3030,2024-09-17,11.04,3790,118,101
3030,2024-09-19,33.28,1449,164,101
3030,2024-09-22,80.29,3244,146,101
3030,2024-09-24,26.1,3973,146,101
3030,2024-09-27,10.63,2612,60,101
3030,2024-09-28,65.31,4227,121,101
3030,2024-09-29,35.35,1495,135,101
3030,2024-09-30,14.51,3525,74,101
3030,2024-10-01,70.75,692,148,101
3030,2024-10-02,36.39,3916,14,101
3030,2024-10-03,36.79,791,162,101
3030,2024-10-04,75.87,4852,199,101
3030,2024-10-05,25.77,4882,34,101
3030,2024-10-06,23.02,4542,120,101
3030,2024-10-08,51.22,2499,197,101
3030,2024-10-10,13.66,3175,105,101
3030,2024-10-11,64.84,1328,107,101
3030,2024-10-12,75.29,3267,173,101
3030,2024-10-13,48.03,683,57,101
3030,2024-10-15,68.76,1149,120,101
3030,2024-10-18,99.54,4711,148,101
3030,2024-10-20,81.91,3565,156,101
3030,2024-10-21,78.46,4079,80,101
3030,2024-10-22,80.05,2767,138,101
3030,2024-10-23,64.42,1984,183,101
3030,2024-10-24,10.45,2196,14,101
3030,2024-10-26,34.73,4288,163,101
3030,2024-10-28,18.74,2341,14,101
3030,2024-10-29,29.9,2857,196,101
3030,2024-10-30,84.43,3946,172,101
3031,2024-09-01,58.73,4396,152,101
3031,2024-09-02,40.65,3337,123,101
3031,2024-09-03,86.89,4587,63,101
3031,2024-09-04,25.3,3695,75,101
3031,2024-09-05,69.46,1143,171,101
3031,2024-09-06,98.65,1180,63,101
3031,2024-09-07,57.66,2990,84,101
3031,2024-09-09,52.06,1777,169,101
3031,2024-09-10,66.18,4035,116,101
3031,2024-09-12,97.6,4520,70,101
3031,2024-09-13,58.38,3600,165,101
3031,2024-09-15,45.62,2231,38,101
3031,2024-09-16,26.08,1803,198,101
3031,2024-09-18,41.68,2283,117,101
3031,2024-09-20,79.34,1365,180,101
3031,2024-09-24,58.21,3712,67,101
3031,2024-09-26,51.75,4181,50,101
3031,2024-09-28,35.96,4863,95,101
3031,2024-09-30,71.5,1305,108,101
3031,2024-10-01,47.63,3926,115,101
3031,2024-10-02,12.61,2336,45,101
3031,2024-10-03,55.3,1159,163,101
3031,2024-10-04,46.79,687,93,101
3031,2024-10-05,24.98,4365,185,101
3031,2024-10-06,43.33,3689,151,101
3031,2024-10-07,27.37,1822,127,101
3031,2024-10-08,88.72,1935,130,101
3031,2024-10-11,36.37,753,62,101
3031,2024-10-12,51.33,4134,71,101
3031,2024-10-15,20.0,3213,50,101
3031,2024-10-16,74.98,1072,11,101
3031,2024-10-17,71.38,3828,143,101
3031,2024-10-20,47.54,2630,193,101
3031,2024-10-21,74.42,4875,192,101
3031,2024-10-22,53.27,989,84,101
3031,2024-10-25,13.59,3772,193,101
3031,2024-10-27,49.6,1516,36,101
3031,2024-10-28,33.62,1415,194,101
3031,2024-10-29,47.16,3283,46,101
3032,2024-09-02,18.74,1106,127,101
3032,2024-09-04,32.03,2629,97,101
3032,2024-09-05,50.02,4189,189,101
3032,2024-09-06,34.78,792,45,101
3032,2024-09-07,35.96,2310,104,101
3032,2024-09-08,74.24,3012,193,101
3032,2024-09-09,67.05,4393,192,101
3032,2024-09-10,36.54,1553,47,101
3032,2024-09-11,87.32,2607,173,101
3032,2024-09-12,86.58,2981,47,101
3032,2024-09-13,33.35,4666,200,101
3032,2024-09-15,52.93,1895,98,101
3032,2024-09-16,62.84,4604,90,101
3032,2024-09-17,44.02,4475,175,101
3032,2024-09-18,57.27,1936,133,101
3032,2024-09-20,95.23,3304,67,101
3032,2024-09-21,30.19,2779,165,101
3032,2024-09-24,42.09,4262,155,101
3032,2024-09-30,30.55,2159,103,101
3032,2024-10-01,45.86,1309,94,101
3032,2024-10-02,34.43,4880,199,101
3032,2024-10-03,17.15,958,124,101
3032,2024-10-04,32.32,2597,199,101
3032,2024-10-05,94.27,2507,68,101
3032,2024-10-06,51.05,829,165,101
3032,2024-10-07,34.97,2056,197,101
3032,2024-10-09,91.28,4780,87,101
3032,2024-10-10,30.48,4409,128,101
3032,2024-10-11,89.35,918,91,101
3032,2024-10-13,53.05,4120,31,101
3032,2024-10-14,18.99,2261,163,101
3032,2024-10-15,61.24,4020,38,101
3032,2024-10-16,49.84,2095,160,101
3032,2024-10-18,51.06,504,74,101
3032,2024-10-20,54.33,1946,94,101
3032,2024-10-21,56.28,2954,77,101
3032,2024-10-23,34.78,4621,89,101
3032,2024-10-24,20.03,1992,134,101
3032,2024-10-25,90.4,4674,130,101
3032,2024-10-26,26.09,4039,182,101
3032,2024-10-27,93.28,4130,97,101
3032,2024-10-28,58.47,1996,59,101
3033,2024-09-01,55.16,3121,145,101
3033,2024-09-02,71.63,2222,156,101
3033,2024-09-03,39.14,2072,111,101
3033,2024-09-06,24.14,4730,131,101
3033,2024-09-07,80.99,2706,68,101
3033,2024-09-09,87.06,2987,104,101
3033,2024-09-10,40.03,3399,200,101
3033,2024-09-11,37.72,3723,116,101
3033,2024-09-12,94.6,953,114,101
3033,2024-09-13,82.48,4242,80,101
3033,2024-09-14,73.39,2208,179,101
3033,2024-09-15,36.53,3559,16,101
3033,2024-09-16,81.18,3168,152,101
3033,2024-09-17,27.95,2261,168,101
3033,2024-09-18,87.08,1375,29,101
3033,2024-09-19,39.29,4429,194,101
3033,2024-09-20,95.68,876,178,101
3033,2024-09-21,96.38,4489,73,101
3033,2024-09-22,64.6,3572,25,101
3033,2024-09-23,67.57,2761,147,101
3033,2024-09-24,93.12,1409,130,101
3033,2024-09-25,77.48,3158,197,101
3033,2024-09-26,23.66,1732,160,101
3033,2024-09-27,28.0,1220,122,101
3033,2024-09-28,61.55,2635,152,101
3033,2024-09-29,36.23,679,45,101
3033,2024-10-01,80.73,3071,102,101
3033,2024-10-03,89.61,2008,92,101
3033,2024-10-04,51.47,3228,60,101
3033,2024-10-05,73.37,2591,164,101
3033,2024-10-06,12.08,1476,174,101
3033,2024-10-07,45.67,4484,22,101
3033,2024-10-09,99.07,3559,14,101
3033,2024-10-10,99.61,4630,93,101
3033,2024-10-12,61.73,1049,198,101
3033,2024-10-13,18.29,1420,146,101
3033,2024-10-14,56.22,1218,156,101
3033,2024-10-16,99.37,1098,185,101
3033,2024-10-17,34.92,4196,199,101
3033,2024-10-18,39.74,1988,175,101
3033,2024-10-19,50.86,4042,15,101
3033,2024-10-20,36.44,3694,14,101
3033,2024-10-21,39.01,1732,76,101
3033,2024-10-23,79.1,4861,127,101
3033,2024-10-24,28.03,3405,193,101
3033,2024-10-26,79.57,2188,88,101
3033,2024-10-27,12.36,823,42,101
3033,2024-10-28,95.92,3182,90,101
3033,2024-10-30,28.15,1837,118,101
3034,2024-09-02,92.79,3410,16,101
3034,2024-09-03,90.9,4101,41,101
3034,2024-09-05,49.96,2208,107,101
3034,2024-09-06,49.47,2127,62,101
3034,2024-09-08,21.22,1934,139,101
3034,2024-09-10,20.95,2217,40,101
3034,2024-09-12,42.26,3095,116,101
3034,2024-09-13,98.66,4652,102,101
3034,2024-09-14,55.79,4243,14,101
3034,2024-09-15,82.31,3779,35,101
3034,2024-09-16,95.12,1034,121,101
3034,2024-09-18,30.64,1191,176,101
3034,2024-09-19,45.07,4361,14,101
3034,2024-09-21,68.26,3148,21,101
3034,2024-09-22,32.41,575,42,101
3034,2024-09-23,22.62,4348,19,101
3034,2024-09-24,82.21,2900,105,101
3034,2024-09-25,84.09,3934,54,101
3034,2024-09-26,56.67,1740,199,101
3034,2024-09-28,42.86,1396,51,101
3034,2024-09-29,28.37,3806,170,101
3034,2024-09-30,85.73,3130,17,101
3034,2024-10-02,89.99,780,198,101
3034,2024-10-05,43.93,4802,53,101
3034,2024-10-06,11.34,2324,33,101
3034,2024-10-07,15.97,4396,128,101
3034,2024-10-10,22.1,505,89,101
3034,2024-10-11,90.96,2604,42,101
3034,2024-10-12,58.6,1289,132,101
3034,2024-10-13,84.8,2107,42,101
3034,2024-10-14,21.68,1668,67,101
3034,2024-10-15,76.89,3808,82,101
3034,2024-10-17,30.36,2012,196,101
3034,2024-10-18,39.58,4285,181,101
3034,2024-10-19,56.52,2685,43,101
3034,2024-10-20,43.73,1689,158,101
3034,2024-10-21,86.57,3654,171,101
3034,2024-10-22,27.81,1992,13,101
3034,2024-10-23,13.07,2448,51,101
3034,2024-10-24,11.05,4438,133,101
3034,2024-10-26,88.26,3823,125,101
3034,2024-10-28,33.65,4103,40,101
3034,2024-10-29,68.99,4714,96,101
3034,2024-10-30,90.33,2591,97,101
3035,2024-09-02,59.4,1290,181,102
3035,2024-09-05,80.38,3994,174,102
3035,2024-09-06,58.9,1274,68,102
3035,2024-09-09,74.14,1534,98,102
3035,2024-09-10,49.25,1179,139,102
3035,2024-09-11,83.8,4685,59,102
3035,2024-09-12,71.25,636,60,102
3035,2024-09-13,41.85,1743,154,102
3035,2024-09-15,82.02,3470,148,102
3035,2024-09-16,95.24,4848,52,102
3035,2024-09-17,19.01,1856,172,102
3035,2024-09-18,65.64,1745,148,102
3035,2024-09-20,87.25,2780,22,102
3035,2024-09-23,91.09,3950,131,102
3035,2024-09-24,22.25,2957,10,102
3035,2024-09-25,73.75,3052,63,102
3035,2024-09-27,96.33,985,115,102
3035,2024-09-28,53.28,1812,72,102
3035,2024-09-29,24.35,3932,110,102
3035,2024-09-30,32.37,3370,28,102
3035,2024-10-01,95.41,1650,112,102
3035,2024-10-02,76.57,1743,62,102
3035,2024-10-03,70.5,3182,12,102
3035,2024-10-04,56.86,4794,36,102
3035,2024-10-06,30.9,4090,86,102
3035,2024-10-08,64.9,1758,28,102
3035,2024-10-11,88.77,835,107,102
3035,2024-10-13,66.42,3989,159,102
3035,2024-10-14,73.88,4491,84,102
3035,2024-10-15,19.27,3470,71,102
3035,2024-10-17,85.3,4042,117,102
3035,2024-10-18,19.47,2795,195,102
3035,2024-10-19,91.43,4660,94,102
3035,2024-10-20,85.27,3421,31,102
3035,2024-10-21,74.18,4477,72,102
3035,2024-10-22,29.92,4053,180,102
3035,2024-10-23,99.76,4496,153,102
3035,2024-10-24,60.91,4751,180,102
3035,2024-10-25,64.15,1307,157,102
3035,2024-10-26,97.01,2454,102,102
3035,2024-10-27,73.84,3955,110,102
3035,2024-10-28,13.59,4106,127,102
3035,2024-10-29,57.05,3766,170,102
3035,2024-10-30,48.86,710,65,102
3036,2024-09-01,12.17,3194,35,102
3036,2024-09-02,47.09,732,196,102
3036,2024-09-03,90.19,3437,184,102
3036,2024-09-04,97.62,2537,80,102
3036,2024-09-05,14.3,4253,188,102
3036,2024-09-07,81.43,2215,152,102
3036,2024-09-09,38.97,3787,99,102
3036,2024-09-11,54.99,1228,95,102
3036,2024-09-12,58.44,2364,91,102
3036,2024-09-14,74.97,3826,90,102
3036,2024-09-15,67.55,3635,61,102
3036,2024-09-16,73.67,3372,96,102
3036,2024-09-21,20.03,3043,139,102
3036,2024-09-22,60.44,4909,55,102
3036,2024-09-23,72.61,2127,33,102
3036,2024-09-24,63.82,3814,77,102
3036,2024-09-25,40.61,3398,111,102
3036,2024-09-26,44.67,2907,167,102
3036,2024-09-27,17.4,2341,123,102
3036,2024-09-29,23.95,2742,16,102
3036,2024-09-30,84.99,2293,72,102
3036,2024-10-02,83.04,1690,13,102
3036,2024-10-03,96.81,4458,122,102
3036,2024-10-04,59.61,2074,115,102
3036,2024-10-05,56.67,3773,170,102
3036,2024-10-06,91.21,3671,76,102
3036,2024-10-07,98.37,2659,120,102
3036,2024-10-08,91.0,2422,91,102
3036,2024-10-09,16.93,1601,92,102
3036,2024-10-12,58.44,1554,34,102
3036,2024-10-15,52.82,3068,36,102
3036,2024-10-17,74.81,2334,129,102
3036,2024-10-18,85.3,4270,168,102
3036,2024-10-19,63.2,1029,53,102
3036,2024-10-20,50.36,971,98,102
3036,2024-10-21,73.57,1022,184,102
3036,2024-10-22,95.93,2761,155,102
3036,2024-10-23,90.69,725,192,102
3036,2024-10-24,48.77,1592,111,102
3036,2024-10-25,50.69,4910,188,102
3036,2024-10-26,39.75,4661,114,102
3036,2024-10-27,58.57,3076,11,102
3036,2024-10-29,77.9,1480,28,102
3036,2024-10-30,57.68,1820,197,102
3037,2024-09-01,98.18,1969,56,102
3037,2024-09-02,93.59,1478,94,102
3037,2024-09-03,95.15,3673,114,102
3037,2024-09-04,52.7,3312,56,102
3037,2024-09-05,41.96,4025,74,102
3037,2024-09-06,26.61,3788,61,102
3037,2024-09-07,98.71,1168,96,102
3037,2024-09-08,18.46,2611,15,102
3037,2024-09-10,60.14,3556,34,102
3037,2024-09-11,96.72,4834,13,102
3037,2024-09-12,44.63,726,155,102
3037,2024-09-13,87.34,1912,58,102
3037,2024-09-14,54.84,4884,65,102
3037,2024-09-16,71.49,1767,163,102
3037,2024-09-17,25.92,4110,190,102
3037,2024-09-20,83.29,4146,17,102
3037,2024-09-21,94.18,1485,89,102
3037,2024-09-23,71.47,4747,52,102
3037,2024-09-25,64.32,3263,126,102
3037,2024-09-27,45.0,4169,39,102
3037,2024-09-28,15.89,2517,103,102
3037,2024-09-29,96.43,4520,58,102
3037,2024-10-01,15.28,4435,178,102
3037,2024-10-02,85.52,1309,143,102
3037,2024-10-03,68.93,4819,154,102
3037,2024-10-04,57.87,3729,149,102
3037,2024-10-05,35.43,1609,124,102
3037,2024-10-07,66.37,3811,121,102
3037,2024-10-08,54.14,4524,36,102
3037,2024-10-09,53.57,3685,88,102
3037,2024-10-10,80.77,2852,185,102
3037,2024-10-11,57.48,841,58,102
3037,2024-10-13,62.87,4946,54,102
3037,2024-10-14,76.53,4876,17,102
3037,2024-10-15,37.27,2042,100,102
3037,2024-10-17,84.29,4053,199,102
3037,2024-10-18,86.43,4667,104,102
3037,2024-10-19,14.02,2257,35,102
3037,2024-10-20,26.71,2315,192,102
3037,2024-10-21,74.26,4557,62,102
3037,2024-10-22,65.17,870,107,102
3037,2024-10-23,72.05,2879,11,102
3037,2024-10-25,92.37,3209,55,102
3037,2024-10-28,85.4,866,49,102
3037,2024-10-29,32.16,2615,118,102
3037,2024-10-30,73.92,3037,62,102
3038,2024-09-02,92.24,3852,186,102
3038,2024-09-03,84.12,3589,81,102
3038,2024-09-05,80.13,2576,163,102
3038,2024-09-06,72.33,842,188,102
3038,2024-09-08,72.05,1077,173,102
3038,2024-09-09,24.3,4502,27,102
3038,2024-09-10,39.46,2601,184,102
3038,2024-09-11,72.55,2833,147,102
3038,2024-09-12,87.0,2642,37,102
3038,2024-09-14,89.7,2155,32,102
3038,2024-09-15,54.82,1541,142,102
3038,2024-09-17,19.84,2373,19,102
3038,2024-09-19,78.63,1052,71,102
3038,2024-09-20,43.38,1669,123,102
3038,2024-09-21,13.69,4625,58,102
3038,2024-09-23,13.94,616,49,102
3038,2024-09-24,95.54,1937,99,102
3038,2024-09-25,91.14,962,110,102
3038,2024-09-26,95.21,4641,26,102
3038,2024-09-27,66.45,3251,178,102
3038,2024-09-28,12.28,4108,27,102
3038,2024-09-30,35.9,1819,46,102
3038,2024-10-01,38.58,1412,185,102
3038,2024-10-02,56.62,643,168,102
3038,2024-10-03,75.17,3135,104,102
3038,2024-10-04,91.14,2414,11,102
3038,2024-10-05,60.64,3674,155,102
3038,2024-10-06,30.21,788,154,102
3038,2024-10-07,11.78,4402,156,102
3038,2024-10-08,35.42,3668,125,102
3038,2024-10-10,54.15,2548,98,102
3038,2024-10-12,53.12,1754,126,102
3038,2024-10-13,42.41,1682,83,102
3038,2024-10-14,25.69,3682,75,102
3038,2024-10-16,11.88,2956,46,102
3038,2024-10-17,46.93,4935,68,102
3038,2024-10-19,66.38,2204,113,102
3038,2024-10-20,47.6,4205,123,102
3038,2024-10-22,40.4,3767,44,102
3038,2024-10-23,28.53,2277,192,102
3038,2024-10-24,27.51,3477,128,102
3038,2024-10-25,78.76,3844,105,102
3038,2024-10-26,29.22,1657,130,102
3038,2024-10-27,68.7,2960,169,102
3038,2024-10-28,27.95,3266,151,102
3038,2024-10-30,94.34,4037,56,102
3039,2024-09-02,28.58,1911,79,102
3039,2024-09-04,79.23,3792,157,102
3039,2024-09-06,47.02,4338,72,102
3039,2024-09-08,93.81,3090,166,102
3039,2024-09-10,76.18,789,183,102
3039,2024-09-11,15.88,675,12,102
3039,2024-09-14,18.1,3422,61,102
3039,2024-09-15,96.22,3019,26,102
3039,2024-09-16,91.83,4158,131,102
3039,2024-09-17,25.77,2984,35,102
3039,2024-09-19,89.25,1837,116,102
3039,2024-09-20,91.92,3856,50,102
3039,2024-09-21,66.58,2803,186,102
3039,2024-09-23,20.2,1701,123,102
3039,2024-09-24,13.54,3620,131,102
3039,2024-09-25,25.34,663,160,102
3039,2024-09-26,83.62,4112,159,102
3039,2024-09-27,50.26,662,135,102
3039,2024-09-29,89.7,1196,104,102
3039,2024-09-30,22.14,2958,183,102
3039,2024-10-01,23.45,2114,172,102
3039,2024-10-02,74.03,1180,100,102
3039,2024-10-03,81.94,630,169,102
3039,2024-10-05,25.22,2570,59,102
3039,2024-10-06,98.38,692,135,102
3039,2024-10-07,25.02,2456,189,102
3039,2024-10-08,50.4,4046,96,102
3039,2024-10-09,77.5,4252,178,102
3039,2024-10-10,59.61,1570,169,102
3039,2024-10-11,61.63,2979,107,102
3039,2024-10-12,52.31,3681,19,102
3039,2024-10-13,34.33,3573,95,102
3039,2024-10-14,56.13,3977,114,102
3039,2024-10-15,21.91,3336,194,102
3039,2024-10-16,27.36,2807,78,102
3039,2024-10-17,50.49,1194,180,102
3039,2024-10-21,21.57,1376,72,102
3039,2024-10-22,43.6,1761,156,102
3039,2024-10-26,11.21,3294,168,102
3039,2024-10-27,62.45,4274,171,102
3039,2024-10-30,20.98,1636,61,102
3040,2024-09-03,74.64,1250,10,102
3040,2024-09-04,71.7,2222,22,102
3040,2024-09-05,44.82,4836,59,102
3040,2024-09-06,27.76,4557,164,102
3040,2024-09-07,52.23,1001,123,102
3040,2024-09-08,10.57,1940,60,102
3040,2024-09-09,89.04,2051,189,102
3040,2024-09-10,78.55,2041,57,102
3040,2024-09-13,45.52,2930,163,102
3040,2024-09-14,67.65,2287,119,102
3040,2024-09-15,41.03,2472,145,102
3040,2024-09-16,90.15,2561,82,102
3040,2024-09-18,15.65,3319,197,102
3040,2024-09-19,78.01,4023,30,102
3040,2024-09-20,90.88,4153,13,102
3040,2024-09-22,38.66,3461,188,102
3040,2024-09-23,71.04,1039,155,102
3040,2024-09-24,85.58,4192,101,102
3040,2024-09-25,53.24,4593,86,102
3040,2024-09-27,99.92,2058,68,102
3040,2024-09-28,13.84,3390,114,102
3040,2024-09-29,51.55,3803,128,102
3040,2024-10-01,23.74,3658,117,102
3040,2024-10-05,88.32,1723,112,102
3040,2024-10-06,49.09,1915,48,102
3040,2024-10-07,26.55,1276,14,102
3040,2024-10-08,23.49,3263,60,102
3040,2024-10-09,45.3,2986,150,102
3040,2024-10-10,27.1,4588,120,102
3040,2024-10-11,86.64,4492,180,102
3040,2024-10-12,96.53,1048,92,102
3040,2024-10-13,64.7,1658,70,102
3040,2024-10-14,54.48,2272,116,102
3040,2024-10-15,96.12,1799,96,102
3040,2024-10-16,71.57,4014,166,102
3040,2024-10-17,21.65,2809,97,102
3040,2024-10-18,82.64,1549,104,102
3040,2024-10-19,52.62,645,124,102
3040,2024-10-20,32.15,3172,186,102
3040,2024-10-21,88.47,3060,172,102
3040,2024-10-25,61.95,3212,188,102
3040,2024-10-26,21.44,3136,171,102
3040,2024-10-27,92.02,2441,73,102
3040,2024-10-28,52.28,658,90,102
3040,2024-10-29,18.6,1715,169,102
3040,2024-10-30,57.63,4290,164,102
3041,2024-09-03,16.02,3691,59,102
3041,2024-09-05,22.88,983,131,102
3041,2024-09-06,66.98,3180,101,102
3041,2024-09-08,23.15,2734,91,102
3041,2024-09-09,38.28,4893,61,102
3041,2024-09-11,96.2,1486,85,102
3041,2024-09-12,76.19,2096,144,102
3041,2024-09-14,81.16,3965,189,102
3041,2024-09-16,33.49,1680,85,102
3041,2024-09-17,68.65,3952,30,102
3041,2024-09-18,79.82,1709,124,102
3041,2024-09-19,59.97,4138,90,102
3041,2024-09-20,34.62,2760,60,102
3041,2024-09-21,50.8,1834,160,102
3041,2024-09-22,96.05,1515,23,102
3041,2024-09-24,43.19,3082,194,102
3041,2024-09-25,12.29,4057,175,102
3041,2024-09-26,26.02,782,174,102
3041,2024-09-27,60.91,822,140,102
3041,2024-09-28,74.55,1580,137,102
3041,2024-09-29,16.11,1741,36,102
3041,2024-09-30,94.61,2425,33,102
3041,2024-10-03,47.14,1069,136,102
3041,2024-10-04,15.59,3910,174,102
3041,2024-10-06,59.33,1232,63,102
3041,2024-10-07,20.37,2636,68,102
3041,2024-10-08,68.03,698,23,102
3041,2024-10-09,72.76,4421,20,102
3041,2024-10-10,78.27,1750,45,102
3041,2024-10-11,39.07,3742,14,102
3041,2024-10-12,36.07,692,181,102
3041,2024-10-13,47.34,1056,20,102
3041,2024-10-14,13.24,2380,159,102
3041,2024-10-15,41.44,1160,158,102
3041,2024-10-17,84.61,3753,64,102
3041,2024-10-18,10.66,2805,78,102
3041,2024-10-19,55.98,1809,61,102
3041,2024-10-21,27.62,2632,110,102
3041,2024-10-22,35.68,736,124,102
3041,2024-10-23,68.63,4692,113,102
3041,2024-10-24,20.14,3674,37,102
3041,2024-10-25,88.68,2139,155,102
3041,2024-10-26,36.87,2255,161,102
3041,2024-10-28,14.89,2382,155,102
3042,2024-09-01,12.14,601,65,102
3042,2024-09-04,95.21,3683,194,102
3042,2024-09-05,98.58,1853,135,102
3042,2024-09-06,63.71,2535,29,102
3042,2024-09-07,89.6,755,168,102
3042,2024-09-08,11.01,2746,10,102
3042,2024-09-09,44.33,1806,34,102
3042,2024-09-10,29.38,2062,118,102
3042,2024-09-11,43.55,2793,116,102
3042,2024-09-12,36.77,786,40,102
3042,2024-09-13,33.65,2176,40,102
3042,2024-09-15,71.36,748,131,102
3042,2024-09-16,20.13,2423,126,102
3042,2024-09-18,60.17,2712,15,102
3042,2024-09-19,53.18,1755,65,102
3042,2024-09-20,71.02,744,19,102
3042,2024-09-21,84.74,3878,54,102
3042,2024-09-23,13.96,1016,81,102
3042,2024-09-24,74.7,2160,78,102
3042,2024-09-25,34.48,2040,70,102
3042,2024-09-26,82.93,861,154,102
3042,2024-09-28,95.69,4502,69,102
3042,2024-09-29,76.83,2847,103,102
3042,2024-09-30,43.06,4370,149,102
3042,2024-10-01,69.27,3541,195,102
3042,2024-10-02,23.11,3340,114,102
3042,2024-10-03,46.16,4329,98,102
3042,2024-10-05,70.54,4551,182,102
3042,2024-10-06,42.43,4036,32,102
3042,2024-10-07,89.63,3226,101,102
3042,2024-10-08,50.57,4917,184,102
3042,2024-10-09,13.85,4648,170,102
3042,2024-10-10,40.75,1806,156,102
3042,2024-10-11,83.46,2186,187,102
3042,2024-10-12,84.11,1416,138,102
3042,2024-10-13,56.76,533,75,102
3042,2024-10-15,24.82,2357,185,102
3042,2024-10-16,40.14,1457,93,102
3042,2024-10-17,81.72,4992,111,102
3042,2024-10-18,83.74,2294,157,102
3042,2024-10-19,46.72,1371,67,102
3042,2024-10-20,50.83,2042,193,102
3042,2024-10-21,81.42,4632,37,102
3042,2024-10-22,92.43,3011,71,102
3042,2024-10-24,28.83,1291,58,102
3042,2024-10-25,12.8,1491,63,102
3042,2024-10-26,79.85,1084,27,102
3042,2024-10-27,95.59,3956,101,102
3042,2024-10-28,10.95,2959,97,102
3042,2024-10-29,28.76,4010,168,102
3042,2024-10-30,53.06,843,183,102
3043,2024-09-01,12.84,3118,99,102
3043,2024-09-02,73.06,3643,147,102
3043,2024-09-04,62.84,3375,185,102
3043,2024-09-05,12.46,816,134,102
3043,2024-09-07,32.69,1254,31,102
3043,2024-09-08,84.76,1270,126,102
3043,2024-09-09,40.36,4344,18,102
3043,2024-09-10,59.74,4196,65,102
3043,2024-09-11,18.55,1551,161,102
3043,2024-09-15,55.19,4294,80,102
3043,2024-09-16,44.94,4888,177,102
3043,2024-09-17,32.79,1463,188,102
3043,2024-09-18,25.65,4200,85,102
3043,2024-09-20,64.1,3995,38,102
3043,2024-09-21,97.17,1129,60,102
3043,2024-09-22,32.41,3672,200,102
3043,2024-09-26,26.44,3285,184,102
3043,2024-09-27,54.4,4142,189,102
3043,2024-09-29,24.8,1581,199,102
3043,2024-10-01,12.13,4564,103,102
3043,2024-10-03,73.76,3517,172,102
3043,2024-10-04,47.68,774,81,102
3043,2024-10-05,73.18,1048,26,102
3043,2024-10-06,89.0,3429,131,102
3043,2024-10-07,92.73,1626,40,102
3043,2024-10-08,17.77,2030,180,102
3043,2024-10-09,69.39,4972,105,102
3043,2024-10-10,53.01,2019,159,102
3043,2024-10-11,60.37,2402,61,102
3043,2024-10-12,21.99,3700,12,102
3043,2024-10-13,55.92,599,38,102
3043,2024-10-14,33.93,4846,12,102
3043,2024-10-15,83.03,3117,72,102
3043,2024-10-18,52.73,4421,64,102
3043,2024-10-19,44.91,4935,28,102
3043,2024-10-20,21.43,4676,47,102
3043,2024-10-22,56.2,1094,154,102
3043,2024-10-23,66.42,3887,170,102
3043,2024-10-24,30.28,2650,114,102
3043,2024-10-25,48.87,3125,111,102
3043,2024-10-26,70.45,3561,110,102
3043,2024-10-27,85.27,2340,42,102
3043,2024-10-28,95.44,4674,114,102
3043,2024-10-29,77.99,1788,71,102
3043,2024-10-30,35.89,1114,120,102
3044,2024-09-01,47.56,1195,190,102
3044,2024-09-03,67.73,3527,81,102
3044,2024-09-04,51.81,3297,87,102
3044,2024-09-06,92.74,4349,140,102
3044,2024-09-07,78.17,1624,130,102
3044,2024-09-08,72.23,3305,146,102
3044,2024-09-09,66.82,2561,171,102
3044,2024-09-10,34.41,2867,162,102
3044,2024-09-11,38.17,3155,71,102
3044,2024-09-12,41.37,3009,59,102
3044,2024-09-14,47.04,2661,163,102
3044,2024-09-15,69.32,1640,186,102
3044,2024-09-16,71.84,3461,192,102
3044,2024-09-17,38.9,4290,158,102
3044,2024-09-18,20.55,2887,173,102
3044,2024-09-19,63.83,3263,56,102
3044,2024-09-22,45.25,2717,155,102
3044,2024-09-23,40.73,2586,165,102
3044,2024-09-24,21.2,3584,150,102
3044,2024-09-26,27.0,2587,136,102
3044,2024-09-27,99.18,2769,140,102
3044,2024-09-28,27.93,917,119,102
3044,2024-09-29,54.06,1385,131,102
3044,2024-09-30,38.18,1644,56,102
3044,2024-10-01,78.41,946,20,102
3044,2024-10-03,59.36,2698,42,102
3044,2024-10-06,28.44,990,12,102
3044,2024-10-07,97.92,2770,82,102
3044,2024-10-08,30.74,2685,151,102
3044,2024-10-09,31.27,688,151,102
3044,2024-10-10,78.61,1907,108,102
3044,2024-10-11,65.47,1813,33,102
3044,2024-10-12,65.27,2709,134,102
3044,2024-10-13,32.16,3829,66,102
3044,2024-10-14,64.86,1921,66,102
3044,2024-10-15,10.29,3027,121,102
3044,2024-10-16,63.97,3667,124,102
3044,2024-10-17,19.03,1171,114,102
3044,2024-10-18,49.83,3649,167,102
3044,2024-10-20,78.86,2180,182,102
3044,2024-10-21,81.06,4792,97,102
3044,2024-10-22,54.91,3677,123,102
3044,2024-10-23,43.57,1133,163,102
3044,2024-10-25,25.15,3809,63,102
3044,2024-10-26,41.79,2745,73,102
3044,2024-10-27,90.86,3608,163,102
3044,2024-10-30,60.7,1029,125,102
3045,2024-09-01,11.97,3327,102,102
3045,2024-09-02,54.19,4148,118,102
3045,2024-09-03,32.94,2372,78,102
3045,2024-09-04,99.74,4420,50,102
3045,2024-09-05,86.83,4736,163,102
3045,2024-09-06,27.61,797,107,102
3045,2024-09-07,78.46,1237,191,102
3045,2024-09-09,72.58,910,74,102
3045,2024-09-10,93.88,4211,48,102
3045,2024-09-11,87.27,2781,57,102
3045,2024-09-12,38.04,4764,27,102
3045,2024-09-13,18.3,927,156,102
3045,2024-09-14,80.58,1941,83,102
3045,2024-09-15,94.78,1875,70,102
3045,2024-09-16,96.52,1131,27,102
3045,2024-09-18,80.48,4874,41,102
3045,2024-09-20,43.2,1965,49,102
3045,2024-09-21,26.81,571,93,102
3045,2024-09-24,11.86,4632,24,102
3045,2024-09-25,25.03,4342,49,102
3045,2024-09-27,64.81,3508,156,102
3045,2024-09-29,50.94,1400,192,102
3045,2024-09-30,67.61,846,27,102
3045,2024-10-02,35.85,4832,135,102
3045,2024-10-03,45.55,4935,195,102
3045,2024-10-04,57.25,4757,100,102
3045,2024-10-06,85.39,3819,74,102
3045,2024-10-07,46.69,4621,137,102
3045,2024-10-08,13.28,1101,163,102
3045,2024-10-11,91.37,3634,106,102
3045,2024-10-12,12.15,4491,60,102
3045,2024-10-14,79.76,1705,125,102
3045,2024-10-17,68.42,2973,111,102
3045,2024-10-18,11.47,2360,122,102
3045,2024-10-19,45.93,4310,105,102
3045,2024-10-21,47.42,920,72,102
3045,2024-10-25,14.78,4310,108,102
3045,2024-10-28,36.46,4698,151,102
3045,2024-10-29,94.06,4427,27,102
3045,2024-10-30,27.41,4651,52,102
3046,2024-09-01,19.12,2708,25,102
3046,2024-09-02,29.68,4768,105,102
3046,2024-09-03,46.31,4270,98,102
3046,2024-09-04,35.64,917,142,102
3046,2024-09-05,89.52,4493,120,102
3046,2024-09-07,80.14,4644,27,102
3046,2024-09-09,84.22,3204,179,102
3046,2024-09-10,75.83,2688,46,102
3046,2024-09-11,92.35,1263,167,102
3046,2024-09-12,45.5,843,21,102
3046,2024-09-13,95.82,2093,117,102
3046,2024-09-14,47.58,1742,119,102
3046,2024-09-15,32.96,2225,10,102
3046,2024-09-17,13.37,4453,26,102
3046,2024-09-18,92.36,1856,182,102
3046,2024-09-19,17.2,4265,97,102
3046,2024-09-20,98.15,4341,76,102
3046,2024-09-21,59.31,3208,171,102
3046,2024-09-22,57.4,4760,184,102
3046,2024-09-23,63.45,2509,67,102
3046,2024-09-25,34.5,4668,86,102
3046,2024-09-26,75.18,3815,23,102
3046,2024-09-28,87.68,1372,47,102
3046,2024-09-29,86.0,2293,73,102
3046,2024-09-30,23.79,1307,188,102
3046,2024-10-01,42.67,3775,117,102
3046,2024-10-02,36.92,2486,51,102
3046,2024-10-03,95.36,1043,90,102
3046,2024-10-05,46.53,4040,49,102
3046,2024-10-06,98.05,3234,104,102
3046,2024-10-07,31.21,4529,111,102
3046,2024-10-08,46.48,2426,83,102
3046,2024-10-09,82.41,3253,50,102
3046,2024-10-10,63.41,1178,35,102
3046,2024-10-11,81.66,569,48,102
3046,2024-10-12,54.34,1256,188,102
3046,2024-10-13,99.27,517,130,102
3046,2024-10-14,22.01,3504,183,102
3046,2024-10-15,84.41,3426,180,102
3046,2024-10-16,13.64,3037,94,102
3046,2024-10-17,99.67,1174,20,102
3046,2024-10-18,83.93,2074,53,102
3046,2024-10-21,34.06,2887,167,102
3046,2024-10-23,65.15,1635,26,102
3046,2024-10-24,86.72,1789,174,102
3046,2024-10-26,54.68,2333,186,102
3046,2024-10-27,45.41,3274,180,102
3046,2024-10-28,52.54,4206,101,102
3046,2024-10-30,68.81,3785,117,102
3047,2024-09-02,98.61,3033,180,102
3047,2024-09-03,31.66,1718,190,102
3047,2024-09-04,17.15,1464,47,102
3047,2024-09-05,50.4,1723,195,102
3047,2024-09-06,79.33,3121,158,102
3047,2024-09-07,53.34,3857,41,102
3047,2024-09-09,70.45,2978,191,102
3047,2024-09-10,52.59,777,103,102
3047,2024-09-11,27.23,1041,22,102
3047,2024-09-12,86.78,2565,109,102
3047,2024-09-13,54.79,3756,191,102
3047,2024-09-15,83.42,3959,178,102
3047,2024-09-16,92.39,2007,11,102
3047,2024-09-18,32.55,1263,134,102
3047,2024-09-20,13.78,1649,71,102
3047,2024-09-21,54.58,2776,61,102
3047,2024-09-22,47.61,575,171,102
3047,2024-09-23,40.87,3555,96,102
3047,2024-09-24,53.45,4604,61,102
3047,2024-09-25,39.93,4636,80,102
3047,2024-09-26,90.06,2111,121,102
3047,2024-09-28,13.55,4982,84,102
3047,2024-09-29,78.02,864,82,102
3047,2024-09-30,46.66,1014,131,102
3047,2024-10-02,51.72,2391,90,102
3047,2024-10-04,33.82,817,68,102
3047,2024-10-05,62.16,3734,77,102
3047,2024-10-06,30.63,2316,125,102
3047,2024-10-07,10.2,891,29,102
3047,2024-10-09,83.3,4977,116,102
3047,2024-10-10,88.17,3008,163,102
3047,2024-10-11,54.7,2248,146,102
3047,2024-10-12,35.88,1449,70,102
3047,2024-10-14,75.31,1951,149,102
3047,2024-10-15,11.28,4018,30,102
3047,2024-10-16,32.1,4431,15,102
3047,2024-10-17,93.8,2615,53,102
3047,2024-10-18,70.46,3904,51,102
3047,2024-10-20,24.75,1299,83,102
3047,2024-10-21,58.81,4994,173,102
3047,2024-10-22,98.45,1494,10,102
3047,2024-10-24,79.33,2712,55,102
3047,2024-10-25,50.62,1494,138,102
3047,2024-10-28,20.99,2779,31,102
3047,2024-10-29,18.28,1945,109,102
3048,2024-09-01,32.52,649,168,102
3048,2024-09-04,15.71,1694,97,102
3048,2024-09-05,83.37,4881,59,102
3048,2024-09-06,93.22,3378,17,102
3048,2024-09-07,45.04,4042,36,102
3048,2024-09-10,25.08,4460,160,102
3048,2024-09-11,16.02,2357,178,102
3048,2024-09-14,51.21,3139,174,102
3048,2024-09-15,91.0,798,125,102
3048,2024-09-16,61.38,640,180,102
3048,2024-09-18,47.4,560,90,102
3048,2024-09-20,85.87,4764,153,102
3048,2024-09-22,52.61,3291,40,102
3048,2024-09-23,12.92,3097,72,102
3048,2024-09-24,83.99,2903,19,102
3048,2024-09-26,37.02,1621,188,102
3048,2024-09-27,44.16,1753,81,102
3048,2024-09-28,47.08,1109,145,102
3048,2024-09-29,54.85,2956,114,102
3048,2024-09-30,98.31,3184,57,102
3048,2024-10-01,88.26,4800,164,102
3048,2024-10-02,19.01,1428,34,102
3048,2024-10-05,21.14,2239,159,102
3048,2024-10-07,34.89,4934,30,102
3048,2024-10-09,61.96,4973,86,102
3048,2024-10-11,19.04,3806,20,102
3048,2024-10-12,89.02,1261,178,102
3048,2024-10-13,76.7,1621,27,102
3048,2024-10-14,95.02,532,37,102
3048,2024-10-16,82.86,3825,148,102
3048,2024-10-17,24.29,2528,30,102
3048,2024-10-18,26.66,1350,171,102
3048,2024-10-20,75.59,1537,53,102
3048,2024-10-21,84.0,4675,71,102
3048,2024-10-23,57.07,2738,157,102
3048,2024-10-26,59.28,986,120,102
3048,2024-10-27,70.02,2076,145,102
3048,2024-10-28,22.26,3871,158,102
3048,2024-10-29,32.41,1521,190,102
3048,2024-10-30,68.35,4576,10,102
3049,2024-09-02,27.2,2572,186,102
3049,2024-09-03,26.59,1482,181,102
3049,2024-09-04,74.0,2391,73,102
3049,2024-09-05,75.81,3733,44,102
3049,2024-09-07,20.14,523,176,102
3049,2024-09-08,19.97,612,115,102
3049,2024-09-09,28.57,1682,47,102
3049,2024-09-10,80.7,3520,93,102
3049,2024-09-12,56.7,2753,123,102
3049,2024-09-13,87.2,1695,62,102
3049,2024-09-14,26.92,2488,135,102
3049,2024-09-15,34.65,900,74,102
3049,2024-09-16,51.72,1003,25,102
3049,2024-09-17,57.19,2169,115,102
3049,2024-09-18,35.85,2821,81,102
3049,2024-09-19,79.21,4376,145,102
3049,2024-09-20,50.9,2983,174,102
3049,2024-09-21,28.08,2757,132,102
3049,2024-09-23,53.23,4089,44,102
3049,2024-09-24,31.1,4480,108,102
3049,2024-09-25,95.37,4675,174,102
3049,2024-09-27,74.91,4776,75,102
3049,2024-09-28,34.46,4731,89,102
3049,2024-09-29,11.83,1377,71,102
3049,2024-10-01,31.99,4841,56,102
3049,2024-10-02,97.97,527,48,102
3049,2024-10-04,72.07,3938,155,102
3049,2024-10-05,53.29,2034,37,102
3049,2024-10-06,74.88,3980,74,102
3049,2024-10-07,34.47,2134,170,102
3049,2024-10-08,85.77,3423,34,102
3049,2024-10-09,66.22,2506,93,102
3049,2024-10-10,40.25,4361,71,102
3049,2024-10-11,54.38,4029,153,102
3049,2024-10-12,16.86,1622,69,102
3049,2024-10-13,13.95,4326,115,102
3049,2024-10-14,76.48,1340,184,102
3049,2024-10-16,74.66,2308,198,102
3049,2024-10-17,43.38,799,75,102
3049,2024-10-18,62.87,1485,81,102
3049,2024-10-19,90.08,2212,33,102
3049,2024-10-20,31.3,1473,33,102
3049,2024-10-23,66.62,2475,21,102
3049,2024-10-24,34.94,1868,178,102
3049,2024-10-26,93.36,4510,65,102
3049,2024-10-29,55.33,2378,157,102
3049,2024-10-30,48.44,3358,101,102
3050,2024-09-02,24.79,1298,170,102
3050,2024-09-03,70.06,2077,54,102
3050,2024-09-05,14.07,1969,60,102
3050,2024-09-07,36.55,1001,179,102
3050,2024-09-08,65.68,757,40,102
3050,2024-09-09,75.17,3503,170,102
3050,2024-09-13,71.91,1803,131,102
3050,2024-09-14,25.42,787,146,102
3050,2024-09-15,85.86,3943,37,102
3050,2024-09-16,24.18,1099,49,102
3050,2024-09-17,49.12,1861,78,102
3050,2024-09-18,74.24,4848,161,102
3050,2024-09-23,99.75,4865,179,102
3050,2024-09-24,95.83,3980,54,102
3050,2024-09-25,81.52,2787,90,102
3050,2024-09-26,29.27,664,60,102
3050,2024-09-27,43.8,4886,129,102
3050,2024-09-30,72.51,940,68,102
3050,2024-10-01,58.02,1427,153,102
3050,2024-10-02,91.84,1607,23,102
3050,2024-10-03,58.51,2398,42,102
3050,2024-10-04,14.57,4953,28,102
3050,2024-10-05,59.7,3278,144,102
3050,2024-10-06,33.37,3220,150,102
3050,2024-10-07,26.05,4003,135,102
3050,2024-10-09,82.26,2306,188,102
3050,2024-10-10,56.62,4123,28,102
3050,2024-10-11,67.05,1156,198,102
3050,2024-10-13,71.32,3266,17,102
3050,2024-10-14,11.04,723,180,102
3050,2024-10-15,87.66,748,31,102
3050,2024-10-16,78.18,1164,31,102
3050,2024-10-17,53.27,1304,122,102
3050,2024-10-19,43.44,711,194,102
3050,2024-10-20,41.8,3605,182,102
3050,2024-10-21,92.28,2874,84,102
3050,2024-10-22,17.65,1711,163,102
3050,2024-10-23,58.6,2852,135,102
3050,2024-10-24,79.12,1733,54,102
3050,2024-10-26,65.95,847,90,102
3050,2024-10-27,13.63,4060,129,102
3050,2024-10-28,63.93,522,179,102
3050,2024-10-29,32.11,3329,172,102
3050,2024-10-30,42.53,4726,80,102
3051,2024-09-01,46.47,1507,70,102
3051,2024-09-02,81.79,4691,68,102
3051,2024-09-04,14.41,3040,53,102
3051,2024-09-06,13.77,822,170,102
3051,2024-09-07,46.61,2469,115,102
3051,2024-09-08,65.28,4268,168,102
3051,2024-09-09,99.89,4807,57,102
3051,2024-09-10,15.46,884,41,102
3051,2024-09-12,57.57,4835,199,102
3051,2024-09-13,66.3,2618,174,102
3051,2024-09-14,95.36,4583,73,102
3051,2024-09-15,44.03,2037,145,102
3051,2024-09-16,45.97,2484,49,102
3051,2024-09-17,22.74,3777,168,102
3051,2024-09-18,75.34,4773,156,102
3051,2024-09-19,70.03,3019,114,102
3051,2024-09-20,11.86,3938,193,102
3051,2024-09-21,75.0,4828,120,102
3051,2024-09-22,37.86,2563,31,102
3051,2024-09-23,13.67,3696,84,102
3051,2024-09-25,24.1,3561,84,102
3051,2024-09-27,46.3,2376,194,102
3051,2024-09-28,40.59,2031,85,102
3051,2024-09-29,87.89,690,181,102
3051,2024-09-30,43.95,3868,81,102
3051,2024-10-02,96.4,4844,139,102
3051,2024-10-04,30.33,1392,104,102
3051,2024-10-05,72.77,4749,55,102
3051,2024-10-07,75.29,1599,129,102
3051,2024-10-08,72.75,3284,19,102
3051,2024-10-09,67.52,2886,71,102
3051,2024-10-10,29.45,3408,59,102
3051,2024-10-12,38.36,1500,111,102
3051,2024-10-13,82.6,1337,33,102
3051,2024-10-14,63.99,4810,129,102
3051,2024-10-15,80.86,4959,22,102
3051,2024-10-16,27.88,1248,171,102
3051,2024-10-17,54.33,1603,113,102
3051,2024-10-18,99.95,821,114,102
3051,2024-10-20,96.06,4636,137,102
3051,2024-10-22,45.04,4282,138,102
3051,2024-10-25,57.2,568,12,102
3051,2024-10-27,12.39,740,160,102
3051,2024-10-28,80.08,1417,150,102
3051,2024-10-29,63.75,607,72,102
3051,2024-10-30,40.05,4574,77,102
3052,2024-09-01,84.07,1480,195,102
3052,2024-09-05,45.26,3332,44,102
3052,2024-09-07,64.33,1509,144,102
3052,2024-09-08,61.75,1391,148,102
3052,2024-09-09,30.82,4840,132,102
3052,2024-09-10,12.37,1641,114,102
3052,2024-09-11,83.35,1791,65,102
3052,2024-09-12,55.53,1102,71,102
3052,2024-09-13,40.17,3926,29,102
3052,2024-09-14,94.04,2908,43,102
3052,2024-09-15,46.65,851,103,102
3052,2024-09-16,80.02,3264,70,102
3052,2024-09-17,45.59,4066,200,102
3052,2024-09-18,72.43,1454,42,102
3052,2024-09-19,86.19,845,59,102
3052,2024-09-21,89.64,3459,109,102
3052,2024-09-22,64.67,723,108,102
3052,2024-09-23,51.01,3124,200,102
3052,2024-09-24,95.75,2290,75,102
3052,2024-09-26,83.57,4670,150,102
3052,2024-09-27,61.48,4476,170,102
3052,2024-09-29,60.52,1668,169,102
3052,2024-09-30,57.2,2660,84,102
3052,2024-10-01,13.63,2483,87,102
3052,2024-10-03,57.5,4165,59,102
3052,2024-10-04,31.37,4830,44,102
3052,2024-10-05,29.08,3566,167,102
3052,2024-10-06,14.81,3535,125,102
3052,2024-10-07,11.62,889,139,102
3052,2024-10-08,60.8,1031,84,102
3052,2024-10-09,26.36,629,192,102
3052,2024-10-12,24.9,3946,169,102
3052,2024-10-13,43.83,2928,151,102
3052,2024-10-14,78.35,4237,32,102
3052,2024-10-16,58.17,3499,158,102
3052,2024-10-17,95.67,2533,47,102
3052,2024-10-18,19.26,674,138,102
3052,2024-10-20,81.31,2092,54,102
3052,2024-10-22,85.53,2327,85,102
3052,2024-10-25,60.75,948,114,102
3052,2024-10-26,12.07,4374,49,102
3052,2024-10-27,20.59,3921,17,102
3052,2024-10-28,25.65,2268,89,102
3052,2024-10-29,99.52,2368,143,102
3052,2024-10-30,39.32,3463,176,102
3053,2024-09-01,95.51,1634,178,102
3053,2024-09-10,22.82,4056,97,102
3053,2024-09-11,82.41,1706,113,102
3053,2024-09-12,42.28,1701,121,102
3053,2024-09-13,18.41,3632,156,102
3053,2024-09-14,46.62,1096,65,102
3053,2024-09-15,53.37,3989,35,102
3053,2024-09-16,71.71,1693,58,102
3053,2024-09-18,40.32,1484,74,102
3053,2024-09-21,23.41,3045,140,102
3053,2024-09-22,90.91,741,52,102
3053,2024-09-23,30.14,553,180,102
3053,2024-09-25,45.16,3689,26,102
3053,2024-09-27,98.17,3671,138,102
3053,2024-09-28,17.31,2083,166,102
3053,2024-09-29,97.25,708,22,102
3053,2024-10-01,15.04,2787,30,102
3053,2024-10-02,64.59,3132,23,102
3053,2024-10-03,79.63,4774,60,102
3053,2024-10-06,66.43,912,196,102
3053,2024-10-07,67.38,2712,14,102
3053,2024-10-09,63.9,3700,51,102
3053,2024-10-10,94.86,1644,195,102
3053,2024-10-11,87.67,1565,162,102
3053,2024-10-12,11.75,1254,200,102
3053,2024-10-14,84.34,3649,22,102
3053,2024-10-16,93.92,1047,77,102
3053,2024-10-17,94.29,4870,77,102
3053,2024-10-18,27.57,2160,126,102
3053,2024-10-19,94.35,3073,101,102
3053,2024-10-20,25.41,3324,112,102
3053,2024-10-21,59.02,1148,128,102
3053,2024-10-22,86.46,1845,183,102
3053,2024-10-23,64.26,503,107,102
3053,2024-10-24,77.53,2449,141,102
3053,2024-10-26,52.1,4973,156,102
3053,2024-10-28,27.13,4165,29,102
3053,2024-10-30,37.64,902,195,102
3054,2024-09-03,22.68,3740,85,102
3054,2024-09-04,97.58,1274,120,102
3054,2024-09-05,99.54,2437,125,102
3054,2024-09-06,32.51,1332,111,102
3054,2024-09-07,19.75,1661,128,102
3054,2024-09-08,54.97,4705,53,102
3054,2024-09-10,85.06,1255,135,102
3054,2024-09-12,84.46,1338,170,102
3054,2024-09-13,56.75,3939,53,102
3054,2024-09-14,40.61,4524,197,102
3054,2024-09-15,49.41,3989,69,102
3054,2024-09-17,88.9,4721,55,102
3054,2024-09-18,99.63,3845,17,102
3054,2024-09-19,61.52,4183,199,102
3054,2024-09-20,80.7,4961,194,102
3054,2024-09-21,46.25,1474,126,102
3054,2024-09-22,15.5,4567,70,102
3054,2024-09-24,82.68,626,103,102
3054,2024-09-26,22.93,1900,56,102
3054,2024-09-27,41.44,1804,32,102
3054,2024-09-29,69.36,621,95,102
3054,2024-09-30,50.26,1359,185,102
3054,2024-10-01,61.25,1096,143,102
3054,2024-10-02,94.34,1095,156,102
3054,2024-10-03,61.11,4241,162,102
3054,2024-10-05,58.08,2699,70,102
3054,2024-10-06,64.81,2865,149,102
3054,2024-10-09,92.67,3210,18,102
3054,2024-10-11,30.68,4942,120,102
3054,2024-10-13,72.23,4656,84,102
3054,2024-10-14,36.83,3266,198,102
3054,2024-10-15,59.82,1040,175,102
3054,2024-10-16,41.21,4970,139,102
3054,2024-10-17,82.92,793,187,102
3054,2024-10-18,18.25,1966,70,102
3054,2024-10-20,45.14,2105,148,102
3054,2024-10-22,12.36,4202,80,102
3054,2024-10-23,17.02,1020,194,102
3054,2024-10-24,97.6,4554,166,102
3054,2024-10-25,44.6,1728,169,102
3054,2024-10-26,49.28,4573,193,102
3054,2024-10-29,56.45,2106,136,102
3055,2024-09-01,67.9,3107,184,102
3055,2024-09-02,45.87,2025,184,102
3055,2024-09-03,31.37,924,188,102
3055,2024-09-04,12.69,3452,109,102
3055,2024-09-05,65.76,4240,155,102
3055,2024-09-06,70.57,1875,81,102
3055,2024-09-08,77.18,3568,78,102
3055,2024-09-09,94.08,3720,127,102
3055,2024-09-10,27.65,3391,166,102
3055,2024-09-11,67.45,1590,184,102
3055,2024-09-12,61.84,2705,110,102
3055,2024-09-14,94.65,4974,156,102
3055,2024-09-16,24.8,1152,185,102
3055,2024-09-17,39.51,4866,96,102
3055,2024-09-18,93.89,1957,97,102
3055,2024-09-19,97.18,1907,113,102
3055,2024-09-21,72.51,3312,145,102
3055,2024-09-22,71.78,1337,67,102
3055,2024-09-25,73.96,3524,103,102
3055,2024-09-26,68.12,4751,77,102
3055,2024-09-29,11.41,3125,134,102
3055,2024-10-01,33.55,562,59,102
3055,2024-10-02,66.09,4696,157,102
3055,2024-10-03,84.92,4442,163,102
3055,2024-10-04,14.22,4772,190,102
3055,2024-10-05,31.24,808,32,102
3055,2024-10-07,37.68,3164,85,102
3055,2024-10-08,39.41,3185,61,102
3055,2024-10-09,75.6,3499,168,102
3055,2024-10-12,86.13,4796,34,102
3055,2024-10-13,48.36,3099,21,102
3055,2024-10-14,65.87,1726,188,102
3055,2024-10-17,79.28,1213,19,102
3055,2024-10-19,44.46,4835,41,102
3055,2024-10-20,57.13,992,164,102
3055,2024-10-21,21.85,4415,11,102
3055,2024-10-22,21.68,4712,144,102
3055,2024-10-23,79.03,3794,51,102
3055,2024-10-26,92.16,4007,116,102
3055,2024-10-27,39.2,4648,116,102
3055,2024-10-29,49.8,2946,52,102
3055,2024-10-30,73.55,4679,96,102
3056,2024-09-03,66.9,3956,103,102
3056,2024-09-05,74.14,2859,55,102
3056,2024-09-06,37.41,1472,31,102
3056,2024-09-08,39.91,1615,11,102
3056,2024-09-10,82.15,3551,173,102
3056,2024-09-11,68.26,2401,28,102
3056,2024-09-13,88.96,1448,93,102
3056,2024-09-15,10.5,3284,133,102
3056,2024-09-16,28.37,3987,152,102
3056,2024-09-17,71.38,2825,87,102
3056,2024-09-18,56.78,3638,108,102
3056,2024-09-19,99.56,4519,46,102
3056,2024-09-20,86.53,2319,118,102
3056,2024-09-21,67.36,4113,194,102
3056,2024-09-23,23.47,552,43,102
3056,2024-09-24,56.38,1873,104,102
3056,2024-09-25,95.47,1070,144,102
3056,2024-09-26,83.22,4951,37,102
3056,2024-09-27,27.14,1015,42,102
3056,2024-09-28,22.89,558,170,102
3056,2024-09-29,18.33,3589,199,102
3056,2024-09-30,18.09,2504,116,102
3056,2024-10-01,24.41,4294,98,102
3056,2024-10-02,24.86,4363,113,102
3056,2024-10-03,17.84,4235,55,102
3056,2024-10-06,38.88,3475,153,102
3056,2024-10-07,53.55,3604,49,102
3056,2024-10-10,65.68,4685,181,102
3056,2024-10-11,44.42,2475,196,102
3056,2024-10-12,14.78,1988,193,102
3056,2024-10-13,20.88,4340,54,102
3056,2024-10-14,71.87,2124,123,102
3056,2024-10-16,93.32,2024,17,102
3056,2024-10-17,25.53,2253,199,102
3056,2024-10-18,25.41,1325,197,102
3056,2024-10-19,39.43,1117,173,102
3056,2024-10-20,59.78,1678,70,102
3056,2024-10-22,42.73,2503,157,102
3056,2024-10-24,38.82,3023,78,102
3056,2024-10-25,54.02,4293,198,102
3056,2024-10-26,54.38,1823,110,102
3056,2024-10-27,94.77,3224,76,102
3056,2024-10-29,95.78,4580,166,102
3056,2024-10-30,20.48,4160,164,102
3057,2024-09-03,26.81,1928,122,102
3057,2024-09-04,14.99,2519,180,102
3057,2024-09-06,57.43,4577,194,102
3057,2024-09-07,54.13,3177,45,102
3057,2024-09-08,60.25,4751,72,102
3057,2024-09-09,12.53,1307,44,102
3057,2024-09-11,81.15,944,150,102
3057,2024-09-12,13.39,864,77,102
3057,2024-09-14,82.97,4314,142,102
3057,2024-09-15,87.73,4091,99,102
3057,2024-09-16,72.4,3549,180,102
3057,2024-09-17,26.62,4882,110,102
3057,2024-09-23,11.56,2974,70,102
3057,2024-09-25,83.32,3127,38,102
3057,2024-09-26,41.22,1835,63,102
3057,2024-09-28,93.57,1266,15,102
3057,2024-09-30,25.07,3352,179,102
3057,2024-10-01,37.25,4415,80,102
3057,2024-10-02,76.14,2079,24,102
3057,2024-10-03,27.67,540,157,102
3057,2024-10-04,52.31,2223,185,102
3057,2024-10-05,18.36,1443,47,102
3057,2024-10-06,67.0,1743,39,102
3057,2024-10-07,20.63,4271,114,102
3057,2024-10-08,69.42,938,39,102
3057,2024-10-09,77.14,1231,39,102
3057,2024-10-10,46.24,1560,56,102
3057,2024-10-11,65.58,761,124,102
3057,2024-10-12,40.86,4834,122,102
3057,2024-10-14,66.07,2253,19,102
3057,2024-10-15,27.32,3615,96,102
3057,2024-10-16,11.21,1965,126,102
3057,2024-10-17,69.86,2969,143,102
3057,2024-10-18,78.79,2810,55,102
3057,2024-10-19,35.6,3734,170,102
3057,2024-10-20,92.97,571,157,102
3057,2024-10-21,98.38,1729,162,102
3057,2024-10-22,21.59,2086,189,102
3057,2024-10-25,44.24,1040,199,102
3057,2024-10-26,10.11,2258,193,102
3057,2024-10-27,63.66,1550,187,102
3057,2024-10-28,84.11,1296,68,102
3057,2024-10-30,34.79,3972,101,102
3058,2024-09-01,58.57,3673,88,102
3058,2024-09-03,86.17,2624,29,102
3058,2024-09-06,99.11,940,118,102
3058,2024-09-07,65.28,4426,69,102
3058,2024-09-08,35.01,1862,163,102
3058,2024-09-09,49.88,1199,120,102
3058,2024-09-10,63.17,3877,68,102
3058,2024-09-11,87.4,4850,176,102
3058,2024-09-13,38.75,1799,185,102
3058,2024-09-14,10.68,2838,18,102
3058,2024-09-15,21.22,3475,113,102
3058,2024-09-17,79.16,4198,104,102
3058,2024-09-18,80.82,1031,104,102
3058,2024-09-19,70.94,3351,105,102
3058,2024-09-20,85.92,2516,74,102
3058,2024-09-21,19.58,2557,128,102
3058,2024-09-22,19.95,986,40,102
3058,2024-09-24,13.49,718,198,102
3058,2024-09-26,19.03,3765,80,102
3058,2024-09-28,24.57,4729,20,102
3058,2024-09-29,56.52,3500,124,102
3058,2024-09-30,63.35,1386,97,102
3058,2024-10-01,51.71,2101,140,102
3058,2024-10-02,50.77,2519,23,102
3058,2024-10-03,30.63,1152,22,102
3058,2024-10-05,97.3,2757,135,102
3058,2024-10-06,82.09,1933,39,102
3058,2024-10-07,12.23,4064,56,102
3058,2024-10-08,87.35,3410,124,102
3058,2024-10-09,48.65,2578,137,102
3058,2024-10-10,20.84,544,95,102
3058,2024-10-11,70.39,2141,165,102
3058,2024-10-12,84.03,4100,75,102
3058,2024-10-15,23.4,3393,159,102
3058,2024-10-16,31.65,1632,189,102
3058,2024-10-18,15.18,2679,113,102
3058,2024-10-19,19.02,3206,170,102
3058,2024-10-20,77.96,1454,22,102
3058,2024-10-21,53.71,4328,41,102
3058,2024-10-23,77.41,2651,159,102
3058,2024-10-24,79.14,1056,193,102
3058,2024-10-25,72.99,2708,156,102
3058,2024-10-26,32.44,1038,91,102
3058,2024-10-28,64.95,4611,19,102
3058,2024-10-30,84.71,4570,111,102
3059,2024-09-02,54.35,2332,175,102
3059,2024-09-03,51.69,4096,185,102
3059,2024-09-04,47.31,2897,36,102
3059,2024-09-05,44.38,1315,48,102
3059,2024-09-06,35.8,902,134,102
3059,2024-09-07,33.96,2411,54,102
3059,2024-09-09,28.98,4722,181,102
3059,2024-09-10,36.02,1433,166,102
3059,2024-09-11,11.32,2663,52,102
3059,2024-09-15,29.29,917,141,102
3059,2024-09-16,91.37,1905,37,102
3059,2024-09-17,14.94,1797,179,102
3059,2024-09-18,12.47,2625,34,102
3059,2024-09-21,97.59,1185,70,102
3059,2024-09-22,73.16,4702,162,102
3059,2024-09-23,99.37,4174,47,102
3059,2024-09-25,50.0,683,197,102
3059,2024-09-27,62.89,2873,179,102
3059,2024-09-28,83.38,1078,149,102
3059,2024-10-01,22.44,1485,125,102
3059,2024-10-04,76.37,2409,156,102
3059,2024-10-07,93.93,4916,54,102
3059,2024-10-08,12.31,4924,21,102
3059,2024-10-09,38.82,1267,56,102
3059,2024-10-11,17.66,3803,33,102
3059,2024-10-13,94.07,4685,137,102
3059,2024-10-14,63.14,1854,163,102
3059,2024-10-15,60.37,4634,48,102
3059,2024-10-16,77.69,4408,180,102
3059,2024-10-17,34.04,3405,68,102
3059,2024-10-18,33.28,1224,158,102
3059,2024-10-19,41.91,860,136,102
3059,2024-10-21,25.93,2827,182,102
3059,2024-10-23,60.24,3230,195,102
3059,2024-10-24,19.63,4270,158,102
3059,2024-10-27,45.83,2899,173,102
3059,2024-10-28,64.43,3954,189,102
3059,2024-10-29,85.16,3582,108,102
3059,2024-10-30,74.83,4016,16,102
3060,2024-09-01,56.05,1742,26,102
3060,2024-09-02,23.77,3269,36,102
3060,2024-09-03,24.38,3412,158,102
3060,2024-09-06,58.84,1524,10,102
3060,2024-09-07,61.65,2318,78,102
3060,2024-09-08,57.94,4610,68,102
3060,2024-09-09,89.23,1626,76,102
3060,2024-09-10,23.62,4818,123,102
3060,2024-09-11,16.13,680,169,102
3060,2024-09-13,16.65,1425,160,102
3060,2024-09-16,69.51,1837,62,102
3060,2024-09-17,19.72,2247,131,102
3060,2024-09-18,90.5,3299,57,102
3060,2024-09-20,32.91,4686,34,102
3060,2024-09-21,80.18,679,52,102
3060,2024-09-22,96.05,2974,136,102
3060,2024-09-23,21.21,1297,119,102
3060,2024-09-24,12.84,2083,188,102
3060,2024-09-25,12.54,3911,112,102
3060,2024-09-27,76.63,1035,142,102
3060,2024-09-28,33.28,4909,156,102
3060,2024-09-30,59.2,523,112,102
3060,2024-10-01,59.6,1293,79,102
3060,2024-10-02,34.38,4735,36,102
3060,2024-10-05,92.72,3584,77,102
3060,2024-10-06,65.48,4910,168,102
3060,2024-10-08,97.77,3742,188,102
3060,2024-10-09,49.63,4651,107,102
3060,2024-10-10,71.98,1239,93,102
3060,2024-10-11,33.51,3068,178,102
3060,2024-10-12,21.17,1604,194,102
3060,2024-10-13,26.25,4413,102,102
3060,2024-10-14,93.59,864,99,102
3060,2024-10-15,52.7,3960,184,102
3060,2024-10-16,30.44,4905,152,102
3060,2024-10-18,38.29,3865,191,102
3060,2024-10-19,19.0,2629,93,102
3060,2024-10-20,15.02,4477,11,102
3060,2024-10-21,63.47,2966,44,102
3060,2024-10-22,97.41,2549,55,102
3060,2024-10-23,92.85,3572,184,102
3060,2024-10-26,60.11,4062,120,102
3060,2024-10-27,14.5,4070,77,102
3060,2024-10-28,83.82,3045,90,102
3060,2024-10-29,42.78,4129,97,102
3060,2024-10-30,12.63,4191,88,102
3061,2024-09-03,55.58,736,118,102
3061,2024-09-04,87.13,3527,76,102
3061,2024-09-09,47.69,2869,23,102
3061,2024-09-10,66.94,3342,68,102
3061,2024-09-12,93.87,3985,51,102
3061,2024-09-14,23.69,1983,125,102
3061,2024-09-15,89.32,4382,89,102
3061,2024-09-16,78.74,1051,109,102
3061,2024-09-17,17.12,2801,191,102
3061,2024-09-19,91.96,4623,74,102
3061,2024-09-20,56.54,3680,25,102
3061,2024-09-21,91.4,4897,13,102
3061,2024-09-22,62.99,3744,133,102
3061,2024-09-23,99.25,1547,60,102
3061,2024-09-25,63.6,3435,123,102
3061,2024-09-29,22.14,3846,77,102
3061,2024-10-01,48.25,1706,196,102
3061,2024-10-02,24.82,2170,145,102
3061,2024-10-03,76.19,4421,97,102
3061,2024-10-04,41.11,3661,146,102
3061,2024-10-05,59.87,1882,104,102
3061,2024-10-08,21.51,2405,138,102
3061,2024-10-09,32.79,2698,22,102
3061,2024-10-10,95.01,2584,88,102
3061,2024-10-11,35.67,4327,96,102
3061,2024-10-12,88.29,1128,38,102
3061,2024-10-13,27.42,4165,83,102
3061,2024-10-15,76.28,4524,184,102
3061,2024-10-17,98.5,4192,122,102
3061,2024-10-19,28.57,2904,175,102
3061,2024-10-20,76.8,4508,53,102
3061,2024-10-21,88.08,4914,107,102
3061,2024-10-22,83.77,4389,100,102
3061,2024-10-23,68.95,997,27,102
3061,2024-10-24,44.83,2522,20,102
3061,2024-10-25,74.33,2092,18,102
3061,2024-10-26,99.49,2380,93,102
3061,2024-10-27,55.27,1686,78,102
3061,2024-10-28,30.65,2380,88,102
3061,2024-10-29,87.21,1350,141,102
3061,2024-10-30,88.53,4108,131,102
3062,2024-09-01,56.28,1048,118,102
3062,2024-09-02,25.5,2581,75,102
3062,2024-09-05,48.47,4855,63,102
3062,2024-09-08,52.76,2281,125,102
3062,2024-09-09,59.72,627,174,102
3062,2024-09-10,78.01,3125,71,102
3062,2024-09-11,21.1,4896,126,102
3062,2024-09-13,32.99,4914,198,102
3062,2024-09-14,65.99,3986,160,102
3062,2024-09-15,79.88,999,88,102
3062,2024-09-17,62.09,1588,132,102
3062,2024-09-18,85.58,1626,74,102
3062,2024-09-19,13.28,1233,196,102
3062,2024-09-21,96.72,2569,54,102
3062,2024-09-22,91.41,2354,161,102
3062,2024-09-23,56.93,2451,155,102
3062,2024-09-25,20.15,4595,17,102
3062,2024-09-26,83.52,2221,54,102
3062,2024-09-27,56.32,904,192,102
3062,2024-09-28,93.17,1874,47,102
3062,2024-09-29,83.46,622,57,102
3062,2024-09-30,90.01,633,26,102
3062,2024-10-01,44.73,4055,107,102
3062,2024-10-02,91.9,4660,171,102
3062,2024-10-03,88.11,4439,193,102
3062,2024-10-04,11.01,1184,85,102
3062,2024-10-05,44.53,1261,83,102
3062,2024-10-06,75.21,2870,91,102
3062,2024-10-07,67.7,1196,160,102
3062,2024-10-08,14.26,4453,80,102
3062,2024-10-09,77.6,1632,59,102
3062,2024-10-10,46.78,3091,183,102
3062,2024-10-12,27.87,638,127,102
3062,2024-10-14,26.41,3531,81,102
3062,2024-10-17,49.38,1110,94,102
3062,2024-10-18,72.01,4070,120,102
3062,2024-10-20,47.99,1253,28,102
3062,2024-10-21,68.26,3538,86,102
3062,2024-10-23,73.37,2341,82,102
3062,2024-10-24,50.23,3153,35,102
3062,2024-10-25,83.62,2702,168,102
3062,2024-10-26,57.05,623,104,102
3062,2024-10-29,59.34,2910,151,102
3062,2024-10-30,58.09,3819,50,102
3063,2024-09-01,51.32,626,145,102
3063,2024-09-02,49.01,4760,172,102
3063,2024-09-03,52.52,4475,167,102
3063,2024-09-04,12.76,4012,56,102
3063,2024-09-05,85.95,4223,106,102
3063,2024-09-06,63.52,1536,15,102
3063,2024-09-08,89.31,3436,126,102
3063,2024-09-10,61.96,2030,107,102
3063,2024-09-11,98.0,547,156,102
3063,2024-09-12,22.53,1096,128,102
3063,2024-09-13,55.94,1464,127,102
3063,2024-09-14,36.17,1239,181,102
3063,2024-09-15,53.94,3654,164,102
3063,2024-09-16,16.72,4938,182,102
3063,2024-09-18,23.02,1252,165,102
3063,2024-09-19,46.25,1628,121,102
3063,2024-09-20,24.64,4411,95,102
3063,2024-09-21,16.7,937,191,102
3063,2024-09-24,75.83,2682,43,102
3063,2024-09-25,59.82,2905,105,102
3063,2024-09-26,85.15,3112,121,102
3063,2024-09-28,86.04,1659,42,102
3063,2024-09-30,84.75,647,197,102
3063,2024-10-01,66.89,2298,190,102
3063,2024-10-03,95.56,4263,53,102
3063,2024-10-04,22.24,4350,55,102
3063,2024-10-05,92.76,3187,194,102
3063,2024-10-07,15.26,4477,143,102
3063,2024-10-08,92.12,4732,56,102
3063,2024-10-09,33.56,4207,71,102
3063,2024-10-10,99.43,1093,109,102
3063,2024-10-12,93.81,3556,11,102
3063,2024-10-13,15.3,3378,153,102
3063,2024-10-14,77.78,983,33,102
3063,2024-10-15,43.46,508,166,102
3063,2024-10-16,51.74,1394,178,102
3063,2024-10-17,26.73,1162,21,102
3063,2024-10-18,30.47,4109,23,102
3063,2024-10-20,13.95,4287,28,102
3063,2024-10-22,71.24,537,133,102
3063,2024-10-23,73.06,1209,139,102
3063,2024-10-24,38.1,3180,188,102
3063,2024-10-25,82.97,1653,155,102
3063,2024-10-26,47.19,2247,115,102
3063,2024-10-27,63.57,2785,130,102
3063,2024-10-29,75.94,4716,46,102
3064,2024-09-01,37.98,4910,31,103
3064,2024-09-02,79.35,1079,19,103
3064,2024-09-03,14.09,3381,153,103
3064,2024-09-04,46.3,2000,27,103
3064,2024-09-05,36.71,3448,122,103
3064,2024-09-06,78.75,2482,96,103
3064,2024-09-08,57.69,3822,79,103
3064,2024-09-10,77.08,4168,59,103
3064,2024-09-11,29.71,2559,86,103
3064,2024-09-13,59.24,1948,91,103
3064,2024-09-15,98.33,2940,113,103
3064,2024-09-17,39.78,934,124,103
3064,2024-09-20,45.41,4178,168,103
3064,2024-09-21,17.21,3752,50,103
3064,2024-09-22,26.45,579,162,103
3064,2024-09-23,94.32,3158,37,103
3064,2024-09-24,66.6,3035,197,103
3064,2024-09-25,99.11,1333,69,103
3064,2024-09-26,17.5,1320,128,103
3064,2024-09-29,98.77,656,46,103
3064,2024-09-30,36.54,4146,184,103
3064,2024-10-01,71.81,1951,53,103
3064,2024-10-02,46.55,3538,69,103
3064,2024-10-03,92.79,2695,188,103
3064,2024-10-05,99.84,1177,180,103
3064,2024-10-06,49.4,3070,154,103
3064,2024-10-07,96.58,586,50,103
3064,2024-10-10,14.57,3117,38,103
3064,2024-10-11,87.65,1999,98,103
3064,2024-10-13,71.78,2626,122,103
3064,2024-10-14,65.59,762,122,103
3064,2024-10-15,96.03,4533,35,103
3064,2024-10-17,86.01,4298,162,103
3064,2024-10-18,93.77,3499,174,103
3064,2024-10-19,30.75,1038,22,103
3064,2024-10-20,45.34,2271,87,103
3064,2024-10-22,72.1,1470,10,103
3064,2024-10-23,21.35,757,64,103
3064,2024-10-24,55.58,2828,26,103
3064,2024-10-25,36.99,1268,66,103
3064,2024-10-27,65.38,1927,149,103
3064,2024-10-28,78.4,2495,105,103
3064,2024-10-29,40.64,874,102,103
3064,2024-10-30,12.99,3838,134,103
3065,2024-09-01,61.98,657,111,103
3065,2024-09-02,94.86,4985,25,103
3065,2024-09-03,44.82,4098,132,103
3065,2024-09-04,80.05,2479,132,103
3065,2024-09-05,72.49,1526,193,103
3065,2024-09-07,27.45,2867,88,103
3065,2024-09-08,96.69,3571,67,103
3065,2024-09-09,45.34,4255,106,103
3065,2024-09-12,10.72,1816,172,103
3065,2024-09-13,10.99,4540,64,103
3065,2024-09-15,21.7,3704,57,103
3065,2024-09-16,51.34,2587,57,103
3065,2024-09-17,66.5,1724,66,103
3065,2024-09-19,87.04,1071,13,103
3065,2024-09-20,12.88,826,174,103
3065,2024-09-22,70.91,3417,72,103
3065,2024-09-23,78.79,4931,152,103
3065,2024-09-25,31.87,1740,39,103
3065,2024-09-26,45.33,2301,44,103
3065,2024-09-27,10.58,3240,126,103
3065,2024-09-28,88.88,4948,125,103
3065,2024-09-29,60.9,2024,32,103
3065,2024-09-30,76.33,3969,89,103
3065,2024-10-01,14.18,2468,117,103
3065,2024-10-02,89.41,569,187,103
3065,2024-10-03,43.3,4765,57,103
3065,2024-10-04,51.57,4295,16,103
3065,2024-10-05,21.35,4144,39,103
3065,2024-10-06,40.98,1827,67,103
3065,2024-10-07,59.57,1982,58,103
3065,2024-10-08,96.17,1310,175,103
3065,2024-10-10,25.38,3388,144,103
3065,2024-10-12,91.89,535,185,103
3065,2024-10-13,18.5,1371,38,103
3065,2024-10-14,29.03,3542,95,103
3065,2024-10-15,17.34,3063,155,103
3065,2024-10-16,72.12,4353,52,103
3065,2024-10-17,18.48,4733,21,103
3065,2024-10-18,77.54,3282,70,103
3065,2024-10-19,78.9,2269,27,103
3065,2024-10-20,43.79,1766,140,103
3065,2024-10-22,25.51,4670,80,103
3065,2024-10-23,89.39,937,178,103
3065,2024-10-24,56.25,1877,194,103
3065,2024-10-26,14.86,2251,167,103
3065,2024-10-27,21.47,2373,44,103
3065,2024-10-28,23.99,2564,32,103
3065,2024-10-29,53.85,2783,177,103
3065,2024-10-30,21.85,4799,38,103
3066,2024-09-01,97.65,3448,157,103
3066,2024-09-02,27.67,583,182,103
3066,2024-09-03,66.46,606,42,103
3066,2024-09-04,28.71,915,80,103
3066,2024-09-06,29.71,1574,43,103
3066,2024-09-07,54.82,1541,188,103
3066,2024-09-09,74.61,839,43,103
3066,2024-09-10,47.61,885,114,103
3066,2024-09-11,27.73,970,98,103
3066,2024-09-12,63.54,4104,126,103
3066,2024-09-13,45.81,1286,166,103
3066,2024-09-14,21.88,1081,185,103
3066,2024-09-15,24.57,1234,116,103
3066,2024-09-16,83.17,1106,130,103
3066,2024-09-17,87.87,834,50,103
3066,2024-09-18,96.02,2287,40,103
3066,2024-09-20,32.31,4933,80,103
3066,2024-09-21,44.84,1828,48,103
3066,2024-09-22,82.13,2163,40,103
3066,2024-09-23,11.26,957,103,103
3066,2024-09-24,89.63,3921,110,103
3066,2024-09-25,77.78,832,108,103
3066,2024-09-26,45.46,1753,31,103
3066,2024-09-27,82.38,3465,102,103
3066,2024-09-28,62.31,2586,86,103
3066,2024-09-29,49.69,4034,110,103
3066,2024-10-01,64.42,2044,193,103
3066,2024-10-02,47.51,569,87,103
3066,2024-10-03,43.92,4216,58,103
3066,2024-10-04,25.2,1603,121,103
3066,2024-10-06,36.6,1703,75,103
3066,2024-10-07,46.98,1625,199,103
3066,2024-10-08,68.91,3126,78,103
3066,2024-10-09,19.13,4716,141,103
3066,2024-10-10,95.95,4872,198,103
3066,2024-10-11,98.77,1303,199,103
3066,2024-10-12,46.68,2466,195,103
3066,2024-10-13,83.86,1193,178,103
3066,2024-10-14,71.44,2659,66,103
3066,2024-10-15,40.5,2461,44,103
3066,2024-10-16,96.62,2807,127,103
3066,2024-10-18,42.91,971,103,103
3066,2024-10-19,30.24,2635,61,103
3066,2024-10-21,72.06,1135,30,103
3066,2024-10-22,42.93,4833,137,103
3066,2024-10-23,43.65,2687,104,103
3066,2024-10-26,72.08,2700,137,103
3066,2024-10-27,50.82,2697,194,103
3066,2024-10-30,95.23,3453,71,103
3067,2024-09-01,60.79,2718,110,103
3067,2024-09-02,75.53,4618,107,103
3067,2024-09-04,28.78,2796,42,103
3067,2024-09-05,40.89,3530,15,103
3067,2024-09-06,91.74,3220,168,103
3067,2024-09-08,17.88,3299,57,103
3067,2024-09-10,39.08,3540,157,103
3067,2024-09-11,37.19,4159,56,103
3067,2024-09-12,93.04,610,126,103
3067,2024-09-14,31.56,1472,78,103
3067,2024-09-15,21.03,2842,23,103
3067,2024-09-18,62.52,2530,50,103
3067,2024-09-21,38.51,3030,64,103
3067,2024-09-22,15.03,3880,66,103
3067,2024-09-23,51.21,1354,184,103
3067,2024-09-25,68.11,1499,136,103
3067,2024-09-29,20.82,3517,196,103
3067,2024-09-30,18.31,2800,91,103
3067,2024-10-01,42.65,2788,199,103
3067,2024-10-03,91.53,4273,76,103
3067,2024-10-04,71.22,4580,22,103
3067,2024-10-05,27.46,1840,175,103
3067,2024-10-07,72.24,3866,97,103
3067,2024-10-10,50.02,4210,43,103
3067,2024-10-11,46.03,3153,114,103
3067,2024-10-12,52.12,1413,81,103
3067,2024-10-14,14.2,3425,49,103
3067,2024-10-17,93.48,3510,93,103
3067,2024-10-18,69.25,873,19,103
3067,2024-10-19,23.68,1959,196,103
3067,2024-10-20,37.83,3119,128,103
3067,2024-10-21,95.08,1482,118,103
3067,2024-10-22,37.1,1511,65,103
3067,2024-10-24,66.48,1211,136,103
3067,2024-10-27,27.83,3333,99,103
3067,2024-10-28,56.63,3701,55,103
3067,2024-10-30,68.04,4470,73,103
3068,2024-09-01,74.72,3385,178,103
3068,2024-09-02,91.86,1715,53,103
3068,2024-09-03,72.39,4126,68,103
3068,2024-09-04,27.11,4777,164,103
3068,2024-09-05,10.13,3478,131,103
3068,2024-09-06,84.55,2319,100,103
3068,2024-09-07,30.4,3996,32,103
3068,2024-09-08,97.48,4346,111,103
3068,2024-09-09,14.41,4261,21,103
3068,2024-09-10,45.02,4578,40,103
3068,2024-09-14,13.47,615,135,103
3068,2024-09-15,45.68,3401,175,103
3068,2024-09-18,90.37,1998,190,103
3068,2024-09-19,87.31,4061,191,103
3068,2024-09-21,33.24,3797,132,103
3068,2024-09-22,49.84,2651,43,103
3068,2024-09-23,98.17,2275,186,103
3068,2024-09-25,24.52,4664,14,103
3068,2024-09-26,77.89,2892,74,103
3068,2024-09-28,99.14,1763,193,103
3068,2024-10-01,26.57,3397,113,103
3068,2024-10-02,26.47,3265,64,103
3068,2024-10-03,14.44,3691,72,103
3068,2024-10-05,74.99,2504,27,103
3068,2024-10-07,14.99,3750,185,103
3068,2024-10-09,84.49,551,134,103
3068,2024-10-10,30.62,2997,41,103
3068,2024-10-11,39.16,611,178,103
3068,2024-10-12,79.73,1929,112,103
3068,2024-10-13,55.78,2849,179,103
3068,2024-10-14,61.38,4379,178,103
3068,2024-10-15,15.69,2767,131,103
3068,2024-10-16,38.66,1095,54,103
3068,2024-10-18,43.15,4007,194,103
3068,2024-10-19,16.97,3303,94,103
3068,2024-10-20,11.52,1248,157,103
3068,2024-10-21,63.32,2232,161,103
3068,2024-10-22,59.24,3430,57,103
3068,2024-10-23,82.31,1623,14,103
3068,2024-10-24,49.11,1796,180,103
3068,2024-10-25,66.05,4564,34,103
3068,2024-10-26,69.55,1726,88,103
3068,2024-10-27,28.16,2495,193,103
3068,2024-10-28,95.2,3805,128,103
3068,2024-10-29,68.25,3825,19,103
3068,2024-10-30,57.09,2266,28,103
3069,2024-09-01,54.15,4463,69,103
3069,2024-09-02,64.17,2018,43,103
3069,2024-09-03,45.05,731,127,103
3069,2024-09-05,96.75,4880,169,103
3069,2024-09-06,59.02,3386,70,103
3069,2024-09-10,91.01,3029,61,103
3069,2024-09-11,18.25,3631,94,103
3069,2024-09-12,12.78,4698,182,103
3069,2024-09-13,62.04,3243,56,103
3069,2024-09-14,23.03,1798,40,103
3069,2024-09-15,41.68,692,99,103
3069,2024-09-16,44.03,2816,154,103
3069,2024-09-17,81.96,2827,132,103
3069,2024-09-18,14.49,1649,117,103
3069,2024-09-20,37.56,4962,180,103
3069,2024-09-22,36.8,4168,161,103
3069,2024-09-23,37.86,1229,117,103
3069,2024-09-25,41.28,776,75,103
3069,2024-09-27,46.6,3391,90,103
3069,2024-09-28,52.32,808,160,103
3069,2024-09-29,97.75,3994,167,103
3069,2024-09-30,51.8,1147,38,103
3069,2024-10-02,42.23,3614,67,103
3069,2024-10-03,14.46,3538,161,103
3069,2024-10-04,10.72,3514,99,103
3069,2024-10-05,57.61,4290,115,103
3069,2024-10-06,48.39,2423,30,103
3069,2024-10-08,92.45,3247,166,103
3069,2024-10-09,93.03,3891,178,103
3069,2024-10-10,36.87,3206,77,103
3069,2024-10-13,29.93,2608,28,103
3069,2024-10-15,20.92,2503,165,103
3069,2024-10-16,73.51,2617,80,103
3069,2024-10-17,35.66,2708,114,103
3069,2024-10-18,57.32,1903,47,103
3069,2024-10-19,63.4,4600,117,103
3069,2024-10-20,75.07,2290,157,103
3069,2024-10-21,57.99,4779,159,103
3069,2024-10-23,32.43,1348,12,103
3069,2024-10-26,15.51,1919,39,103
3069,2024-10-29,37.12,4748,99,103
3069,2024-10-30,66.73,3881,104,103
3070,2024-09-01,82.03,1580,42,103
3070,2024-09-02,10.91,2972,81,103
3070,2024-09-03,86.34,3625,26,103
3070,2024-09-04,64.98,947,17,103
3070,2024-09-05,76.36,3414,37,103
3070,2024-09-06,20.33,4280,95,103
3070,2024-09-09,63.54,2059,94,103
3070,2024-09-10,66.52,4361,10,103
3070,2024-09-11,48.72,1146,156,103
3070,2024-09-12,94.99,2638,190,103
3070,2024-09-13,36.85,2624,188,103
3070,2024-09-14,44.91,1193,28,103
3070,2024-09-15,58.78,3539,22,103
3070,2024-09-17,26.52,3837,50,103
3070,2024-09-19,13.01,2537,59,103
3070,2024-09-20,36.35,2671,114,103
3070,2024-09-21,19.7,2967,69,103
3070,2024-09-22,74.28,3905,139,103
3070,2024-09-23,70.73,3746,148,103
3070,2024-09-25,81.23,3070,191,103
3070,2024-09-26,22.68,2798,107,103
3070,2024-09-29,82.42,1234,175,103
3070,2024-09-30,53.86,2843,26,103
3070,2024-10-01,26.95,807,87,103
3070,2024-10-02,38.67,1771,68,103
3070,2024-10-03,81.22,3503,22,103
3070,2024-10-04,83.36,2796,118,103
3070,2024-10-05,26.31,3258,196,103
3070,2024-10-08,28.09,4762,49,103
3070,2024-10-09,31.04,1616,14,103
3070,2024-10-10,46.11,1383,65,103
3070,2024-10-11,10.9,679,66,103
3070,2024-10-12,46.75,4112,27,103
3070,2024-10-13,21.06,4004,126,103
3070,2024-10-14,83.42,4084,119,103
3070,2024-10-15,53.05,3345,90,103
3070,2024-10-16,77.36,1921,81,103
3070,2024-10-17,28.95,1140,54,103
3070,2024-10-19,60.05,2616,134,103
3070,2024-10-20,12.61,2718,193,103
3070,2024-10-23,58.62,4255,27,103
3070,2024-10-29,50.88,1835,51,103
3070,2024-10-30,21.92,926,105,103
3071,2024-09-01,83.29,3888,76,103
3071,2024-09-02,59.18,1332,131,103
3071,2024-09-03,72.19,3130,76,103
3071,2024-09-04,66.01,1998,77,103
3071,2024-09-05,42.38,4936,68,103
3071,2024-09-06,92.84,1762,183,103
3071,2024-09-07,23.35,4643,26,103
3071,2024-09-08,38.5,828,159,103
3071,2024-09-10,45.48,4872,82,103
3071,2024-09-11,92.34,1707,73,103
3071,2024-09-12,66.45,4197,156,103
3071,2024-09-14,26.77,1564,31,103
3071,2024-09-15,14.24,4849,127,103
3071,2024-09-17,72.72,3907,200,103
3071,2024-09-18,70.26,1105,126,103
3071,2024-09-21,72.42,2347,163,103
3071,2024-09-22,19.32,2562,187,103
3071,2024-09-23,63.84,1396,136,103
3071,2024-09-24,25.8,4532,109,103
3071,2024-09-25,32.48,4222,56,103
3071,2024-09-26,42.46,2869,48,103
3071,2024-09-27,43.81,3587,183,103
3071,2024-09-28,82.98,3633,59,103
3071,2024-09-30,10.14,4920,60,103
3071,2024-10-01,36.09,2974,123,103
3071,2024-10-04,85.66,4588,140,103
3071,2024-10-05,93.02,596,79,103
3071,2024-10-06,82.4,584,105,103
3071,2024-10-07,43.98,4657,185,103
3071,2024-10-08,65.09,3065,58,103
3071,2024-10-10,33.16,1988,111,103
3071,2024-10-11,69.21,1810,163,103
3071,2024-10-12,47.27,2695,57,103
3071,2024-10-13,54.82,3112,53,103
3071,2024-10-14,42.28,1758,14,103
3071,2024-10-15,89.72,3361,148,103
3071,2024-10-16,82.86,1596,17,103
3071,2024-10-17,61.54,1791,48,103
3071,2024-10-18,20.53,3142,115,103
3071,2024-10-19,23.65,3102,90,103
3071,2024-10-21,46.2,4070,72,103
3071,2024-10-22,74.82,1762,175,103
3071,2024-10-23,84.4,2930,180,103
3071,2024-10-25,48.83,1122,95,103
3071,2024-10-26,66.12,721,175,103
3071,2024-10-27,40.57,2093,62,103
3071,2024-10-28,30.07,4909,20,103
3071,2024-10-29,61.65,2338,190,103
3072,2024-09-01,67.81,1948,48,103
3072,2024-09-02,84.6,1124,105,103
3072,2024-09-03,56.02,1422,192,103
3072,2024-09-04,23.83,4067,149,103
3072,2024-09-05,54.96,3788,86,103
3072,2024-09-07,62.46,4848,93,103
3072,2024-09-08,58.35,3690,89,103
3072,2024-09-12,13.83,3680,55,103
3072,2024-09-13,55.22,4578,123,103
3072,2024-09-14,53.24,3069,143,103
3072,2024-09-15,76.31,3676,173,103
3072,2024-09-16,95.12,3771,89,103
3072,2024-09-18,49.18,1559,65,103
3072,2024-09-19,26.23,1654,193,103
3072,2024-09-22,27.4,640,88,103
3072,2024-09-23,14.09,1836,166,103
3072,2024-09-24,29.53,1423,82,103
3072,2024-09-25,94.39,1416,33,103
3072,2024-09-26,65.35,1756,114,103
3072,2024-09-27,63.47,2774,157,103
3072,2024-09-28,18.69,1817,141,103
3072,2024-09-29,19.98,663,24,103
3072,2024-09-30,48.88,3857,15,103
3072,2024-10-01,77.06,517,25,103
3072,2024-10-02,94.26,1821,148,103
3072,2024-10-03,58.96,2044,34,103
3072,2024-10-04,66.86,3175,55,103
3072,2024-10-05,89.77,2424,150,103
3072,2024-10-06,94.18,1825,116,103
3072,2024-10-08,69.4,1011,25,103
3072,2024-10-09,58.06,4040,51,103
3072,2024-10-14,60.02,2194,138,103
3072,2024-10-15,44.68,2169,64,103
3072,2024-10-17,77.23,4642,96,103
3072,2024-10-18,89.49,4942,113,103
3072,2024-10-19,50.94,2530,121,103
3072,2024-10-20,96.86,1390,10,103
3072,2024-10-22,69.74,1784,61,103
3072,2024-10-24,23.71,4928,140,103
3072,2024-10-25,30.14,2030,128,103
3072,2024-10-26,75.55,1018,145,103
3072,2024-10-27,73.74,662,113,103
3072,2024-10-29,44.71,855,118,103
3073,2024-09-01,84.3,1868,11,103
3073,2024-09-02,94.09,4781,35,103
3073,2024-09-05,16.76,1543,129,103
3073,2024-09-06,96.09,1456,127,103
3073,2024-09-08,41.71,3932,158,103
3073,2024-09-10,58.69,2948,99,103
3073,2024-09-11,26.04,636,193,103
3073,2024-09-13,45.17,3519,188,103
3073,2024-09-15,44.6,1899,166,103
3073,2024-09-17,18.48,3151,124,103
3073,2024-09-18,65.51,1831,97,103
3073,2024-09-19,64.21,4064,170,103
3073,2024-09-20,78.76,2940,44,103
3073,2024-09-21,64.7,4145,78,103
3073,2024-09-22,22.84,3875,118,103
3073,2024-09-23,99.73,1015,122,103
3073,2024-09-24,45.67,676,153,103
3073,2024-09-25,80.37,4246,88,103
3073,2024-09-26,54.82,3383,185,103
3073,2024-09-27,61.39,3822,80,103
3073,2024-09-28,55.82,4629,87,103
3073,2024-09-29,51.58,2867,127,103
3073,2024-09-30,66.69,2189,112,103
3073,2024-10-01,58.28,4868,37,103
3073,2024-10-03,62.59,729,77,103
3073,2024-10-04,10.89,1865,179,103
3073,2024-10-05,82.56,581,93,103
3073,2024-10-07,89.89,757,51,103
3073,2024-10-08,96.51,820,111,103
3073,2024-10-09,59.76,1001,14,103
3073,2024-10-11,58.12,2569,101,103
3073,2024-10-12,79.32,504,152,103
3073,2024-10-14,27.1,837,94,103
3073,2024-10-15,70.01,4930,151,103
3073,2024-10-16,63.55,4380,77,103
3073,2024-10-18,19.54,3347,116,103
3073,2024-10-20,23.44,4162,104,103
3073,2024-10-22,29.16,3325,194,103
3073,2024-10-23,71.09,1334,161,103
3073,2024-10-26,28.3,3428,109,103
3073,2024-10-27,60.22,2069,122,103
3073,2024-10-29,90.75,2910,120,103
3073,2024-10-30,14.66,4430,194,103
3074,2024-09-02,57.77,1827,116,103
3074,2024-09-05,66.79,2171,119,103
3074,2024-09-06,71.91,889,69,103
3074,2024-09-07,36.61,2564,43,103
3074,2024-09-08,94.43,3722,133,103
3074,2024-09-09,40.86,3956,153,103
3074,2024-09-11,92.49,1850,87,103
3074,2024-09-13,80.87,1532,39,103
3074,2024-09-14,40.98,4073,132,103
3074,2024-09-15,93.92,1960,57,103
3074,2024-09-17,64.81,3217,70,103
3074,2024-09-18,67.17,2915,122,103
3074,2024-09-20,37.66,3685,87,103
3074,2024-09-21,71.63,3167,105,103
3074,2024-09-22,64.07,3172,53,103
3074,2024-09-23,84.17,2398,146,103
3074,2024-09-24,10.55,1170,45,103
3074,2024-09-25,75.58,2287,36,103
3074,2024-09-26,84.6,961,10,103
3074,2024-09-27,45.49,2014,33,103
3074,2024-09-29,74.54,4369,70,103
3074,2024-10-01,67.0,4295,136,103
3074,2024-10-02,79.52,4891,174,103
3074,2024-10-03,32.17,3338,152,103
3074,2024-10-04,70.76,3160,53,103
3074,2024-10-05,70.17,1895,184,103
3074,2024-10-07,87.33,1330,113,103
3074,2024-10-08,55.21,4507,104,103
3074,2024-10-09,50.38,948,96,103
3074,2024-10-11,67.31,3475,88,103
3074,2024-10-12,33.25,4220,88,103
3074,2024-10-13,30.73,3499,173,103
3074,2024-10-14,79.51,2937,122,103
3074,2024-10-16,86.79,2923,38,103
3074,2024-10-19,62.25,4263,61,103
3074,2024-10-20,86.27,2164,19,103
3074,2024-10-21,53.95,4877,17,103
3074,2024-10-22,21.23,2283,117,103
3074,2024-10-23,80.88,2146,71,103
3074,2024-10-25,64.08,1992,119,103
3074,2024-10-27,55.54,1934,152,103
3074,2024-10-28,81.5,4431,149,103
3074,2024-10-29,10.87,4061,57,103
3074,2024-10-30,15.63,1987,41,103
3075,2024-09-01,37.52,3176,179,103
3075,2024-09-02,39.47,2354,133,103
3075,2024-09-05,56.07,1379,101,103
3075,2024-09-06,53.05,2896,81,103
3075,2024-09-08,76.17,4126,200,103
3075,2024-09-09,24.63,3756,160,103
3075,2024-09-12,83.23,1618,160,103
3075,2024-09-13,33.13,3580,171,103
3075,2024-09-15,91.54,931,166,103
3075,2024-09-16,62.73,737,186,103
3075,2024-09-17,14.34,3287,132,103
3075,2024-09-18,11.53,2416,185,103
3075,2024-09-19,24.74,1196,148,103
3075,2024-09-20,69.72,2879,83,103
3075,2024-09-21,36.53,2768,198,103
3075,2024-09-24,77.6,4250,159,103
3075,2024-09-25,25.36,3538,135,103
3075,2024-09-26,73.9,3355,143,103
3075,2024-09-27,56.65,1410,161,103
3075,2024-09-28,22.91,4113,200,103
3075,2024-09-29,75.8,1106,45,103
3075,2024-09-30,58.64,4201,30,103
3075,2024-10-01,93.36,4834,86,103
3075,2024-10-03,39.59,1310,78,103
3075,2024-10-05,54.67,1809,143,103
3075,2024-10-08,26.4,2282,173,103
3075,2024-10-09,57.53,3299,121,103
3075,2024-10-11,17.37,2513,166,103
3075,2024-10-13,58.49,2753,96,103
3075,2024-10-14,89.88,685,198,103
3075,2024-10-16,87.98,1867,36,103
3075,2024-10-17,61.94,3534,90,103
3075,2024-10-18,87.53,3964,159,103
3075,2024-10-19,84.08,3561,32,103
3075,2024-10-20,69.13,4633,147,103
3075,2024-10-23,77.41,3108,59,103
3075,2024-10-24,45.51,1495,41,103
3075,2024-10-25,80.85,1153,12,103
3075,2024-10-26,87.19,1529,156,103
3075,2024-10-28,68.17,3081,99,103
3075,2024-10-29,75.12,846,156,103
3075,2024-10-30,57.8,4882,35,103
3076,2024-09-02,13.84,3184,25,103
3076,2024-09-04,74.32,2192,112,103
3076,2024-09-05,40.89,4849,137,103
3076,2024-09-06,78.18,1645,122,103
3076,2024-09-07,72.12,4675,194,103
3076,2024-09-08,61.15,2212,100,103
3076,2024-09-09,65.68,558,170,103
3076,2024-09-10,38.96,4024,33,103
3076,2024-09-11,96.01,4189,180,103
3076,2024-09-12,68.56,3660,106,103
3076,2024-09-13,53.86,2023,101,103
3076,2024-09-14,88.95,1329,107,103
3076,2024-09-15,45.36,848,178,103
3076,2024-09-16,55.73,2465,130,103
3076,2024-09-17,51.12,1797,149,103
3076,2024-09-18,99.71,3598,114,103
3076,2024-09-19,92.27,2916,55,103
3076,2024-09-20,43.99,2588,75,103
3076,2024-09-21,73.43,3876,29,103
3076,2024-09-22,19.44,4283,92,103
3076,2024-09-23,28.43,4886,172,103
3076,2024-09-25,33.9,3558,41,103
3076,2024-09-26,70.24,4979,10,103
3076,2024-09-27,98.21,567,77,103
3076,2024-09-28,47.77,3958,44,103
3076,2024-09-30,19.22,2623,183,103
3076,2024-10-01,20.45,2383,161,103
3076,2024-10-02,29.03,677,157,103
3076,2024-10-03,81.76,3927,136,103
3076,2024-10-04,72.57,529,155,103
3076,2024-10-05,55.51,2779,167,103
3076,2024-10-06,78.87,3120,99,103
3076,2024-10-07,73.62,3192,147,103
3076,2024-10-08,50.83,4521,41,103
3076,2024-10-09,89.94,674,174,103
3076,2024-10-20,37.46,2206,161,103
3076,2024-10-21,57.04,1032,139,103
3076,2024-10-22,59.35,4130,176,103
3076,2024-10-23,96.56,2322,197,103
3076,2024-10-24,46.42,4390,125,103
3076,2024-10-25,32.6,2405,193,103
3076,2024-10-26,11.12,1423,99,103
3076,2024-10-27,84.33,3933,15,103
3076,2024-10-28,21.49,1591,99,103
3076,2024-10-29,25.02,823,77,103
3076,2024-10-30,86.26,2405,31,103
3077,2024-09-01,75.17,3417,125,103
3077,2024-09-02,10.66,2789,26,103
3077,2024-09-03,73.65,4552,186,103
3077,2024-09-04,73.37,1316,154,103
3077,2024-09-05,34.37,2467,151,103
3077,2024-09-06,15.35,4454,192,103
3077,2024-09-07,18.89,1683,46,103
3077,2024-09-09,51.91,4388,48,103
3077,2024-09-10,98.47,3833,62,103
3077,2024-09-11,43.59,4563,86,103
3077,2024-09-13,11.26,2252,54,103
3077,2024-09-14,19.71,922,19,103
3077,2024-09-15,44.43,4035,35,103
3077,2024-09-16,29.36,4390,13,103
3077,2024-09-17,45.94,1891,24,103
3077,2024-09-19,13.16,3246,70,103
3077,2024-09-20,82.23,1610,27,103
3077,2024-09-21,27.69,4954,159,103
3077,2024-09-22,40.51,4397,164,103
3077,2024-09-23,15.39,4554,72,103
3077,2024-09-24,95.98,600,16,103
3077,2024-09-26,51.53,2052,18,103
3077,2024-09-27,25.45,1266,37,103
3077,2024-09-28,83.17,837,200,103
3077,2024-09-29,89.61,3693,136,103
3077,2024-09-30,20.8,2579,90,103
3077,2024-10-02,35.14,3838,38,103
3077,2024-10-04,25.05,1060,131,103
3077,2024-10-06,37.58,3834,23,103
3077,2024-10-08,30.3,2970,85,103
3077,2024-10-11,42.45,1260,175,103
3077,2024-10-12,22.97,1983,64,103
3077,2024-10-14,17.41,639,159,103
3077,2024-10-15,76.77,4154,131,103
3077,2024-10-17,12.03,1996,117,103
3077,2024-10-18,41.78,1273,67,103
3077,2024-10-20,17.1,4314,164,103
3077,2024-10-22,12.17,1597,79,103
3077,2024-10-25,58.6,1417,107,103
3077,2024-10-26,19.52,1404,91,103
3077,2024-10-28,93.0,1244,53,103
3077,2024-10-30,46.41,2839,197,103
3078,2024-09-01,58.23,3888,75,103
3078,2024-09-02,48.52,4708,182,103
3078,2024-09-03,29.25,3607,25,103
3078,2024-09-05,34.23,4237,76,103
3078,2024-09-06,77.43,4090,178,103
3078,2024-09-07,17.97,1397,156,103
3078,2024-09-08,36.24,1570,31,103
3078,2024-09-09,13.93,3806,156,103
3078,2024-09-10,78.77,2151,110,103
3078,2024-09-11,75.73,1547,60,103
3078,2024-09-14,34.21,4080,79,103
3078,2024-09-15,95.55,4630,50,103
3078,2024-09-16,61.67,4823,115,103
3078,2024-09-17,48.85,1712,192,103
3078,2024-09-19,99.81,2132,200,103
3078,2024-09-20,71.77,1715,13,103
3078,2024-09-21,39.6,2205,65,103
3078,2024-09-22,11.86,4993,142,103
3078,2024-09-23,81.4,3803,126,103
3078,2024-09-24,20.01,539,10,103
3078,2024-09-25,61.46,1237,41,103
3078,2024-09-26,46.56,521,15,103
3078,2024-09-27,87.03,1256,108,103
3078,2024-09-28,76.72,1747,70,103
3078,2024-09-29,54.5,4241,199,103
3078,2024-10-01,95.06,4266,199,103
3078,2024-10-02,14.03,572,148,103
3078,2024-10-04,58.9,1173,150,103
3078,2024-10-05,100.0,3682,72,103
3078,2024-10-06,12.08,4719,80,103
3078,2024-10-07,32.41,1472,34,103
3078,2024-10-08,31.99,4150,31,103
3078,2024-10-10,17.66,1257,179,103
3078,2024-10-11,68.12,2622,94,103
3078,2024-10-12,78.33,3031,48,103
3078,2024-10-14,33.38,598,27,103
3078,2024-10-15,39.15,2459,81,103
3078,2024-10-16,12.7,3134,106,103
3078,2024-10-18,32.53,2739,113,103
3078,2024-10-19,23.34,939,34,103
3078,2024-10-20,22.42,631,45,103
3078,2024-10-21,58.52,1250,186,103
3078,2024-10-22,92.86,2322,141,103
3078,2024-10-23,93.02,2867,10,103
3078,2024-10-24,90.16,1652,18,103
3078,2024-10-25,55.07,1073,137,103
3078,2024-10-26,39.23,1613,129,103
3078,2024-10-27,92.15,2078,115,103
3078,2024-10-28,95.59,2320,98,103
3078,2024-10-30,36.52,1806,168,103
3079,2024-09-01,79.44,1642,151,103
3079,2024-09-02,19.65,1451,185,103
3079,2024-09-03,16.25,1947,171,103
3079,2024-09-05,11.61,3756,39,103
3079,2024-09-07,64.15,2294,24,103
3079,2024-09-08,46.76,940,31,103
3079,2024-09-09,31.81,1674,127,103
3079,2024-09-10,18.08,1939,61,103
3079,2024-09-12,76.15,3999,27,103
3079,2024-09-13,21.26,2666,146,103
3079,2024-09-14,11.04,4017,121,103
3079,2024-09-16,83.34,2618,89,103
3079,2024-09-17,14.14,3002,177,103
3079,2024-09-18,22.99,4102,117,103
3079,2024-09-21,84.27,706,37,103
3079,2024-09-22,39.96,556,103,103
3079,2024-09-23,76.92,2179,197,103
3079,2024-09-24,86.08,2625,70,103
3079,2024-09-25,96.5,1180,135,103
3079,2024-09-27,24.69,3103,35,103
3079,2024-09-28,21.36,4258,181,103
3079,2024-09-30,98.82,4672,110,103
3079,2024-10-02,44.87,3376,188,103
3079,2024-10-06,16.89,4120,114,103
3079,2024-10-08,87.06,2708,169,103
3079,2024-10-09,52.04,1159,179,103
3079,2024-10-10,15.41,2201,102,103
3079,2024-10-11,47.15,1391,140,103
3079,2024-10-12,60.91,2968,47,103
3079,2024-10-13,38.19,2727,63,103
3079,2024-10-14,37.65,3934,199,103
3079,2024-10-16,95.27,1735,32,103
3079,2024-10-17,67.35,2570,164,103
3079,2024-10-18,42.07,3423,75,103
3079,2024-10-19,25.49,3774,178,103
3079,2024-10-20,82.09,1220,41,103
3079,2024-10-21,73.92,4539,60,103
3079,2024-10-22,17.23,1702,128,103
3079,2024-10-23,87.15,4014,69,103
3079,2024-10-24,40.36,2855,138,103
3079,2024-10-26,26.09,1030,145,103
3079,2024-10-27,62.8,3938,147,103
3079,2024-10-28,46.46,2627,14,103
3079,2024-10-29,18.85,1325,21,103
3079,2024-10-30,24.49,3539,89,103
3080,2024-09-01,77.48,1173,195,103
3080,2024-09-02,87.69,1470,191,103
3080,2024-09-03,37.99,4824,118,103
3080,2024-09-04,95.14,4568,46,103
3080,2024-09-05,75.7,4638,108,103
3080,2024-09-06,15.26,1836,25,103
3080,2024-09-08,63.52,905,30,103
3080,2024-09-09,34.84,608,63,103
3080,2024-09-10,94.31,1456,71,103
3080,2024-09-11,72.09,1310,160,103
3080,2024-09-14,14.1,1359,171,103
3080,2024-09-17,98.89,3406,185,103
3080,2024-09-18,98.0,917,194,103
3080,2024-09-19,18.87,2833,172,103
3080,2024-09-20,57.15,3487,12,103
3080,2024-09-21,16.93,4084,97,103
3080,2024-09-22,57.71,1477,15,103
3080,2024-09-23,24.98,4829,183,103
3080,2024-09-25,77.02,4363,45,103
3080,2024-09-27,15.06,2357,129,103
3080,2024-09-28,47.4,3995,17,103
3080,2024-09-29,56.08,4350,49,103
3080,2024-09-30,28.25,3647,74,103
3080,2024-10-01,79.74,4886,60,103
3080,2024-10-02,85.38,830,124,103
3080,2024-10-04,19.54,557,56,103
3080,2024-10-06,70.64,4997,103,103
3080,2024-10-08,97.33,757,13,103
3080,2024-10-09,33.12,2901,59,103
3080,2024-10-11,88.87,2025,51,103
3080,2024-10-13,62.66,3649,164,103
3080,2024-10-14,44.42,3386,126,103
3080,2024-10-15,69.97,663,109,103
3080,2024-10-17,42.09,4079,168,103
3080,2024-10-18,32.13,3487,188,103
3080,2024-10-19,88.97,1663,32,103
3080,2024-10-20,76.22,3830,86,103
3080,2024-10-22,10.4,579,65,103
3080,2024-10-23,14.18,4781,76,103
3080,2024-10-25,86.37,1421,168,103
3080,2024-10-26,29.99,1621,83,103
3080,2024-10-27,36.36,1040,66,103
3080,2024-10-28,37.13,1377,199,103
3080,2024-10-29,82.84,1111,13,103
3080,2024-10-30,30.58,1707,35,103
3081,2024-09-01,16.41,4401,194,103
3081,2024-09-02,82.68,3679,188,103
3081,2024-09-03,74.16,2507,69,103
3081,2024-09-04,94.21,3203,69,103
3081,2024-09-05,18.16,525,93,103
3081,2024-09-06,20.66,2762,137,103
3081,2024-09-07,79.18,1773,135,103
3081,2024-09-08,82.75,3977,41,103
3081,2024-09-09,32.21,3260,92,103
3081,2024-09-10,92.3,1410,45,103
3081,2024-09-11,16.87,4178,136,103
3081,2024-09-12,18.86,2418,161,103
3081,2024-09-13,60.65,4650,35,103
3081,2024-09-14,33.36,3583,173,103
3081,2024-09-15,70.43,4283,51,103
3081,2024-09-16,44.5,1757,85,103
3081,2024-09-18,76.43,3529,81,103
3081,2024-09-19,51.63,1657,19,103
3081,2024-09-20,49.74,723,127,103
3081,2024-09-21,84.42,4299,41,103
3081,2024-09-22,82.5,4437,146,103
3081,2024-09-25,75.04,2273,35,103
3081,2024-09-26,37.62,2369,145,103
3081,2024-09-27,26.71,4123,85,103
3081,2024-09-30,39.19,4260,181,103
3081,2024-10-01,14.48,1915,95,103
3081,2024-10-02,77.66,4826,113,103
3081,2024-10-05,56.46,2959,21,103
3081,2024-10-06,48.57,1614,12,103
3081,2024-10-07,90.31,2194,46,103
3081,2024-10-08,16.08,2191,96,103
3081,2024-10-09,59.36,3784,131,103
3081,2024-10-10,22.45,1527,65,103
3081,2024-10-12,55.36,4392,165,103
3081,2024-10-13,90.63,747,77,103
3081,2024-10-14,94.25,3722,161,103
3081,2024-10-15,25.87,3241,104,103
3081,2024-10-17,41.22,708,185,103
3081,2024-10-18,85.08,1686,131,103
3081,2024-10-19,47.63,1186,93,103
3081,2024-10-20,50.44,2608,12,103
3081,2024-10-21,71.36,3135,115,103
3081,2024-10-22,76.31,4597,162,103
3081,2024-10-24,40.51,2586,50,103
3081,2024-10-25,16.93,726,71,103
3081,2024-10-27,23.24,1982,132,103
3081,2024-10-28,46.22,1566,126,103
3081,2024-10-29,26.22,1942,54,103
3082,2024-09-01,19.3,1114,128,103
3082,2024-09-03,54.11,1488,135,103
3082,2024-09-04,24.79,2912,50,103
3082,2024-09-05,58.89,1434,83,103
3082,2024-09-06,59.72,2406,18,103
3082,2024-09-07,94.6,3980,158,103
3082,2024-09-08,62.61,1967,57,103
3082,2024-09-09,26.22,3885,155,103
3082,2024-09-11,99.72,2680,57,103
3082,2024-09-12,34.18,1134,25,103
3082,2024-09-13,12.27,1085,125,103
3082,2024-09-14,89.84,658,65,103
3082,2024-09-16,93.15,4150,20,103
3082,2024-09-18,94.72,2885,159,103
3082,2024-09-19,26.63,4258,56,103
3082,2024-09-20,35.17,2333,38,103
3082,2024-09-22,60.69,4133,120,103
3082,2024-09-25,30.01,766,199,103
3082,2024-09-26,93.67,2630,25,103
3082,2024-09-27,41.48,3162,37,103
3082,2024-09-28,29.71,2342,42,103
3082,2024-09-29,24.22,4540,56,103
3082,2024-09-30,17.83,1465,109,103
3082,2024-10-01,68.7,2945,154,103
3082,2024-10-03,84.74,3938,125,103
3082,2024-10-04,39.8,1906,126,103
3082,2024-10-06,37.34,2182,160,103
3082,2024-10-07,66.11,3560,15,103
3082,2024-10-08,10.05,4973,121,103
3082,2024-10-09,10.25,4556,103,103
3082,2024-10-12,14.01,583,180,103
3082,2024-10-13,19.3,1907,162,103
3082,2024-10-14,26.76,1136,105,103
3082,2024-10-18,12.93,2622,148,103
3082,2024-10-19,13.11,2344,54,103
3082,2024-10-21,27.32,2189,54,103
3082,2024-10-22,25.1,3428,27,103
3082,2024-10-23,82.86,3214,98,103
3082,2024-10-25,65.64,2353,96,103
3082,2024-10-26,81.66,773,67,103
3082,2024-10-28,83.18,2833,187,103
3082,2024-10-30,77.95,2511,59,103
3083,2024-09-02,32.17,1837,161,103
3083,2024-09-03,10.65,4902,16,103
3083,2024-09-04,77.2,4910,175,103
3083,2024-09-05,21.37,2707,79,103
3083,2024-09-06,89.17,971,123,103
3083,2024-09-09,91.69,1596,24,103
3083,2024-09-10,31.85,4566,112,103
3083,2024-09-11,53.3,3031,160,103
3083,2024-09-12,24.4,621,108,103
3083,2024-09-13,79.74,2697,174,103
3083,2024-09-14,28.28,4171,97,103
3083,2024-09-15,81.71,1584,56,103
3083,2024-09-16,16.84,2376,35,103
3083,2024-09-17,30.89,3783,42,103
3083,2024-09-20,38.67,4667,171,103
3083,2024-09-22,19.26,1662,189,103
3083,2024-09-23,65.87,1486,124,103
3083,2024-09-25,10.41,1797,178,103
3083,2024-09-26,57.97,2700,90,103
3083,2024-09-28,27.19,1367,26,103
3083,2024-09-29,30.72,3218,100,103
3083,2024-09-30,18.47,2219,194,103
3083,2024-10-02,67.59,2953,70,103
3083,2024-10-03,14.44,4117,134,103
3083,2024-10-05,22.57,4318,164,103
3083,2024-10-07,76.71,1575,49,103
3083,2024-10-09,31.26,2583,170,103
3083,2024-10-11,93.86,1396,161,103
3083,2024-10-12,93.49,560,87,103
3083,2024-10-14,13.73,4536,172,103
3083,2024-10-15,61.71,2211,70,103
3083,2024-10-17,98.76,4022,100,103
3083,2024-10-18,88.53,968,52,103
3083,2024-10-19,74.48,2874,120,103
3083,2024-10-20,89.51,3232,172,103
3083,2024-10-21,80.59,4819,145,103
3083,2024-10-22,76.49,1907,92,103
3083,2024-10-23,73.95,4414,44,103
3083,2024-10-24,25.47,4660,78,103
3083,2024-10-25,21.28,1878,102,103
3083,2024-10-26,29.5,3112,198,103
3083,2024-10-27,80.72,3709,53,103
3083,2024-10-28,25.54,3370,12,103
3083,2024-10-30,41.74,3823,53,103
3084,2024-09-03,59.72,2045,160,103
3084,2024-09-06,18.16,1888,51,103
3084,2024-09-07,34.62,2854,155,103
3084,2024-09-08,63.46,610,165,103
3084,2024-09-09,47.58,1894,187,103
3084,2024-09-10,22.09,3764,10,103
3084,2024-09-11,84.79,3307,23,103
3084,2024-09-13,27.48,1046,132,103
3084,2024-09-15,11.69,2397,167,103
3084,2024-09-16,76.36,1191,157,103
3084,2024-09-17,43.37,2144,147,103
3084,2024-09-18,22.1,2940,128,103
3084,2024-09-19,95.47,2320,107,103
3084,2024-09-21,47.79,674,145,103
3084,2024-09-22,53.73,805,92,103
3084,2024-09-23,46.02,3924,24,103
3084,2024-09-24,49.23,1563,110,103
3084,2024-09-25,73.78,3399,12,103
3084,2024-09-26,39.3,4293,54,103
3084,2024-09-27,48.13,4142,118,103
3084,2024-09-28,87.17,1411,62,103
3084,2024-10-02,67.86,2621,82,103
3084,2024-10-03,96.85,2954,45,103
3084,2024-10-05,45.02,2761,83,103
3084,2024-10-06,77.4,4266,55,103
3084,2024-10-07,69.26,3681,143,103
3084,2024-10-08,95.59,759,118,103
3084,2024-10-10,32.59,2894,56,103
3084,2024-10-11,14.05,2772,119,103
3084,2024-10-13,87.25,1319,140,103
3084,2024-10-14,11.78,1208,136,103
3084,2024-10-15,60.82,1912,86,103
3084,2024-10-16,13.71,1881,83,103
3084,2024-10-17,50.08,2684,78,103
3084,2024-10-18,54.66,2294,78,103
3084,2024-10-19,80.28,2108,138,103
3084,2024-10-21,50.38,588,52,103
3084,2024-10-22,36.41,4891,104,103
3084,2024-10-23,44.07,1620,117,103
3084,2024-10-24,13.73,4330,54,103
3084,2024-10-25,49.05,2680,26,103
3084,2024-10-26,98.13,526,162,103
3084,2024-10-27,55.08,3262,170,103
3084,2024-10-29,94.92,1928,33,103
3084,2024-10-30,35.07,3131,161,103
3085,2024-09-01,85.17,766,158,103
3085,2024-09-03,16.99,4000,22,103
3085,2024-09-04,86.18,3863,198,103
3085,2024-09-05,29.99,4638,143,103
3085,2024-09-06,29.11,919,111,103
3085,2024-09-07,17.41,4197,176,103
3085,2024-09-09,47.41,3892,129,103
3085,2024-09-10,88.92,2415,113,103
3085,2024-09-11,82.82,1050,104,103
3085,2024-09-12,89.4,1213,142,103
3085,2024-09-13,56.58,774,25,103
3085,2024-09-14,52.78,1867,157,103
3085,2024-09-16,56.53,3240,20,103
3085,2024-09-17,68.48,3654,15,103
3085,2024-09-18,31.26,3874,119,103
3085,2024-09-19,90.95,2366,190,103
3085,2024-09-20,34.03,3980,161,103
3085,2024-09-21,29.01,3746,133,103
3085,2024-09-22,69.93,682,113,103
3085,2024-09-23,81.23,1485,150,103
3085,2024-09-25,26.51,3861,131,103
3085,2024-09-27,79.85,632,141,103
3085,2024-09-28,68.23,4029,94,103
3085,2024-09-29,78.39,882,109,103
3085,2024-09-30,28.47,3897,62,103
3085,2024-10-01,83.19,4719,187,103
3085,2024-10-02,86.3,4445,112,103
3085,2024-10-03,85.95,3143,15,103
3085,2024-10-05,61.39,1638,40,103
3085,2024-10-06,15.28,3961,189,103
3085,2024-10-08,46.13,4127,17,103
3085,2024-10-09,28.53,1001,27,103
3085,2024-10-10,24.66,621,131,103
3085,2024-10-11,82.86,1952,140,103
3085,2024-10-13,99.57,4895,50,103
3085,2024-10-14,60.57,3929,189,103
3085,2024-10-15,89.52,2171,69,103
3085,2024-10-16,51.18,549,146,103
3085,2024-10-17,84.74,2649,53,103
3085,2024-10-18,36.27,747,62,103
3085,2024-10-19,63.22,2420,32,103
3085,2024-10-20,31.37,3177,87,103
3085,2024-10-21,67.58,657,38,103
3085,2024-10-22,79.76,3928,125,103
3085,2024-10-23,44.23,1971,26,103
3085,2024-10-24,83.76,4097,58,103
3085,2024-10-25,33.26,4845,51,103
3085,2024-10-27,60.53,4699,200,103
3085,2024-10-29,32.08,944,188,103
3085,2024-10-30,88.44,1117,129,103
3086,2024-09-01,20.05,4362,138,103
3086,2024-09-03,67.06,2720,179,103
3086,2024-09-04,20.25,4822,158,103
3086,2024-09-08,68.54,2569,158,103
3086,2024-09-10,91.11,4686,33,103
3086,2024-09-11,27.97,4176,21,103
3086,2024-09-12,14.9,1778,115,103
3086,2024-09-13,13.83,892,62,103
3086,2024-09-14,66.62,757,142,103
3086,2024-09-15,87.96,1037,126,103
3086,2024-09-16,23.52,1856,163,103
3086,2024-09-18,68.62,2924,86,103
3086,2024-09-20,95.19,657,127,103
3086,2024-09-21,55.69,3276,154,103
3086,2024-09-22,68.22,2757,32,103
3086,2024-09-23,58.59,3965,161,103
3086,2024-09-24,74.73,3652,38,103
3086,2024-09-25,52.5,3710,43,103
3086,2024-09-26,12.98,1593,14,103
3086,2024-09-27,20.8,965,172,103
3086,2024-09-29,93.05,2094,182,103
3086,2024-10-01,34.24,3171,162,103
3086,2024-10-02,68.59,2573,95,103
3086,2024-10-04,88.75,548,30,103
3086,2024-10-05,76.22,2918,179,103
3086,2024-10-07,24.61,3563,65,103
3086,2024-10-08,11.67,1237,49,103
3086,2024-10-10,32.38,1996,151,103
3086,2024-10-12,46.46,981,73,103
3086,2024-10-13,68.41,4177,10,103
3086,2024-10-14,77.88,2484,106,103
3086,2024-10-15,86.0,3025,20,103
3086,2024-10-16,30.01,3980,75,103
3086,2024-10-17,17.12,4864,122,103
3086,2024-10-20,11.46,2491,112,103
3086,2024-10-22,88.95,4678,149,103
3086,2024-10-23,41.71,4200,137,103
3086,2024-10-24,43.25,3777,115,103
3086,2024-10-25,27.78,1541,69,103
3086,2024-10-26,44.3,4297,164,103
3086,2024-10-29,62.68,1559,105,103
3086,2024-10-30,61.03,4469,180,103
3087,2024-09-02,14.54,2601,57,103
3087,2024-09-03,44.83,1858,115,103
3087,2024-09-04,21.59,3644,116,103
3087,2024-09-05,96.98,3843,55,103
3087,2024-09-06,41.03,1764,160,103
3087,2024-09-08,95.62,4990,73,103
3087,2024-09-09,77.63,4411,112,103
3087,2024-09-10,51.76,4558,125,103
3087,2024-09-11,43.5,4053,13,103
3087,2024-09-12,32.24,4802,54,103
3087,2024-09-13,95.28,2560,165,103
3087,2024-09-15,28.01,4824,200,103
3087,2024-09-16,78.8,1193,49,103
3087,2024-09-18,12.64,1044,84,103
3087,2024-09-19,68.71,4320,112,103
3087,2024-09-20,65.52,1051,88,103
3087,2024-09-21,69.52,776,82,103
3087,2024-09-22,60.76,2283,86,103
3087,2024-09-23,28.37,4560,92,103
3087,2024-09-24,67.2,4952,130,103
3087,2024-09-25,63.23,4924,121,103
3087,2024-09-26,84.95,3643,86,103
3087,2024-09-27,80.73,1609,85,103
3087,2024-09-29,97.27,1739,24,103
3087,2024-09-30,31.02,2401,17,103
3087,2024-10-01,53.6,3994,119,103
3087,2024-10-02,82.04,2638,153,103
3087,2024-10-04,92.38,4966,18,103
3087,2024-10-05,87.16,3795,146,103
3087,2024-10-06,10.39,4381,178,103
3087,2024-10-07,66.52,522,124,103
3087,2024-10-08,46.81,4810,120,103
3087,2024-10-09,98.04,1752,176,103
3087,2024-10-11,79.41,555,89,103
3087,2024-10-12,94.54,4520,75,103
3087,2024-10-13,24.7,2347,28,103
3087,2024-10-14,53.39,3086,113,103
3087,2024-10-15,14.66,4515,136,103
3087,2024-10-16,25.26,4565,99,103
3087,2024-10-17,47.71,1969,21,103
3087,2024-10-18,40.02,1081,161,103
3087,2024-10-19,53.59,2220,127,103
3087,2024-10-20,36.84,2006,85,103
3087,2024-10-22,86.2,2847,150,103
3087,2024-10-23,80.18,4541,120,103
3087,2024-10-24,77.48,4878,116,103
3087,2024-10-27,15.91,542,187,103
3087,2024-10-29,16.86,1084,130,103
3087,2024-10-30,97.97,3426,32,103
3088,2024-09-01,31.5,1863,147,103
3088,2024-09-02,17.06,3380,108,103
3088,2024-09-03,33.02,1101,152,103
3088,2024-09-05,40.99,4961,199,103
3088,2024-09-06,76.29,1281,92,103
3088,2024-09-08,34.41,3714,181,103
3088,2024-09-09,64.2,1458,111,103
3088,2024-09-10,54.27,4373,10,103
3088,2024-09-11,11.02,2513,13,103
3088,2024-09-12,38.7,3053,40,103
3088,2024-09-13,98.62,2536,164,103
3088,2024-09-15,23.47,1167,148,103
3088,2024-09-16,28.81,3634,110,103
3088,2024-09-19,13.59,4708,105,103
3088,2024-09-21,45.94,2783,170,103
3088,2024-09-23,69.41,4875,148,103
3088,2024-09-24,45.26,1789,165,103
3088,2024-09-25,18.15,3630,82,103
3088,2024-09-26,73.84,2192,62,103
3088,2024-09-27,40.83,3920,43,103
3088,2024-09-28,93.93,4337,86,103
3088,2024-09-29,11.86,4655,23,103
3088,2024-10-02,55.5,4456,20,103
3088,2024-10-03,13.69,1462,163,103
3088,2024-10-04,18.34,2811,66,103
3088,2024-10-05,27.97,1689,109,103
3088,2024-10-06,18.66,4900,80,103
3088,2024-10-07,60.48,3309,51,103
3088,2024-10-09,69.23,1412,162,103
3088,2024-10-10,12.91,4225,185,103
3088,2024-10-11,24.3,648,90,103
3088,2024-10-12,91.45,557,131,103
3088,2024-10-13,34.54,2781,85,103
3088,2024-10-14,72.84,964,146,103
3088,2024-10-15,71.1,1627,173,103
3088,2024-10-17,77.56,2869,109,103
3088,2024-10-18,84.06,3276,196,103
3088,2024-10-19,34.51,4480,109,103
3088,2024-10-21,46.67,2533,93,103
3088,2024-10-22,61.86,522,103,103
3088,2024-10-23,11.22,3648,28,103
3088,2024-10-24,37.11,1562,105,103
3088,2024-10-25,60.0,4173,11,103
3088,2024-10-26,44.94,3787,22,103
3088,2024-10-27,83.13,3722,70,103
3088,2024-10-28,45.62,4055,12,103
3088,2024-10-29,21.63,4849,174,103
3088,2024-10-30,67.0,2678,12,103
3089,2024-09-01,62.9,589,65,103
3089,2024-09-02,63.31,1850,25,103
3089,2024-09-04,12.59,3488,44,103
3089,2024-09-05,33.61,1794,186,103
3089,2024-09-06,94.85,3539,155,103
3089,2024-09-07,63.77,2394,38,103
3089,2024-09-08,84.19,3714,20,103
3089,2024-09-09,74.49,4025,21,103
3089,2024-09-10,97.03,3357,136,103
3089,2024-09-12,33.2,2739,171,103
3089,2024-09-13,22.34,3113,83,103
3089,2024-09-14,96.64,2806,187,103
3089,2024-09-15,39.64,4709,33,103
3089,2024-09-16,11.47,1489,193,103
3089,2024-09-17,45.04,3370,145,103
3089,2024-09-18,89.77,2818,94,103
3089,2024-09-19,46.55,1875,162,103
3089,2024-09-21,21.1,4555,23,103
3089,2024-09-22,46.67,598,70,103
3089,2024-09-24,82.98,1643,89,103
3089,2024-09-25,12.74,585,85,103
3089,2024-09-26,67.63,3953,113,103
3089,2024-09-27,27.71,1015,103,103
3089,2024-09-28,12.45,3567,60,103
3089,2024-09-29,16.11,2387,183,103
3089,2024-09-30,95.6,3966,137,103
3089,2024-10-02,14.86,4813,122,103
3089,2024-10-03,43.61,1968,75,103
3089,2024-10-04,28.83,3173,88,103
3089,2024-10-05,33.88,3575,77,103
3089,2024-10-06,42.88,1295,184,103
3089,2024-10-08,98.88,4330,159,103
3089,2024-10-09,75.04,1508,156,103
3089,2024-10-11,67.87,4798,173,103
3089,2024-10-12,45.81,2960,193,103
3089,2024-10-13,29.33,3204,109,103
3089,2024-10-15,27.53,3140,192,103
3089,2024-10-16,33.75,4268,111,103
3089,2024-10-17,10.62,4339,22,103
3089,2024-10-21,86.28,1226,148,103
3089,2024-10-22,87.0,1321,154,103
3089,2024-10-23,12.3,3448,120,103
3089,2024-10-24,29.53,1676,186,103
3089,2024-10-25,72.87,2242,184,103
3089,2024-10-26,60.9,3816,84,103
3089,2024-10-27,26.74,1592,92,103
3089,2024-10-28,24.75,3734,127,103
3089,2024-10-29,87.35,2030,76,103
3089,2024-10-30,52.61,2439,169,103
3090,2024-09-02,74.88,3270,176,103
3090,2024-09-03,22.3,1993,15,103
3090,2024-09-04,32.62,501,26,103
3090,2024-09-05,27.0,1935,142,103
3090,2024-09-06,22.45,2932,136,103
3090,2024-09-07,64.42,4803,48,103
3090,2024-09-09,70.54,3214,92,103
3090,2024-09-11,34.19,3302,42,103
3090,2024-09-13,93.34,3150,121,103
3090,2024-09-14,64.84,1068,61,103
3090,2024-09-15,29.9,741,10,103
3090,2024-09-16,45.4,2829,72,103
3090,2024-09-17,23.93,4043,170,103
3090,2024-09-18,23.55,1550,136,103
3090,2024-09-19,52.02,2169,29,103
3090,2024-09-20,75.34,776,111,103
3090,2024-09-21,36.89,4416,17,103
3090,2024-09-23,28.66,3461,23,103
3090,2024-09-24,81.78,3244,167,103
3090,2024-09-25,66.15,2992,44,103
3090,2024-09-26,17.63,807,173,103
3090,2024-09-27,73.73,939,43,103
3090,2024-09-29,70.79,4058,131,103
3090,2024-10-01,25.03,4214,117,103
3090,2024-10-02,61.23,519,120,103
3090,2024-10-04,13.6,3816,58,103
3090,2024-10-06,42.11,3805,77,103
3090,2024-10-08,35.45,4168,78,103
3090,2024-10-09,53.71,2211,36,103
3090,2024-10-10,29.58,4468,157,103
3090,2024-10-12,85.79,1133,75,103
3090,2024-10-13,73.55,4000,18,103
3090,2024-10-14,65.82,3080,90,103
3090,2024-10-15,35.39,2200,46,103
3090,2024-10-18,29.48,1579,200,103
3090,2024-10-19,63.14,3621,35,103
3090,2024-10-20,24.13,4989,159,103
3090,2024-10-21,89.25,1111,179,103
3090,2024-10-23,65.43,3280,68,103
3090,2024-10-24,10.37,1099,56,103
3090,2024-10-25,49.32,1838,45,103
3090,2024-10-29,37.38,4577,86,103
3090,2024-10-30,90.06,1823,97,103
3091,2024-09-01,51.5,4628,188,103
3091,2024-09-02,86.25,4605,144,103
3091,2024-09-03,96.87,2179,125,103
3091,2024-09-04,59.14,4457,24,103
3091,2024-09-05,59.2,2876,27,103
3091,2024-09-06,14.45,1131,197,103
3091,2024-09-07,75.1,3531,112,103
3091,2024-09-08,77.28,4894,79,103
3091,2024-09-09,77.77,3158,141,103
3091,2024-09-10,49.94,2706,155,103
3091,2024-09-12,89.52,4936,71,103
3091,2024-09-16,28.12,1477,22,103
3091,2024-09-18,89.21,3917,31,103
3091,2024-09-19,21.92,1310,117,103
3091,2024-09-20,91.08,4183,185,103
3091,2024-09-21,95.6,3207,137,103
3091,2024-09-22,57.05,3765,92,103
3091,2024-09-23,78.28,4543,100,103
3091,2024-09-24,96.95,2587,130,103
3091,2024-09-25,10.51,928,108,103
3091,2024-09-26,40.38,3899,145,103
3091,2024-09-28,15.17,1084,116,103
3091,2024-09-29,32.98,1372,49,103
3091,2024-09-30,33.1,2978,76,103
3091,2024-10-01,56.11,4369,85,103
3091,2024-10-02,82.15,2152,61,103
3091,2024-10-03,92.09,3988,14,103
3091,2024-10-04,31.0,3107,130,103
3091,2024-10-06,50.74,2508,114,103
3091,2024-10-07,89.37,2943,78,103
3091,2024-10-08,29.09,3868,25,103
3091,2024-10-09,81.76,3226,197,103
3091,2024-10-10,65.03,4880,67,103
3091,2024-10-11,64.78,2777,27,103
3091,2024-10-12,70.12,599,159,103
3091,2024-10-14,84.13,4396,162,103
3091,2024-10-15,86.02,4489,44,103
3091,2024-10-17,23.76,2701,38,103
3091,2024-10-18,45.03,2714,144,103
3091,2024-10-19,38.6,846,128,103
3091,2024-10-20,77.82,3593,186,103
3091,2024-10-21,98.91,616,156,103
3091,2024-10-22,67.62,2324,156,103
3091,2024-10-23,11.7,3258,159,103
3091,2024-10-26,69.21,4040,10,103
3091,2024-10-27,65.53,2714,47,103
3091,2024-10-28,82.79,862,69,103
3091,2024-10-30,57.74,1646,95,103
3092,2024-09-01,64.95,643,129,103
3092,2024-09-02,38.1,834,68,103
3092,2024-09-03,76.97,4266,130,103
3092,2024-09-04,49.31,3470,166,103
3092,2024-09-05,95.38,3029,27,103
3092,2024-09-06,48.28,2689,185,103
3092,2024-09-07,24.31,530,138,103
3092,2024-09-08,75.15,3121,174,103
3092,2024-09-09,45.68,4713,80,103
3092,2024-09-10,47.83,2504,175,103
3092,2024-09-12,90.24,755,198,103
3092,2024-09-13,75.03,3586,193,103
3092,2024-09-14,35.2,4262,117,103
3092,2024-09-16,56.47,1308,123,103
3092,2024-09-17,10.22,3800,56,103
3092,2024-09-19,96.99,1208,105,103
3092,2024-09-20,83.08,1239,129,103
3092,2024-09-21,23.46,1701,107,103
3092,2024-09-24,47.29,4995,161,103
3092,2024-09-28,51.42,1683,66,103
3092,2024-09-29,20.71,4617,158,103
3092,2024-09-30,23.64,1902,68,103
3092,2024-10-01,84.48,963,19,103
3092,2024-10-02,81.69,4009,90,103
3092,2024-10-05,66.49,4170,24,103
3092,2024-10-06,59.7,4317,124,103
3092,2024-10-07,73.29,1078,170,103
3092,2024-10-09,38.26,2159,161,103
3092,2024-10-10,98.99,4961,148,103
3092,2024-10-11,13.58,4206,63,103
3092,2024-10-12,15.97,1030,92,103
3092,2024-10-13,15.23,2978,104,103
3092,2024-10-14,64.77,3699,52,103
3092,2024-10-15,59.49,4641,77,103
3092,2024-10-16,49.9,2182,144,103
3092,2024-10-17,24.0,638,185,103
3092,2024-10-18,17.13,2448,161,103
3092,2024-10-19,19.79,1438,171,103
3092,2024-10-21,66.88,3233,198,103
3092,2024-10-22,89.06,4979,35,103
3092,2024-10-23,61.04,4923,143,103
3092,2024-10-24,86.26,1305,140,103
3092,2024-10-27,84.48,557,112,103
3092,2024-10-28,78.44,800,40,103
3092,2024-10-29,62.75,2297,133,103
3093,2024-09-01,22.96,2392,67,103
3093,2024-09-02,73.58,4077,179,103
3093,2024-09-03,91.19,878,72,103
3093,2024-09-04,13.98,4520,93,103
3093,2024-09-05,65.28,4748,196,103
3093,2024-09-08,41.89,4154,13,103
3093,2024-09-10,76.58,1899,178,103
3093,2024-09-12,39.06,3287,171,103
3093,2024-09-13,85.97,3107,122,103
3093,2024-09-14,12.95,1540,174,103
3093,2024-09-15,53.06,2323,142,103
3093,2024-09-16,84.0,2657,21,103
3093,2024-09-17,98.37,4902,63,103
3093,2024-09-18,16.87,1023,88,103
3093,2024-09-21,73.14,1748,68,103
3093,2024-09-25,58.22,4136,39,103
3093,2024-09-26,77.5,4873,164,103
3093,2024-09-27,13.37,4087,125,103
3093,2024-09-28,58.4,1664,69,103
3093,2024-09-29,37.23,2687,101,103
3093,2024-09-30,36.27,3875,131,103
3093,2024-10-01,36.41,2399,118,103
3093,2024-10-02,48.45,2942,15,103
3093,2024-10-03,29.61,1603,166,103
3093,2024-10-04,29.68,4584,139,103
3093,2024-10-05,88.17,3408,159,103
3093,2024-10-07,73.58,1812,163,103
3093,2024-10-09,69.63,2413,36,103
3093,2024-10-10,96.56,2207,191,103
3093,2024-10-11,60.84,1226,94,103
3093,2024-10-12,92.96,2992,174,103
3093,2024-10-13,83.95,2356,54,103
3093,2024-10-14,43.83,3554,27,103
3093,2024-10-15,66.41,2583,147,103
3093,2024-10-16,48.96,3687,16,103
3093,2024-10-19,81.52,4357,191,103
3093,2024-10-20,25.9,1502,98,103
3093,2024-10-21,61.51,4962,82,103
3093,2024-10-22,92.94,4489,78,103
3093,2024-10-23,93.1,1441,118,103
3093,2024-10-24,10.26,607,51,103
3093,2024-10-26,69.8,3813,154,103
3093,2024-10-27,68.1,2848,35,103
3093,2024-10-28,78.69,2740,180,103
3093,2024-10-29,72.91,979,190,103
3093,2024-10-30,83.56,2166,187,103
3094,2024-09-01,50.48,711,198,103
3094,2024-09-03,74.71,1527,147,103
3094,2024-09-04,69.8,2477,61,103
3094,2024-09-06,23.64,3349,17,103
3094,2024-09-07,68.12,3649,191,103
3094,2024-09-09,90.16,3904,106,103
3094,2024-09-10,21.08,3592,116,103
3094,2024-09-11,95.73,512,45,103
3094,2024-09-13,92.37,2776,54,103
3094,2024-09-16,86.41,1548,44,103
3094,2024-09-17,98.1,2700,167,103
3094,2024-09-18,13.57,2210,195,103
3094,2024-09-19,48.1,2308,117,103
3094,2024-09-20,65.55,632,34,103
3094,2024-09-21,50.71,1091,93,103
3094,2024-09-22,37.4,3806,40,103
3094,2024-09-23,12.42,1845,64,103
3094,2024-09-24,87.25,1013,127,103
3094,2024-09-25,45.59,3453,121,103
3094,2024-09-27,82.81,930,38,103
3094,2024-09-28,32.17,1550,107,103
3094,2024-09-29,61.09,3422,198,103
3094,2024-10-01,65.11,3243,101,103
3094,2024-10-02,24.22,1996,134,103
3094,2024-10-03,43.81,2652,33,103
3094,2024-10-04,14.05,2272,150,103
3094,2024-10-05,97.55,3240,97,103
3094,2024-10-06,74.98,2206,79,103
3094,2024-10-09,59.44,4441,46,103
3094,2024-10-10,91.95,2373,156,103
3094,2024-10-11,52.19,2475,69,103
3094,2024-10-12,93.26,2760,106,103
3094,2024-10-13,72.62,3562,185,103
3094,2024-10-14,62.22,2121,48,103
3094,2024-10-15,20.3,4251,144,103
3094,2024-10-16,63.07,3095,64,103
3094,2024-10-17,88.74,566,84,103
3094,2024-10-18,39.0,2497,122,103
3094,2024-10-19,49.19,1276,141,103
3094,2024-10-20,72.85,3563,138,103
3094,2024-10-21,18.99,4890,132,103
3094,2024-10-23,28.55,1190,93,103
3094,2024-10-24,15.84,2374,120,103
3094,2024-10-25,47.13,1351,13,103
3094,2024-10-26,59.37,4995,126,103
3094,2024-10-27,65.36,3820,171,103
3094,2024-10-28,48.09,1555,94,103
3095,2024-09-01,59.31,518,46,103
3095,2024-09-04,32.0,1090,105,103
3095,2024-09-06,76.87,600,113,103
3095,2024-09-07,26.62,944,57,103
3095,2024-09-09,40.17,3245,188,103
3095,2024-09-10,39.38,1631,53,103
3095,2024-09-11,18.6,2869,49,103
3095,2024-09-12,46.8,800,36,103
3095,2024-09-13,33.05,1660,14,103
3095,2024-09-14,87.39,3976,73,103
3095,2024-09-15,76.62,1652,42,103
3095,2024-09-16,22.3,806,18,103
3095,2024-09-18,97.96,1568,57,103
3095,2024-09-19,14.25,3594,45,103
3095,2024-09-20,18.6,879,29,103
3095,2024-09-21,28.7,4876,88,103
3095,2024-09-22,61.83,2076,68,103
3095,2024-09-23,42.73,4735,106,103
3095,2024-09-25,29.32,2492,197,103
3095,2024-09-26,40.2,3872,183,103
3095,2024-09-27,21.36,2992,57,103
3095,2024-09-28,36.86,2940,166,103
3095,2024-09-29,81.37,1919,77,103
3095,2024-09-30,48.7,2083,78,103
3095,2024-10-01,14.91,3421,73,103
3095,2024-10-02,50.84,4379,170,103
3095,2024-10-05,61.56,3453,55,103
3095,2024-10-06,84.73,3418,113,103
3095,2024-10-08,71.95,3642,113,103
3095,2024-10-09,39.93,1043,78,103
3095,2024-10-10,90.75,1791,104,103
3095,2024-10-13,65.76,3912,116,103
3095,2024-10-14,33.99,3526,66,103
3095,2024-10-15,86.41,3538,50,103
3095,2024-10-16,49.74,2718,110,103
3095,2024-10-17,38.6,2411,96,103
3095,2024-10-18,62.25,3840,42,103
3095,2024-10-21,89.94,2546,49,103
3095,2024-10-22,88.97,3680,136,103
3095,2024-10-24,19.29,4389,30,103
3095,2024-10-25,51.19,3927,60,103
3095,2024-10-26,59.23,2339,92,103
3095,2024-10-27,94.62,2847,115,103
3095,2024-10-28,55.02,4015,73,103
3095,2024-10-29,12.35,1329,110,103
3095,2024-10-30,23.24,4353,161,103
3096,2024-09-01,65.43,4975,178,103
3096,2024-09-02,18.66,2339,182,103
3096,2024-09-04,45.43,4721,177,103
3096,2024-09-05,51.57,739,72,103
3096,2024-09-06,82.58,4382,43,103
3096,2024-09-07,52.44,1860,11,103
3096,2024-09-09,65.22,4448,151,103
3096,2024-09-11,90.66,3667,197,103
3096,2024-09-12,28.72,1579,41,103
3096,2024-09-14,27.68,2939,123,103
3096,2024-09-15,39.1,2777,46,103
3096,2024-09-16,99.23,1847,109,103
3096,2024-09-18,77.56,2180,58,103
3096,2024-09-19,51.4,2962,12,103
3096,2024-09-20,83.86,2648,139,103
3096,2024-09-22,70.1,1987,174,103
3096,2024-09-23,91.99,2893,155,103
3096,2024-09-24,65.84,4198,182,103
3096,2024-09-25,71.37,2336,65,103
3096,2024-09-26,64.01,769,36,103
3096,2024-09-28,41.49,725,39,103
3096,2024-09-29,74.66,2729,197,103
3096,2024-09-30,78.53,1166,59,103
3096,2024-10-01,34.5,2727,65,103
3096,2024-10-02,69.93,4448,178,103
3096,2024-10-05,81.51,2805,21,103
3096,2024-10-07,72.22,1225,196,103
3096,2024-10-08,16.4,4056,136,103
3096,2024-10-09,13.39,2556,149,103
3096,2024-10-10,46.04,2817,158,103
3096,2024-10-11,63.13,1180,16,103
3096,2024-10-12,38.04,1823,19,103
3096,2024-10-13,60.56,3917,116,103
3096,2024-10-15,58.99,770,28,103
3096,2024-10-17,32.18,1682,41,103
3096,2024-10-20,90.58,3196,87,103
3096,2024-10-21,89.93,990,63,103
3096,2024-10-22,16.72,1002,188,103
3096,2024-10-23,98.59,1287,134,103
3096,2024-10-26,92.87,3630,25,103
3096,2024-10-27,80.85,1310,189,103
3096,2024-10-30,88.92,1300,159,103
3097,2024-09-01,93.36,632,44,103
3097,2024-09-02,51.75,535,51,103
3097,2024-09-04,82.27,1223,84,103
3097,2024-09-05,21.93,4871,127,103
3097,2024-09-07,22.3,4469,188,103
3097,2024-09-08,93.65,2245,121,103
3097,2024-09-09,55.91,4521,107,103
3097,2024-09-10,48.58,1087,71,103
3097,2024-09-11,96.76,807,173,103
3097,2024-09-12,65.32,1410,178,103
3097,2024-09-14,61.98,2845,53,103
3097,2024-09-15,23.66,3353,82,103
3097,2024-09-17,31.37,3248,65,103
3097,2024-09-18,46.99,4049,179,103
3097,2024-09-19,15.98,4988,74,103
3097,2024-09-21,99.85,1937,177,103
3097,2024-09-22,38.07,1114,10,103
3097,2024-09-23,42.7,4485,194,103
3097,2024-09-26,58.85,2760,143,103
3097,2024-09-27,91.88,3989,109,103
3097,2024-09-28,55.6,2309,24,103
3097,2024-09-29,19.54,3291,120,103
3097,2024-09-30,94.52,3792,63,103
3097,2024-10-01,80.05,2926,47,103
3097,2024-10-03,67.43,1207,126,103
3097,2024-10-04,46.38,3462,113,103
3097,2024-10-05,33.31,565,131,103
3097,2024-10-06,13.86,2908,177,103
3097,2024-10-08,30.02,3597,140,103
3097,2024-10-09,96.49,1974,76,103
3097,2024-10-10,73.04,4146,36,103
3097,2024-10-12,67.44,3873,114,103
3097,2024-10-13,15.31,2727,35,103
3097,2024-10-14,58.27,563,130,103
3097,2024-10-15,27.3,1411,41,103
3097,2024-10-16,81.35,1821,45,103
3097,2024-10-17,59.7,1982,54,103
3097,2024-10-18,35.55,4891,81,103
3097,2024-10-19,87.97,4809,59,103
3097,2024-10-20,64.54,2934,18,103
3097,2024-10-21,18.3,2695,125,103
3097,2024-10-22,20.42,3555,36,103
3097,2024-10-23,94.24,3342,180,103
3097,2024-10-24,86.77,3075,59,103
3097,2024-10-25,80.18,4129,47,103
3097,2024-10-26,67.88,1575,11,103
3097,2024-10-28,20.59,3444,135,103
3097,2024-10-29,13.68,4304,144,103
3097,2024-10-30,21.49,4927,14,103
3098,2024-09-02,37.01,2856,192,103
3098,2024-09-04,16.95,3227,42,103
3098,2024-09-06,91.58,2651,83,103
3098,2024-09-07,46.9,4220,83,103
3098,2024-09-08,66.59,798,54,103
3098,2024-09-09,55.89,2329,15,103
3098,2024-09-10,78.04,4577,153,103
3098,2024-09-11,97.13,2362,128,103
3098,2024-09-12,79.58,1695,34,103
3098,2024-09-13,69.46,4142,74,103
3098,2024-09-17,61.81,3112,94,103
3098,2024-09-18,96.2,4538,105,103
3098,2024-09-19,37.55,670,149,103
3098,2024-09-21,90.53,505,117,103
3098,2024-09-22,48.69,900,186,103
3098,2024-09-23,90.45,4758,165,103
3098,2024-09-25,43.95,897,109,103
3098,2024-09-26,51.37,2413,125,103
3098,2024-09-28,90.43,1179,112,103
3098,2024-09-29,49.97,1263,67,103
3098,2024-09-30,60.41,2948,160,103
3098,2024-10-02,42.19,667,141,103
3098,2024-10-03,53.1,3764,167,103
3098,2024-10-04,67.61,3758,85,103
3098,2024-10-05,51.38,4586,56,103
3098,2024-10-06,88.88,574,146,103
3098,2024-10-07,26.58,1653,74,103
3098,2024-10-08,37.13,539,18,103
3098,2024-10-09,50.89,1532,88,103
3098,2024-10-10,39.79,2520,111,103
3098,2024-10-11,39.49,3269,90,103
3098,2024-10-12,86.13,735,108,103
3098,2024-10-13,54.91,3603,13,103
3098,2024-10-14,24.81,4204,25,103
3098,2024-10-15,78.66,2315,178,103
3098,2024-10-16,81.53,2884,101,103
3098,2024-10-17,30.0,1176,92,103
3098,2024-10-18,92.95,1641,144,103
3098,2024-10-19,14.15,665,45,103
3098,2024-10-20,45.31,1242,123,103
3098,2024-10-21,53.68,1785,163,103
3098,2024-10-22,21.79,2974,32,103
3098,2024-10-23,58.74,1948,40,103
3098,2024-10-24,31.67,1942,113,103
3098,2024-10-25,28.89,540,111,103
3098,2024-10-26,21.36,3407,18,103
3098,2024-10-28,30.76,1785,138,103
3098,2024-10-29,57.85,3435,11,103
3098,2024-10-30,14.06,1280,181,103
3099,2024-09-01,19.56,2460,174,103
3099,2024-09-02,43.63,2348,135,103
3099,2024-09-03,17.63,1006,10,103
3099,2024-09-04,11.95,3298,120,103
3099,2024-09-05,23.16,3289,106,103
3099,2024-09-06,70.93,4532,26,103
3099,2024-09-07,43.16,3032,10,103
3099,2024-09-08,62.14,1668,68,103
3099,2024-09-09,81.45,3319,196,103
3099,2024-09-11,76.86,1178,108,103
3099,2024-09-12,52.19,4878,29,103
3099,2024-09-13,43.92,4113,197,103
3099,2024-09-14,32.06,605,199,103
3099,2024-09-15,36.61,3389,60,103
3099,2024-09-16,72.94,1355,30,103
3099,2024-09-17,97.66,4005,117,103
3099,2024-09-18,40.6,3322,55,103
3099,2024-09-19,68.33,3924,27,103
3099,2024-09-20,80.54,1811,151,103
3099,2024-09-21,73.03,3130,132,103
3099,2024-09-22,46.61,1107,194,103
3099,2024-09-23,24.03,2514,27,103
3099,2024-09-24,45.17,4981,184,103
3099,2024-09-26,66.63,4414,171,103
3099,2024-09-27,40.18,1609,48,103
3099,2024-09-28,53.77,4916,101,103
3099,2024-09-29,16.45,1630,106,103
3099,2024-10-01,35.6,4699,104,103
3099,2024-10-02,92.05,1186,31,103
3099,2024-10-03,23.7,3052,59,103
3099,2024-10-04,12.6,2505,126,103
3099,2024-10-07,77.71,1716,72,103
3099,2024-10-08,16.58,1673,76,103
3099,2024-10-09,63.95,4614,107,103
3099,2024-10-10,28.78,4421,147,103
3099,2024-10-11,19.3,2152,184,103
3099,2024-10-12,40.82,1086,97,103
3099,2024-10-15,18.48,2751,180,103
3099,2024-10-19,48.52,2898,57,103
3099,2024-10-20,87.92,2304,104,103
3099,2024-10-21,23.0,1999,81,103
3099,2024-10-22,41.09,2539,135,103
3099,2024-10-24,45.3,3661,167,103
3099,2024-10-25,46.97,4833,122,103
3099,2024-10-26,62.98,1808,52,103
3099,2024-10-27,82.2,2859,191,103
3099,2024-10-28,20.83,3013,114,103
3099,2024-10-29,38.34,3885,158,103
3099,2024-10-30,61.07,3178,108,103
3100,2024-09-01,40.04,1399,46,103
3100,2024-09-03,47.95,1535,124,103
3100,2024-09-05,26.14,2395,199,103
3100,2024-09-06,11.96,4111,159,103
3100,2024-09-08,88.96,1634,28,103
3100,2024-09-09,19.92,4080,178,103
3100,2024-09-10,10.39,1707,60,103
3100,2024-09-11,54.41,551,83,103
3100,2024-09-14,51.73,1621,105,103
3100,2024-09-15,56.78,925,127,103
3100,2024-09-16,30.72,4839,44,103
3100,2024-09-17,50.75,1679,72,103
3100,2024-09-18,68.06,1778,187,103
3100,2024-09-19,61.06,2709,91,103
3100,2024-09-20,93.03,4499,112,103
3100,2024-09-22,45.59,3834,171,103
3100,2024-09-23,22.66,4761,119,103
3100,2024-09-24,20.15,1633,48,103
3100,2024-09-25,95.42,901,194,103
3100,2024-09-26,36.3,2698,42,103
3100,2024-09-27,32.78,4949,62,103
3100,2024-09-28,77.75,3964,125,103
3100,2024-09-29,44.29,4673,52,103
3100,2024-10-01,64.47,4585,195,103
3100,2024-10-02,17.72,2194,107,103
3100,2024-10-03,40.2,2574,165,103
3100,2024-10-07,12.16,3534,117,103
3100,2024-10-08,74.37,925,39,103
3100,2024-10-10,65.95,1266,154,103
3100,2024-10-12,84.24,507,29,103
3100,2024-10-13,39.86,3707,38,103
3100,2024-10-14,80.84,4846,193,103
3100,2024-10-15,73.76,991,148,103
3100,2024-10-17,57.15,4674,157,103
3100,2024-10-18,75.54,792,83,103
3100,2024-10-19,16.13,2808,25,103
3100,2024-10-20,15.75,3823,108,103
3100,2024-10-22,71.84,3204,58,103
3100,2024-10-23,68.91,2748,141,103
3100,2024-10-24,52.96,4252,91,103
3100,2024-10-25,14.49,844,169,103
3100,2024-10-26,19.28,3803,142,103
3100,2024-10-28,50.26,4489,125,103
3100,2024-10-29,13.25,804,49,103
3101,2024-09-02,46.43,4818,187,103
3101,2024-09-03,73.3,4462,189,103
3101,2024-09-04,18.41,3496,142,103
3101,2024-09-06,81.89,3960,38,103
3101,2024-09-07,61.42,3657,122,103
3101,2024-09-08,76.23,4770,61,103
3101,2024-09-09,24.38,1037,131,103
3101,2024-09-11,87.84,3226,147,103
3101,2024-09-12,27.06,3420,174,103
3101,2024-09-13,62.93,3956,93,103
3101,2024-09-14,23.5,3527,73,103
3101,2024-09-15,31.55,2527,158,103
3101,2024-09-16,79.34,4671,51,103
3101,2024-09-17,44.91,1663,34,103
3101,2024-09-18,79.91,4448,95,103
3101,2024-09-19,15.99,3205,148,103
3101,2024-09-22,53.64,2204,11,103
3101,2024-09-25,80.98,3293,62,103
3101,2024-09-26,84.32,1964,132,103
3101,2024-09-28,60.42,2318,75,103
3101,2024-09-29,67.42,1001,52,103
3101,2024-09-30,88.73,3536,86,103
3101,2024-10-01,97.15,536,149,103
3101,2024-10-02,27.14,562,147,103
3101,2024-10-05,74.99,565,173,103
3101,2024-10-06,84.58,1867,133,103
3101,2024-10-08,92.79,1449,40,103
3101,2024-10-10,22.62,1550,187,103
3101,2024-10-11,68.72,3694,60,103
3101,2024-10-12,64.23,570,123,103
3101,2024-10-14,14.32,1659,193,103
3101,2024-10-16,36.57,2877,135,103
3101,2024-10-17,71.0,924,99,103
3101,2024-10-18,53.51,4162,130,103
3101,2024-10-19,65.71,3999,40,103
3101,2024-10-20,62.43,4389,37,103
3101,2024-10-21,73.88,4059,99,103
3101,2024-10-23,50.97,2924,20,103
3101,2024-10-24,75.11,3593,144,103
3101,2024-10-26,80.11,631,14,103
3101,2024-10-27,43.0,1822,82,103
3101,2024-10-30,74.14,2107,127,103
3102,2024-09-01,96.15,1993,42,103
3102,2024-09-03,78.42,2497,169,103
3102,2024-09-04,51.28,3464,187,103
3102,2024-09-05,70.46,3951,22,103
3102,2024-09-07,80.97,1436,31,103
3102,2024-09-09,77.07,1287,21,103
3102,2024-09-10,73.8,1740,117,103
3102,2024-09-11,55.35,1602,112,103
3102,2024-09-12,61.46,2211,181,103
3102,2024-09-13,52.19,3254,163,103
3102,2024-09-14,60.07,2165,66,103
3102,2024-09-15,55.68,2195,101,103
3102,2024-09-16,18.03,2031,37,103
3102,2024-09-17,46.26,1247,74,103
3102,2024-09-18,97.33,4639,115,103
3102,2024-09-20,35.53,2466,49,103
3102,2024-09-21,28.69,4553,187,103
3102,2024-09-22,69.17,3967,103,103
3102,2024-09-23,56.66,3042,110,103
3102,2024-09-24,33.75,1863,194,103
3102,2024-09-25,21.57,521,20,103
3102,2024-09-27,76.12,1657,15,103
3102,2024-09-28,69.77,1207,87,103
3102,2024-09-29,43.93,643,91,103
3102,2024-09-30,12.17,3268,81,103
3102,2024-10-01,22.89,1438,112,103
3102,2024-10-03,15.13,2123,70,103
3102,2024-10-04,47.87,2278,107,103
3102,2024-10-05,78.64,2144,13,103
3102,2024-10-06,15.24,808,160,103
3102,2024-10-07,83.87,2423,26,103
3102,2024-10-08,56.89,529,89,103
3102,2024-10-10,14.04,4814,174,103
3102,2024-10-12,72.91,2782,26,103
3102,2024-10-13,89.27,1972,169,103
3102,2024-10-14,65.95,2385,22,103
3102,2024-10-16,67.0,3917,118,103
3102,2024-10-17,79.33,3726,53,103
3102,2024-10-18,67.84,4693,31,103
3102,2024-10-19,22.34,4015,143,103
3102,2024-10-20,86.77,2982,127,103
3102,2024-10-27,99.42,1223,19,103
3102,2024-10-29,95.22,2503,12,103
3103,2024-09-01,93.69,4168,168,103
3103,2024-09-02,98.09,1275,152,103
3103,2024-09-03,21.23,3026,45,103
3103,2024-09-04,64.58,4386,114,103
3103,2024-09-05,42.04,735,196,103
3103,2024-09-06,83.11,3999,132,103
3103,2024-09-07,18.85,4557,132,103
3103,2024-09-08,90.81,4848,148,103
3103,2024-09-10,93.42,4042,149,103
3103,2024-09-11,69.83,3428,16,103
3103,2024-09-12,68.93,1822,127,103
3103,2024-09-14,24.3,3982,120,103
3103,2024-09-15,56.33,4717,12,103
3103,2024-09-16,71.9,4166,174,103
3103,2024-09-17,95.46,3161,53,103
3103,2024-09-18,92.51,4905,165,103
3103,2024-09-19,36.23,2481,91,103
3103,2024-09-20,19.56,3149,97,103
3103,2024-09-21,53.22,1747,121,103
3103,2024-09-22,64.29,4563,107,103
3103,2024-09-23,59.41,2039,152,103
3103,2024-09-24,76.78,701,91,103
3103,2024-09-25,16.52,2883,41,103
3103,2024-09-27,95.25,3674,94,103
3103,2024-09-28,62.44,1073,45,103
3103,2024-09-29,95.41,3387,111,103
3103,2024-09-30,18.35,4865,122,103
3103,2024-10-01,20.27,3026,144,103
3103,2024-10-02,15.05,3457,21,103
3103,2024-10-03,64.31,2645,79,103
3103,2024-10-04,67.47,4783,124,103
3103,2024-10-05,90.01,3363,173,103
3103,2024-10-06,14.48,2408,174,103
3103,2024-10-07,22.72,2107,14,103
3103,2024-10-08,75.8,1728,97,103
3103,2024-10-09,15.74,4654,110,103
3103,2024-10-11,34.77,688,112,103
3103,2024-10-12,64.07,1722,56,103
3103,2024-10-13,86.59,3842,164,103
3103,2024-10-14,20.72,628,108,103
3103,2024-10-15,13.77,4583,173,103
3103,2024-10-16,94.64,2643,54,103
3103,2024-10-18,48.11,2626,189,103
3103,2024-10-20,31.53,2861,16,103
3103,2024-10-21,39.4,1253,174,103
3103,2024-10-23,95.14,3510,114,103
3103,2024-10-24,91.75,2594,22,103
3103,2024-10-25,58.85,4538,63,103
3103,2024-10-26,37.35,3552,66,103
3103,2024-10-27,75.21,2799,107,103
3103,2024-10-28,90.67,4894,179,103
3103,2024-10-30,88.66,2127,180,103
3104,2024-09-01,34.09,2124,85,103
3104,2024-09-02,87.05,3393,177,103
3104,2024-09-03,48.61,1810,116,103
3104,2024-09-05,98.08,2955,142,103
3104,2024-09-06,23.88,4274,131,103
3104,2024-09-07,52.39,4660,165,103
3104,2024-09-08,24.32,3846,166,103
3104,2024-09-09,69.12,2562,86,103
3104,2024-09-10,97.79,4027,162,103
3104,2024-09-11,87.99,759,101,103
3104,2024-09-12,75.17,3003,91,103
3104,2024-09-14,74.87,1932,146,103
3104,2024-09-15,51.71,567,23,103
3104,2024-09-16,35.23,2106,155,103
3104,2024-09-17,52.07,2361,199,103
3104,2024-09-18,22.77,3078,79,103
3104,2024-09-19,92.99,539,71,103
3104,2024-09-20,12.57,3954,45,103
3104,2024-09-21,99.35,1400,100,103
3104,2024-09-22,21.94,539,86,103
3104,2024-09-24,26.65,1271,89,103
3104,2024-09-25,30.43,1030,45,103
3104,2024-09-27,79.46,2404,67,103
3104,2024-09-29,84.92,3208,58,103
3104,2024-09-30,74.94,1323,38,103
3104,2024-10-01,69.11,739,80,103
3104,2024-10-03,42.22,4274,77,103
3104,2024-10-04,49.07,3615,56,103
3104,2024-10-06,72.27,4789,103,103
3104,2024-10-07,57.57,3367,99,103
3104,2024-10-08,95.91,2626,171,103
3104,2024-10-13,62.61,3155,34,103
3104,2024-10-14,69.9,2993,98,103
3104,2024-10-16,71.58,4217,188,103
3104,2024-10-17,78.84,1611,131,103
3104,2024-10-18,86.07,3905,126,103
3104,2024-10-19,49.8,3656,34,103
3104,2024-10-21,17.82,3100,131,103
3104,2024-10-22,48.09,1866,118,103
3104,2024-10-23,19.14,3975,17,103
3104,2024-10-24,57.31,4687,177,103
3104,2024-10-25,24.38,985,118,103
3104,2024-10-26,17.55,4034,71,103
3104,2024-10-27,85.97,3252,28,103
3104,2024-10-28,54.47,985,89,103
3104,2024-10-29,74.1,4922,46,103
3105,2024-09-01,70.95,3930,122,103
3105,2024-09-02,82.34,1919,65,103
3105,2024-09-03,30.62,4850,152,103
3105,2024-09-04,13.46,4613,98,103
3105,2024-09-06,36.26,1747,24,103
3105,2024-09-07,64.7,2484,112,103
3105,2024-09-08,14.16,1685,151,103
3105,2024-09-09,75.01,1377,73,103
3105,2024-09-10,52.42,3539,123,103
3105,2024-09-11,26.63,1023,38,103
3105,2024-09-12,36.35,698,83,103
3105,2024-09-13,27.47,1196,143,103
3105,2024-09-15,36.92,4070,167,103
3105,2024-09-16,92.38,1192,19,103
3105,2024-09-17,87.02,4463,133,103
3105,2024-09-18,67.83,3127,14,103
3105,2024-09-19,71.5,1439,182,103
3105,2024-09-21,45.08,3283,26,103
3105,2024-09-23,24.56,1413,119,103
3105,2024-09-24,65.29,938,197,103
3105,2024-09-25,30.57,1774,50,103
3105,2024-09-26,59.5,3752,155,103
3105,2024-09-29,71.15,4064,133,103
3105,2024-09-30,12.42,1621,154,103
3105,2024-10-01,50.61,508,123,103
3105,2024-10-02,41.16,1163,105,103
3105,2024-10-04,34.67,918,12,103
3105,2024-10-06,21.78,3590,200,103
3105,2024-10-08,54.49,780,64,103
3105,2024-10-09,37.87,3336,24,103
3105,2024-10-10,38.46,3774,125,103
3105,2024-10-12,68.37,889,79,103
3105,2024-10-13,80.28,2185,79,103
3105,2024-10-14,72.08,3350,86,103
3105,2024-10-15,58.28,1697,71,103
3105,2024-10-17,18.66,1118,72,103
3105,2024-10-19,50.18,1087,22,103
3105,2024-10-21,31.93,2800,106,103
3105,2024-10-22,59.09,1808,48,103
3105,2024-10-23,31.15,4980,53,103
3105,2024-10-24,31.24,758,150,103
3105,2024-10-25,71.66,1129,182,103
3105,2024-10-26,20.94,3867,66,103
3105,2024-10-27,10.81,4902,154,103
3105,2024-10-28,71.22,4423,72,103
3105,2024-10-29,64.02,4316,140,103
3105,2024-10-30,37.56,4482,119,103
3106,2024-09-01,14.16,689,100,103
3106,2024-09-02,33.13,1316,22,103
3106,2024-09-05,49.03,2703,153,103
3106,2024-09-06,81.48,4867,165,103
3106,2024-09-07,26.23,4258,11,103
3106,2024-09-08,17.28,1402,159,103
3106,2024-09-10,81.87,2989,102,103
3106,2024-09-11,42.7,4371,46,103
3106,2024-09-12,40.97,3690,39,103
3106,2024-09-13,50.82,4583,30,103
3106,2024-09-14,50.15,1452,186,103
3106,2024-09-16,47.37,1658,118,103
3106,2024-09-17,41.89,1372,44,103
3106,2024-09-18,78.84,3626,122,103
3106,2024-09-19,94.6,3549,103,103
3106,2024-09-20,51.29,2102,149,103
3106,2024-09-22,77.27,881,52,103
3106,2024-09-23,29.57,2864,180,103
3106,2024-09-24,16.2,2934,110,103
3106,2024-09-26,48.18,2289,10,103
3106,2024-09-27,71.2,1086,127,103
3106,2024-09-28,18.71,2942,54,103
3106,2024-09-29,19.2,2020,85,103
3106,2024-09-30,20.14,3750,146,103
3106,2024-10-01,28.65,3905,77,103
3106,2024-10-02,85.75,3680,90,103
3106,2024-10-03,97.93,3674,161,103
3106,2024-10-04,53.47,678,65,103
3106,2024-10-05,60.29,2395,10,103
3106,2024-10-06,58.72,4484,184,103
3106,2024-10-07,67.66,3789,196,103
3106,2024-10-08,85.86,3322,157,103
3106,2024-10-10,23.05,1430,179,103
3106,2024-10-11,53.43,972,108,103
3106,2024-10-12,30.07,1027,21,103
3106,2024-10-14,76.85,1689,158,103
3106,2024-10-15,58.89,1895,42,103
3106,2024-10-16,35.27,1516,142,103
3106,2024-10-17,17.88,1435,124,103
3106,2024-10-18,79.54,3780,176,103
3106,2024-10-19,84.46,3241,183,103
3106,2024-10-20,65.15,4765,177,103
3106,2024-10-21,61.89,2833,158,103
3106,2024-10-22,66.19,965,90,103
3106,2024-10-23,88.14,1372,135,103
3106,2024-10-24,35.12,3852,95,103
3106,2024-10-26,76.4,4878,179,103
3106,2024-10-27,94.64,577,120,103
3106,2024-10-28,29.01,3067,114,103
3106,2024-10-30,46.71,1271,53,103
